
  __    _   ___  
 / /\  | | | |_) 
/_/--\ |_| |_| \_ v1.52.3, built with Go go1.23.12

watching .
watching config
watching database
watching handler
watching middleware
watching models
watching repository
watching router
watching services
!exclude tmp
watching utils
building...
running...
2026/08/12 05:28:25 &{localhost 8080 dev} &{user user1 3306 lesson db} &{redis 6379  0}
2026/08/12 05:28:25 init redis
2026/08/12 05:28:25 sql Open attempt 1/5 failed: dial tcp 172.20.0.4:3306: connect: connection refused
2026/08/12 05:28:27 sql Open success
[GIN-debug] [WARNING] Running in "debug" mode. Switch to "release" mode in production.
 - using env:	export GIN_MODE=release
 - using code:	gin.SetMode(gin.ReleaseMode)

[GIN-debug] POST   /api/v1/teacher/login     --> backend/handler.(*AuthHandler).TeacherLogin-fm (2 handlers)
[GIN-debug] POST   /api/v1/student/login     --> backend/handler.(*AuthHandler).StudentLogin-fm (2 handlers)
[GIN-debug] POST   /api/v1/Logout            --> backend/handler.(*AuthHandler).Logout-fm (2 handlers)
[GIN-debug] POST   /api/v1/teacher/create    --> backend/handler.(*TeacherHandler).Create-fm (2 handlers)
[GIN-debug] POST   /api/v1/student/create    --> backend/handler.(*StudentHandler).Create-fm (2 handlers)
[GIN-debug] GET    /api/v1/students/         --> backend/handler.(*StudentHandler).List-fm (3 handlers)
[GIN-debug] GET    /api/v1/students/:id      --> backend/handler.(*StudentHandler).GetByID-fm (3 handlers)
[GIN-debug] PUT    /api/v1/students/:id      --> backend/handler.(*StudentHandler).Update-fm (3 handlers)
[GIN-debug] DELETE /api/v1/students/:id      --> backend/handler.(*StudentHandler).Delete-fm (3 handlers)
[GIN-debug] GET    /api/v1/students/student/:id --> backend/handler.(*StudentHandler).GetLessonByID-fm (3 handlers)
[GIN-debug] POST   /api/v1/lessons/          --> backend/handler.(*LessonHandler).Create-fm (2 handlers)
[GIN-debug] GET    /api/v1/lessons/          --> backend/handler.(*LessonHandler).List-fm (3 handlers)
[GIN-debug] PUT    /api/v1/lessons/:id       --> backend/handler.(*LessonHandler).Update-fm (3 handlers)
[GIN-debug] DELETE /api/v1/lessons/:id       --> backend/handler.(*LessonHandler).Delete-fm (3 handlers)
[GIN-debug] GET    /api/v1/teachers/         --> backend/handler.(*TeacherHandler).List-fm (3 handlers)
[GIN-debug] GET    /api/v1/teachers/:id      --> backend/handler.(*TeacherHandler).GetByID-fm (3 handlers)
[GIN-debug] PUT    /api/v1/teachers/:id      --> backend/handler.(*TeacherHandler).Update-fm (3 handlers)
[GIN-debug] DELETE /api/v1/teachers/:id      --> backend/handler.(*TeacherHandler).Delete-fm (3 handlers)
[GIN-debug] GET    /api/v1/lessons/:id/lessonList --> backend/handler.(*TeacherHandler).GetLessonByID-fm (3 handlers)
[GIN-debug] [WARNING] You trusted all proxies, this is NOT safe. We recommend you to set a value.
Please check https://pkg.go.dev/github.com/gin-gonic/gin#readme-don-t-trust-all-proxies for details.
[GIN-debug] Listening and serving HTTP on :8080
2026/08/12 06:19:09 Checking session in Redis with key: lesson_session:624ba02afa4d2bb6114b2b5c0e2ddeb9
2026/08/12 06:19:09 Checking session in Redis with key: lesson_session:624ba02afa4d2bb6114b2b5c0e2ddeb9
Retrieved and deleted value: teacher:1
2026/08/12 06:29:15 Checking session in Redis with key: lesson_session:e24c90c09bdd6d329c46705f47c4bf37
2026/08/12 06:29:15 Checking session in Redis with key: lesson_session:e24c90c09bdd6d329c46705f47c4bf37
utils/lesson.go has changed
building...
utils/lesson.go:1:1: expected 'package', found 'EOF'
failed to build, error: exit status 1
utils/lesson.go has changed
building...
running...
2026/08/12 06:33:24 &{localhost 8080 dev} &{user user1 3306 lesson db} &{redis 6379  0}
2026/08/12 06:33:24 init redis
2026/08/12 06:33:24 sql Open success
[GIN-debug] [WARNING] Running in "debug" mode. Switch to "release" mode in production.
 - using env:	export GIN_MODE=release
 - using code:	gin.SetMode(gin.ReleaseMode)

[GIN-debug] POST   /api/v1/teacher/login     --> backend/handler.(*AuthHandler).TeacherLogin-fm (2 handlers)
[GIN-debug] POST   /api/v1/student/login     --> backend/handler.(*AuthHandler).StudentLogin-fm (2 handlers)
[GIN-debug] POST   /api/v1/Logout            --> backend/handler.(*AuthHandler).Logout-fm (2 handlers)
[GIN-debug] POST   /api/v1/teacher/create    --> backend/handler.(*TeacherHandler).Create-fm (2 handlers)
[GIN-debug] POST   /api/v1/student/create    --> backend/handler.(*StudentHandler).Create-fm (2 handlers)
[GIN-debug] GET    /api/v1/students/         --> backend/handler.(*StudentHandler).List-fm (3 handlers)
[GIN-debug] GET    /api/v1/students/:id      --> backend/handler.(*StudentHandler).GetByID-fm (3 handlers)
[GIN-debug] PUT    /api/v1/students/:id      --> backend/handler.(*StudentHandler).Update-fm (3 handlers)
[GIN-debug] DELETE /api/v1/students/:id      --> backend/handler.(*StudentHandler).Delete-fm (3 handlers)
[GIN-debug] GET    /api/v1/students/student/:id --> backend/handler.(*StudentHandler).GetLessonByID-fm (3 handlers)
[GIN-debug] POST   /api/v1/lessons/          --> backend/handler.(*LessonHandler).Create-fm (2 handlers)
[GIN-debug] GET    /api/v1/lessons/          --> backend/handler.(*LessonHandler).List-fm (3 handlers)
[GIN-debug] PUT    /api/v1/lessons/:id       --> backend/handler.(*LessonHandler).Update-fm (3 handlers)
[GIN-debug] DELETE /api/v1/lessons/:id       --> backend/handler.(*LessonHandler).Delete-fm (3 handlers)
[GIN-debug] GET    /api/v1/teachers/         --> backend/handler.(*TeacherHandler).List-fm (3 handlers)
[GIN-debug] GET    /api/v1/teachers/:id      --> backend/handler.(*TeacherHandler).GetByID-fm (3 handlers)
[GIN-debug] PUT    /api/v1/teachers/:id      --> backend/handler.(*TeacherHandler).Update-fm (3 handlers)
[GIN-debug] DELETE /api/v1/teachers/:id      --> backend/handler.(*TeacherHandler).Delete-fm (3 handlers)
[GIN-debug] GET    /api/v1/lessons/:id/lessonList --> backend/handler.(*TeacherHandler).GetLessonByID-fm (3 handlers)
[GIN-debug] [WARNING] You trusted all proxies, this is NOT safe. We recommend you to set a value.
Please check https://pkg.go.dev/github.com/gin-gonic/gin#readme-don-t-trust-all-proxies for details.
[GIN-debug] Listening and serving HTTP on :8080
utils/lesson.go has changed
building...
running...
2026/08/12 06:33:27 &{localhost 8080 dev} &{user user1 3306 lesson db} &{redis 6379  0}
2026/08/12 06:33:27 init redis
2026/08/12 06:33:27 sql Open success
[GIN-debug] POST   /api/v1/teacher/login     --> backend/handler.(*AuthHandler).TeacherLogin-fm (2 handlers)
[GIN-debug] POST   /api/v1/student/login     --> backend/handler.(*AuthHandler).StudentLogin-fm (2 handlers)
[GIN-debug] POST   /api/v1/Logout            --> backend/handler.(*AuthHandler).Logout-fm (2 handlers)
[GIN-debug] [WARNING] Running in "debug" mode. Switch to "release" mode in production.
 - using env:	export GIN_MODE=release
 - using code:	gin.SetMode(gin.ReleaseMode)

[GIN-debug] POST   /api/v1/teacher/create    --> backend/handler.(*TeacherHandler).Create-fm (2 handlers)
[GIN-debug] POST   /api/v1/student/create    --> backend/handler.(*StudentHandler).Create-fm (2 handlers)
[GIN-debug] GET    /api/v1/students/         --> backend/handler.(*StudentHandler).List-fm (3 handlers)
[GIN-debug] GET    /api/v1/students/:id      --> backend/handler.(*StudentHandler).GetByID-fm (3 handlers)
[GIN-debug] PUT    /api/v1/students/:id      --> backend/handler.(*StudentHandler).Update-fm (3 handlers)
[GIN-debug] DELETE /api/v1/students/:id      --> backend/handler.(*StudentHandler).Delete-fm (3 handlers)
[GIN-debug] GET    /api/v1/students/student/:id --> backend/handler.(*StudentHandler).GetLessonByID-fm (3 handlers)
[GIN-debug] POST   /api/v1/lessons/          --> backend/handler.(*LessonHandler).Create-fm (2 handlers)
[GIN-debug] GET    /api/v1/lessons/          --> backend/handler.(*LessonHandler).List-fm (3 handlers)
[GIN-debug] PUT    /api/v1/lessons/:id       --> backend/handler.(*LessonHandler).Update-fm (3 handlers)
[GIN-debug] DELETE /api/v1/lessons/:id       --> backend/handler.(*LessonHandler).Delete-fm (3 handlers)
[GIN-debug] GET    /api/v1/teachers/         --> backend/handler.(*TeacherHandler).List-fm (3 handlers)
[GIN-debug] GET    /api/v1/teachers/:id      --> backend/handler.(*TeacherHandler).GetByID-fm (3 handlers)
[GIN-debug] PUT    /api/v1/teachers/:id      --> backend/handler.(*TeacherHandler).Update-fm (3 handlers)
[GIN-debug] DELETE /api/v1/teachers/:id      --> backend/handler.(*TeacherHandler).Delete-fm (3 handlers)
[GIN-debug] GET    /api/v1/lessons/:id/lessonList --> backend/handler.(*TeacherHandler).GetLessonByID-fm (3 handlers)
[GIN-debug] [WARNING] You trusted all proxies, this is NOT safe. We recommend you to set a value.
Please check https://pkg.go.dev/github.com/gin-gonic/gin#readme-don-t-trust-all-proxies for details.
[GIN-debug] Listening and serving HTTP on :8080
utils/lesson.go has changed
building...
# backend/utils
utils/lesson.go:4:5: syntax error: unexpected EOF, expected name
failed to build, error: exit status 1
utils/lesson.go has changed
building...
# backend/utils
utils/lesson.go:4:11: syntax error: unexpected EOF, expected type
failed to build, error: exit status 1
utils/lesson.go has changed
building...
# backend/utils
utils/lesson.go:4:38: syntax error: unexpected EOF, expected }
failed to build, error: exit status 1
utils/lesson.go has changed
building...
running...
2026/08/12 06:34:03 &{localhost 8080 dev} &{user user1 3306 lesson db} &{redis 6379  0}
2026/08/12 06:34:03 init redis
2026/08/12 06:34:03 sql Open success
[GIN-debug] POST   /api/v1/teacher/login     --> backend/handler.(*AuthHandler).TeacherLogin-fm (2 handlers)
[GIN-debug] POST   /api/v1/student/login     --> backend/handler.(*AuthHandler).StudentLogin-fm (2 handlers)
[GIN-debug] POST   /api/v1/Logout            --> backend/handler.(*AuthHandler).Logout-fm (2 handlers)
[GIN-debug] POST   /api/v1/teacher/create    --> backend/handler.(*TeacherHandler).Create-fm (2 handlers)
[GIN-debug] POST   /api/v1/student/create    --> backend/handler.(*StudentHandler).Create-fm (2 handlers)
[GIN-debug] GET    /api/v1/students/         --> backend/handler.(*StudentHandler).List-fm (3 handlers)
[GIN-debug] GET    /api/v1/students/:id      --> backend/handler.(*StudentHandler).GetByID-fm (3 handlers)
[GIN-debug] PUT    /api/v1/students/:id      --> backend/handler.(*StudentHandler).Update-fm (3 handlers)
[GIN-debug] DELETE /api/v1/students/:id      --> backend/handler.(*StudentHandler).Delete-fm (3 handlers)
[GIN-debug] GET    /api/v1/students/student/:id --> backend/handler.(*StudentHandler).GetLessonByID-fm (3 handlers)
[GIN-debug] POST   /api/v1/lessons/          --> backend/handler.(*LessonHandler).Create-fm (2 handlers)
[GIN-debug] GET    /api/v1/lessons/          --> backend/handler.(*LessonHandler).List-fm (3 handlers)
[GIN-debug] PUT    /api/v1/lessons/:id       --> backend/handler.(*LessonHandler).Update-fm (3 handlers)
[GIN-debug] [WARNING] Running in "debug" mode. Switch to "release" mode in production.
 - using env:	export GIN_MODE=release
 - using code:	gin.SetMode(gin.ReleaseMode)

[GIN-debug] DELETE /api/v1/lessons/:id       --> backend/handler.(*LessonHandler).Delete-fm (3 handlers)
[GIN-debug] GET    /api/v1/teachers/         --> backend/handler.(*TeacherHandler).List-fm (3 handlers)
[GIN-debug] GET    /api/v1/teachers/:id      --> backend/handler.(*TeacherHandler).GetByID-fm (3 handlers)
[GIN-debug] PUT    /api/v1/teachers/:id      --> backend/handler.(*TeacherHandler).Update-fm (3 handlers)
[GIN-debug] DELETE /api/v1/teachers/:id      --> backend/handler.(*TeacherHandler).Delete-fm (3 handlers)
[GIN-debug] GET    /api/v1/lessons/:id/lessonList --> backend/handler.(*TeacherHandler).GetLessonByID-fm (3 handlers)
[GIN-debug] [WARNING] You trusted all proxies, this is NOT safe. We recommend you to set a value.
Please check https://pkg.go.dev/github.com/gin-gonic/gin#readme-don-t-trust-all-proxies for details.
[GIN-debug] Listening and serving HTTP on :8080
utils/lesson.go has changed
building...
# backend/utils
utils/lesson.go:4:27: undefined: strig
failed to build, error: exit status 1
utils/lesson.go has changed
building...
# backend/utils
utils/lesson.go:5:2: cannot use 0 (untyped int constant) as string value in map literal
utils/lesson.go:6:2: cannot use 1 (untyped int constant) as string value in map literal
utils/lesson.go:7:2: cannot use 2 (untyped int constant) as string value in map literal
failed to build, error: exit status 1
utils/lesson.go has changed
building...
# backend/utils
utils/lesson.go:5:2: cannot use 0 (untyped int constant) as string value in map literal
utils/lesson.go:6:2: cannot use 1 (untyped int constant) as string value in map literal
utils/lesson.go:7:2: cannot use 2 (untyped int constant) as string value in map literal
failed to build, error: exit status 1
utils/lesson.go has changed
building...
# backend/utils
utils/lesson.go:5:2: cannot use 0 (untyped int constant) as string value in map literal
utils/lesson.go:6:2: cannot use 1 (untyped int constant) as string value in map literal
utils/lesson.go:7:2: cannot use 2 (untyped int constant) as string value in map literal
failed to build, error: exit status 1
utils/lesson.go has changed
building...
# backend/utils
utils/lesson.go:5:2: cannot use 0 (untyped int constant) as string value in map literal
utils/lesson.go:6:2: cannot use 1 (untyped int constant) as string value in map literal
utils/lesson.go:7:2: cannot use 2 (untyped int constant) as string value in map literal
failed to build, error: exit status 1
utils/lesson.go has changed
building...
# backend/utils
utils/lesson.go:5:2: cannot use 0 (untyped int constant) as string value in map literal
utils/lesson.go:6:2: cannot use 1 (untyped int constant) as string value in map literal
utils/lesson.go:7:2: cannot use 2 (untyped int constant) as string value in map literal
failed to build, error: exit status 1
utils/lesson.go has changed
building...
# backend/utils
utils/lesson.go:6:2: cannot use 1 (untyped int constant) as string value in map literal
utils/lesson.go:7:2: cannot use 2 (untyped int constant) as string value in map literal
failed to build, error: exit status 1
utils/lesson.go has changed
building...
# backend/utils
utils/lesson.go:7:2: cannot use 2 (untyped int constant) as string value in map literal
failed to build, error: exit status 1
utils/lesson.go has changed
building...
running...
2026/08/12 06:34:31 &{localhost 8080 dev} &{user user1 3306 lesson db} &{redis 6379  0}
2026/08/12 06:34:31 init redis
2026/08/12 06:34:31 sql Open success
[GIN-debug] [WARNING] Running in "debug" mode. Switch to "release" mode in production.
 - using env:	export GIN_MODE=release
 - using code:	gin.SetMode(gin.ReleaseMode)

[GIN-debug] POST   /api/v1/teacher/login     --> backend/handler.(*AuthHandler).TeacherLogin-fm (2 handlers)
[GIN-debug] POST   /api/v1/student/login     --> backend/handler.(*AuthHandler).StudentLogin-fm (2 handlers)
[GIN-debug] POST   /api/v1/Logout            --> backend/handler.(*AuthHandler).Logout-fm (2 handlers)
[GIN-debug] POST   /api/v1/teacher/create    --> backend/handler.(*TeacherHandler).Create-fm (2 handlers)
[GIN-debug] POST   /api/v1/student/create    --> backend/handler.(*StudentHandler).Create-fm (2 handlers)
[GIN-debug] GET    /api/v1/students/         --> backend/handler.(*StudentHandler).List-fm (3 handlers)
[GIN-debug] GET    /api/v1/students/:id      --> backend/handler.(*StudentHandler).GetByID-fm (3 handlers)
[GIN-debug] PUT    /api/v1/students/:id      --> backend/handler.(*StudentHandler).Update-fm (3 handlers)
[GIN-debug] DELETE /api/v1/students/:id      --> backend/handler.(*StudentHandler).Delete-fm (3 handlers)
[GIN-debug] GET    /api/v1/students/student/:id --> backend/handler.(*StudentHandler).GetLessonByID-fm (3 handlers)
[GIN-debug] POST   /api/v1/lessons/          --> backend/handler.(*LessonHandler).Create-fm (2 handlers)
[GIN-debug] GET    /api/v1/lessons/          --> backend/handler.(*LessonHandler).List-fm (3 handlers)
[GIN-debug] PUT    /api/v1/lessons/:id       --> backend/handler.(*LessonHandler).Update-fm (3 handlers)
[GIN-debug] DELETE /api/v1/lessons/:id       --> backend/handler.(*LessonHandler).Delete-fm (3 handlers)
[GIN-debug] GET    /api/v1/teachers/         --> backend/handler.(*TeacherHandler).List-fm (3 handlers)
[GIN-debug] GET    /api/v1/teachers/:id      --> backend/handler.(*TeacherHandler).GetByID-fm (3 handlers)
[GIN-debug] PUT    /api/v1/teachers/:id      --> backend/handler.(*TeacherHandler).Update-fm (3 handlers)
[GIN-debug] DELETE /api/v1/teachers/:id      --> backend/handler.(*TeacherHandler).Delete-fm (3 handlers)
[GIN-debug] GET    /api/v1/lessons/:id/lessonList --> backend/handler.(*TeacherHandler).GetLessonByID-fm (3 handlers)
[GIN-debug] [WARNING] You trusted all proxies, this is NOT safe. We recommend you to set a value.
Please check https://pkg.go.dev/github.com/gin-gonic/gin#readme-don-t-trust-all-proxies for details.
[GIN-debug] Listening and serving HTTP on :8080
utils/lesson.go has changed
building...
# backend/utils
utils/lesson.go:8:4: syntax error: unexpected newline in composite literal; possibly missing comma or }
failed to build, error: exit status 1
utils/lesson.go has changed
building...
running...
2026/08/12 06:34:36 &{localhost 8080 dev} &{user user1 3306 lesson db} &{redis 6379  0}
2026/08/12 06:34:36 init redis
2026/08/12 06:34:36 sql Open success
[GIN-debug] [WARNING] Running in "debug" mode. Switch to "release" mode in production.
 - using env:	export GIN_MODE=release
 - using code:	gin.SetMode(gin.ReleaseMode)

[GIN-debug] POST   /api/v1/teacher/login     --> backend/handler.(*AuthHandler).TeacherLogin-fm (2 handlers)
[GIN-debug] POST   /api/v1/student/login     --> backend/handler.(*AuthHandler).StudentLogin-fm (2 handlers)
[GIN-debug] POST   /api/v1/Logout            --> backend/handler.(*AuthHandler).Logout-fm (2 handlers)
[GIN-debug] POST   /api/v1/teacher/create    --> backend/handler.(*TeacherHandler).Create-fm (2 handlers)
[GIN-debug] POST   /api/v1/student/create    --> backend/handler.(*StudentHandler).Create-fm (2 handlers)
[GIN-debug] GET    /api/v1/students/         --> backend/handler.(*StudentHandler).List-fm (3 handlers)
[GIN-debug] GET    /api/v1/students/:id      --> backend/handler.(*StudentHandler).GetByID-fm (3 handlers)
[GIN-debug] PUT    /api/v1/students/:id      --> backend/handler.(*StudentHandler).Update-fm (3 handlers)
[GIN-debug] DELETE /api/v1/students/:id      --> backend/handler.(*StudentHandler).Delete-fm (3 handlers)
[GIN-debug] GET    /api/v1/students/student/:id --> backend/handler.(*StudentHandler).GetLessonByID-fm (3 handlers)
[GIN-debug] POST   /api/v1/lessons/          --> backend/handler.(*LessonHandler).Create-fm (2 handlers)
[GIN-debug] GET    /api/v1/lessons/          --> backend/handler.(*LessonHandler).List-fm (3 handlers)
[GIN-debug] PUT    /api/v1/lessons/:id       --> backend/handler.(*LessonHandler).Update-fm (3 handlers)
[GIN-debug] DELETE /api/v1/lessons/:id       --> backend/handler.(*LessonHandler).Delete-fm (3 handlers)
[GIN-debug] GET    /api/v1/teachers/         --> backend/handler.(*TeacherHandler).List-fm (3 handlers)
[GIN-debug] GET    /api/v1/teachers/:id      --> backend/handler.(*TeacherHandler).GetByID-fm (3 handlers)
[GIN-debug] PUT    /api/v1/teachers/:id      --> backend/handler.(*TeacherHandler).Update-fm (3 handlers)
[GIN-debug] DELETE /api/v1/teachers/:id      --> backend/handler.(*TeacherHandler).Delete-fm (3 handlers)
[GIN-debug] GET    /api/v1/lessons/:id/lessonList --> backend/handler.(*TeacherHandler).GetLessonByID-fm (3 handlers)
[GIN-debug] [WARNING] You trusted all proxies, this is NOT safe. We recommend you to set a value.
Please check https://pkg.go.dev/github.com/gin-gonic/gin#readme-don-t-trust-all-proxies for details.
[GIN-debug] Listening and serving HTTP on :8080
utils/lesson.go has changed
building...
running...
2026/08/12 06:34:39 &{localhost 8080 dev} &{user user1 3306 lesson db} &{redis 6379  0}
2026/08/12 06:34:39 init redis
2026/08/12 06:34:39 sql Open success
[GIN-debug] DELETE /api/v1/lessons/:id       --> backend/handler.(*LessonHandler).Delete-fm (3 handlers)
[GIN-debug] GET    /api/v1/teachers/         --> backend/handler.(*TeacherHandler).List-fm (3 handlers)
[GIN-debug] GET    /api/v1/teachers/:id      --> backend/handler.(*TeacherHandler).GetByID-fm (3 handlers)
[GIN-debug] PUT    /api/v1/teachers/:id      --> backend/handler.(*TeacherHandler).Update-fm (3 handlers)
[GIN-debug] DELETE /api/v1/teachers/:id      --> backend/handler.(*TeacherHandler).Delete-fm (3 handlers)
[GIN-debug] GET    /api/v1/lessons/:id/lessonList --> backend/handler.(*TeacherHandler).GetLessonByID-fm (3 handlers)
[GIN-debug] [WARNING] You trusted all proxies, this is NOT safe. We recommend you to set a value.
Please check https://pkg.go.dev/github.com/gin-gonic/gin#readme-don-t-trust-all-proxies for details.
[GIN-debug] Listening and serving HTTP on :8080
[GIN-debug] [WARNING] Running in "debug" mode. Switch to "release" mode in production.
 - using env:	export GIN_MODE=release
 - using code:	gin.SetMode(gin.ReleaseMode)

[GIN-debug] POST   /api/v1/teacher/login     --> backend/handler.(*AuthHandler).TeacherLogin-fm (2 handlers)
[GIN-debug] POST   /api/v1/student/login     --> backend/handler.(*AuthHandler).StudentLogin-fm (2 handlers)
[GIN-debug] POST   /api/v1/Logout            --> backend/handler.(*AuthHandler).Logout-fm (2 handlers)
[GIN-debug] POST   /api/v1/teacher/create    --> backend/handler.(*TeacherHandler).Create-fm (2 handlers)
[GIN-debug] POST   /api/v1/student/create    --> backend/handler.(*StudentHandler).Create-fm (2 handlers)
[GIN-debug] GET    /api/v1/students/         --> backend/handler.(*StudentHandler).List-fm (3 handlers)
[GIN-debug] GET    /api/v1/students/:id      --> backend/handler.(*StudentHandler).GetByID-fm (3 handlers)
[GIN-debug] PUT    /api/v1/students/:id      --> backend/handler.(*StudentHandler).Update-fm (3 handlers)
[GIN-debug] DELETE /api/v1/students/:id      --> backend/handler.(*StudentHandler).Delete-fm (3 handlers)
[GIN-debug] GET    /api/v1/students/student/:id --> backend/handler.(*StudentHandler).GetLessonByID-fm (3 handlers)
[GIN-debug] POST   /api/v1/lessons/          --> backend/handler.(*LessonHandler).Create-fm (2 handlers)
[GIN-debug] GET    /api/v1/lessons/          --> backend/handler.(*LessonHandler).List-fm (3 handlers)
[GIN-debug] PUT    /api/v1/lessons/:id       --> backend/handler.(*LessonHandler).Update-fm (3 handlers)
utils/lesson.go has changed
building...
running...
2026/08/12 06:34:42 &{localhost 8080 dev} &{user user1 3306 lesson db} &{redis 6379  0}
2026/08/12 06:34:42 init redis
2026/08/12 06:34:42 sql Open success
[GIN-debug] [WARNING] Running in "debug" mode. Switch to "release" mode in production.
 - using env:	export GIN_MODE=release
 - using code:	gin.SetMode(gin.ReleaseMode)

[GIN-debug] POST   /api/v1/teacher/login     --> backend/handler.(*AuthHandler).TeacherLogin-fm (2 handlers)
[GIN-debug] POST   /api/v1/student/login     --> backend/handler.(*AuthHandler).StudentLogin-fm (2 handlers)
[GIN-debug] POST   /api/v1/Logout            --> backend/handler.(*AuthHandler).Logout-fm (2 handlers)
[GIN-debug] POST   /api/v1/teacher/create    --> backend/handler.(*TeacherHandler).Create-fm (2 handlers)
[GIN-debug] POST   /api/v1/student/create    --> backend/handler.(*StudentHandler).Create-fm (2 handlers)
[GIN-debug] GET    /api/v1/students/         --> backend/handler.(*StudentHandler).List-fm (3 handlers)
[GIN-debug] GET    /api/v1/students/:id      --> backend/handler.(*StudentHandler).GetByID-fm (3 handlers)
[GIN-debug] PUT    /api/v1/students/:id      --> backend/handler.(*StudentHandler).Update-fm (3 handlers)
[GIN-debug] DELETE /api/v1/students/:id      --> backend/handler.(*StudentHandler).Delete-fm (3 handlers)
[GIN-debug] GET    /api/v1/students/student/:id --> backend/handler.(*StudentHandler).GetLessonByID-fm (3 handlers)
[GIN-debug] POST   /api/v1/lessons/          --> backend/handler.(*LessonHandler).Create-fm (2 handlers)
[GIN-debug] GET    /api/v1/lessons/          --> backend/handler.(*LessonHandler).List-fm (3 handlers)
[GIN-debug] PUT    /api/v1/lessons/:id       --> backend/handler.(*LessonHandler).Update-fm (3 handlers)
[GIN-debug] DELETE /api/v1/lessons/:id       --> backend/handler.(*LessonHandler).Delete-fm (3 handlers)
[GIN-debug] GET    /api/v1/teachers/         --> backend/handler.(*TeacherHandler).List-fm (3 handlers)
[GIN-debug] GET    /api/v1/teachers/:id      --> backend/handler.(*TeacherHandler).GetByID-fm (3 handlers)
[GIN-debug] PUT    /api/v1/teachers/:id      --> backend/handler.(*TeacherHandler).Update-fm (3 handlers)
[GIN-debug] DELETE /api/v1/teachers/:id      --> backend/handler.(*TeacherHandler).Delete-fm (3 handlers)
[GIN-debug] GET    /api/v1/lessons/:id/lessonList --> backend/handler.(*TeacherHandler).GetLessonByID-fm (3 handlers)
[GIN-debug] [WARNING] You trusted all proxies, this is NOT safe. We recommend you to set a value.
Please check https://pkg.go.dev/github.com/gin-gonic/gin#readme-don-t-trust-all-proxies for details.
[GIN-debug] Listening and serving HTTP on :8080
utils/lesson.go has changed
building...
running...
2026/08/12 06:34:49 &{localhost 8080 dev} &{user user1 3306 lesson db} &{redis 6379  0}
2026/08/12 06:34:49 init redis
2026/08/12 06:34:49 sql Open success
[GIN-debug] POST   /api/v1/student/create    --> backend/handler.(*StudentHandler).Create-fm (2 handlers)
[GIN-debug] GET    /api/v1/students/         --> backend/handler.(*StudentHandler).List-fm (3 handlers)
[GIN-debug] GET    /api/v1/students/:id      --> backend/handler.(*StudentHandler).GetByID-fm (3 handlers)
[GIN-debug] PUT    /api/v1/students/:id      --> backend/handler.(*StudentHandler).Update-fm (3 handlers)
[GIN-debug] DELETE /api/v1/students/:id      --> backend/handler.(*StudentHandler).Delete-fm (3 handlers)
[GIN-debug] GET    /api/v1/students/student/:id --> backend/handler.(*StudentHandler).GetLessonByID-fm (3 handlers)
[GIN-debug] [WARNING] Running in "debug" mode. Switch to "release" mode in production.
 - using env:	export GIN_MODE=release
 - using code:	gin.SetMode(gin.ReleaseMode)

[GIN-debug] POST   /api/v1/teacher/login     --> backend/handler.(*AuthHandler).TeacherLogin-fm (2 handlers)
[GIN-debug] POST   /api/v1/student/login     --> backend/handler.(*AuthHandler).StudentLogin-fm (2 handlers)
[GIN-debug] POST   /api/v1/Logout            --> backend/handler.(*AuthHandler).Logout-fm (2 handlers)
[GIN-debug] POST   /api/v1/teacher/create    --> backend/handler.(*TeacherHandler).Create-fm (2 handlers)
[GIN-debug] POST   /api/v1/lessons/          --> backend/handler.(*LessonHandler).Create-fm (2 handlers)
[GIN-debug] GET    /api/v1/lessons/          --> backend/handler.(*LessonHandler).List-fm (3 handlers)
[GIN-debug] PUT    /api/v1/lessons/:id       --> backend/handler.(*LessonHandler).Update-fm (3 handlers)
[GIN-debug] DELETE /api/v1/lessons/:id       --> backend/handler.(*LessonHandler).Delete-fm (3 handlers)
[GIN-debug] GET    /api/v1/teachers/         --> backend/handler.(*TeacherHandler).List-fm (3 handlers)
[GIN-debug] GET    /api/v1/teachers/:id      --> backend/handler.(*TeacherHandler).GetByID-fm (3 handlers)
[GIN-debug] PUT    /api/v1/teachers/:id      --> backend/handler.(*TeacherHandler).Update-fm (3 handlers)
[GIN-debug] DELETE /api/v1/teachers/:id      --> backend/handler.(*TeacherHandler).Delete-fm (3 handlers)
[GIN-debug] GET    /api/v1/lessons/:id/lessonList --> backend/handler.(*TeacherHandler).GetLessonByID-fm (3 handlers)
[GIN-debug] [WARNING] You trusted all proxies, this is NOT safe. We recommend you to set a value.
Please check https://pkg.go.dev/github.com/gin-gonic/gin#readme-don-t-trust-all-proxies for details.
[GIN-debug] Listening and serving HTTP on :8080
utils/lesson.go has changed
building...
# backend/utils
utils/lesson.go:13:6: syntax error: unexpected EOF, expected name or (
failed to build, error: exit status 1
utils/lesson.go has changed
building...
# backend/utils
utils/lesson.go:13:45: syntax error: unexpected EOF, expected }
failed to build, error: exit status 1
utils/lesson.go has changed
building...
# backend/utils
utils/lesson.go:16:2: syntax error: unexpected EOF, expected }
failed to build, error: exit status 1
utils/lesson.go has changed
building...
# backend/utils
utils/lesson.go:18:1: missing return
failed to build, error: exit status 1
utils/lesson.go has changed
building...
running...
2026/08/12 06:35:07 &{localhost 8080 dev} &{user user1 3306 lesson db} &{redis 6379  0}
2026/08/12 06:35:07 init redis
2026/08/12 06:35:07 sql Open success
[GIN-debug] POST   /api/v1/student/login     --> backend/handler.(*AuthHandler).StudentLogin-fm (2 handlers)
[GIN-debug] POST   /api/v1/Logout            --> backend/handler.(*AuthHandler).Logout-fm (2 handlers)
[GIN-debug] POST   /api/v1/teacher/create    --> backend/handler.(*TeacherHandler).Create-fm (2 handlers)
[GIN-debug] POST   /api/v1/student/create    --> backend/handler.(*StudentHandler).Create-fm (2 handlers)
[GIN-debug] GET    /api/v1/students/         --> backend/handler.(*StudentHandler).List-fm (3 handlers)
[GIN-debug] GET    /api/v1/students/:id      --> backend/handler.(*StudentHandler).GetByID-fm (3 handlers)
[GIN-debug] PUT    /api/v1/students/:id      --> backend/handler.(*StudentHandler).Update-fm (3 handlers)
[GIN-debug] DELETE /api/v1/students/:id      --> backend/handler.(*StudentHandler).Delete-fm (3 handlers)
[GIN-debug] GET    /api/v1/students/student/:id --> backend/handler.(*StudentHandler).GetLessonByID-fm (3 handlers)
[GIN-debug] POST   /api/v1/lessons/          --> backend/handler.(*LessonHandler).Create-fm (2 handlers)
[GIN-debug] GET    /api/v1/lessons/          --> backend/handler.(*LessonHandler).List-fm (3 handlers)
[GIN-debug] PUT    /api/v1/lessons/:id       --> backend/handler.(*LessonHandler).Update-fm (3 handlers)
[GIN-debug] DELETE /api/v1/lessons/:id       --> backend/handler.(*LessonHandler).Delete-fm (3 handlers)
[GIN-debug] [WARNING] Running in "debug" mode. Switch to "release" mode in production.
 - using env:	export GIN_MODE=release
 - using code:	gin.SetMode(gin.ReleaseMode)

[GIN-debug] POST   /api/v1/teacher/login     --> backend/handler.(*AuthHandler).TeacherLogin-fm (2 handlers)
[GIN-debug] GET    /api/v1/teachers/         --> backend/handler.(*TeacherHandler).List-fm (3 handlers)
[GIN-debug] GET    /api/v1/teachers/:id      --> backend/handler.(*TeacherHandler).GetByID-fm (3 handlers)
[GIN-debug] PUT    /api/v1/teachers/:id      --> backend/handler.(*TeacherHandler).Update-fm (3 handlers)
[GIN-debug] DELETE /api/v1/teachers/:id      --> backend/handler.(*TeacherHandler).Delete-fm (3 handlers)
[GIN-debug] GET    /api/v1/lessons/:id/lessonList --> backend/handler.(*TeacherHandler).GetLessonByID-fm (3 handlers)
[GIN-debug] [WARNING] You trusted all proxies, this is NOT safe. We recommend you to set a value.
Please check https://pkg.go.dev/github.com/gin-gonic/gin#readme-don-t-trust-all-proxies for details.
[GIN-debug] Listening and serving HTTP on :8080
utils/lesson.go has changed
building...
running...
2026/08/12 06:35:10 &{localhost 8080 dev} &{user user1 3306 lesson db} &{redis 6379  0}
2026/08/12 06:35:10 init redis
2026/08/12 06:35:10 sql Open success
[GIN-debug] [WARNING] Running in "debug" mode. Switch to "release" mode in production.
 - using env:	export GIN_MODE=release
 - using code:	gin.SetMode(gin.ReleaseMode)

[GIN-debug] POST   /api/v1/teacher/login     --> backend/handler.(*AuthHandler).TeacherLogin-fm (2 handlers)
[GIN-debug] POST   /api/v1/student/login     --> backend/handler.(*AuthHandler).StudentLogin-fm (2 handlers)
[GIN-debug] POST   /api/v1/Logout            --> backend/handler.(*AuthHandler).Logout-fm (2 handlers)
[GIN-debug] POST   /api/v1/teacher/create    --> backend/handler.(*TeacherHandler).Create-fm (2 handlers)
[GIN-debug] POST   /api/v1/student/create    --> backend/handler.(*StudentHandler).Create-fm (2 handlers)
[GIN-debug] GET    /api/v1/students/         --> backend/handler.(*StudentHandler).List-fm (3 handlers)
[GIN-debug] GET    /api/v1/students/:id      --> backend/handler.(*StudentHandler).GetByID-fm (3 handlers)
[GIN-debug] PUT    /api/v1/students/:id      --> backend/handler.(*StudentHandler).Update-fm (3 handlers)
[GIN-debug] DELETE /api/v1/students/:id      --> backend/handler.(*StudentHandler).Delete-fm (3 handlers)
[GIN-debug] GET    /api/v1/students/student/:id --> backend/handler.(*StudentHandler).GetLessonByID-fm (3 handlers)
[GIN-debug] POST   /api/v1/lessons/          --> backend/handler.(*LessonHandler).Create-fm (2 handlers)
[GIN-debug] GET    /api/v1/lessons/          --> backend/handler.(*LessonHandler).List-fm (3 handlers)
[GIN-debug] PUT    /api/v1/lessons/:id       --> backend/handler.(*LessonHandler).Update-fm (3 handlers)
[GIN-debug] DELETE /api/v1/lessons/:id       --> backend/handler.(*LessonHandler).Delete-fm (3 handlers)
[GIN-debug] GET    /api/v1/teachers/         --> backend/handler.(*TeacherHandler).List-fm (3 handlers)
[GIN-debug] GET    /api/v1/teachers/:id      --> backend/handler.(*TeacherHandler).GetByID-fm (3 handlers)
[GIN-debug] PUT    /api/v1/teachers/:id      --> backend/handler.(*TeacherHandler).Update-fm (3 handlers)
[GIN-debug] DELETE /api/v1/teachers/:id      --> backend/handler.(*TeacherHandler).Delete-fm (3 handlers)
[GIN-debug] GET    /api/v1/lessons/:id/lessonList --> backend/handler.(*TeacherHandler).GetLessonByID-fm (3 handlers)
[GIN-debug] [WARNING] You trusted all proxies, this is NOT safe. We recommend you to set a value.
Please check https://pkg.go.dev/github.com/gin-gonic/gin#readme-don-t-trust-all-proxies for details.
[GIN-debug] Listening and serving HTTP on :8080
utils/lesson.go has changed
building...
running...
2026/08/12 06:35:11 &{localhost 8080 dev} &{user user1 3306 lesson db} &{redis 6379  0}
2026/08/12 06:35:11 init redis
2026/08/12 06:35:11 sql Open success
[GIN-debug] [WARNING] Running in "debug" mode. Switch to "release" mode in production.
 - using env:	export GIN_MODE=release
 - using code:	gin.SetMode(gin.ReleaseMode)

[GIN-debug] POST   /api/v1/teacher/login     --> backend/handler.(*AuthHandler).TeacherLogin-fm (2 handlers)
[GIN-debug] POST   /api/v1/student/login     --> backend/handler.(*AuthHandler).StudentLogin-fm (2 handlers)
[GIN-debug] POST   /api/v1/Logout            --> backend/handler.(*AuthHandler).Logout-fm (2 handlers)
[GIN-debug] POST   /api/v1/teacher/create    --> backend/handler.(*TeacherHandler).Create-fm (2 handlers)
[GIN-debug] POST   /api/v1/student/create    --> backend/handler.(*StudentHandler).Create-fm (2 handlers)
[GIN-debug] GET    /api/v1/students/         --> backend/handler.(*StudentHandler).List-fm (3 handlers)
[GIN-debug] GET    /api/v1/students/:id      --> backend/handler.(*StudentHandler).GetByID-fm (3 handlers)
[GIN-debug] PUT    /api/v1/students/:id      --> backend/handler.(*StudentHandler).Update-fm (3 handlers)
[GIN-debug] DELETE /api/v1/students/:id      --> backend/handler.(*StudentHandler).Delete-fm (3 handlers)
[GIN-debug] GET    /api/v1/students/student/:id --> backend/handler.(*StudentHandler).GetLessonByID-fm (3 handlers)
[GIN-debug] POST   /api/v1/lessons/          --> backend/handler.(*LessonHandler).Create-fm (2 handlers)
[GIN-debug] GET    /api/v1/lessons/          --> backend/handler.(*LessonHandler).List-fm (3 handlers)
[GIN-debug] PUT    /api/v1/lessons/:id       --> backend/handler.(*LessonHandler).Update-fm (3 handlers)
[GIN-debug] DELETE /api/v1/lessons/:id       --> backend/handler.(*LessonHandler).Delete-fm (3 handlers)
[GIN-debug] GET    /api/v1/teachers/         --> backend/handler.(*TeacherHandler).List-fm (3 handlers)
[GIN-debug] GET    /api/v1/teachers/:id      --> backend/handler.(*TeacherHandler).GetByID-fm (3 handlers)
[GIN-debug] PUT    /api/v1/teachers/:id      --> backend/handler.(*TeacherHandler).Update-fm (3 handlers)
[GIN-debug] DELETE /api/v1/teachers/:id      --> backend/handler.(*TeacherHandler).Delete-fm (3 handlers)
[GIN-debug] GET    /api/v1/lessons/:id/lessonList --> backend/handler.(*TeacherHandler).GetLessonByID-fm (3 handlers)
[GIN-debug] [WARNING] You trusted all proxies, this is NOT safe. We recommend you to set a value.
Please check https://pkg.go.dev/github.com/gin-gonic/gin#readme-don-t-trust-all-proxies for details.
[GIN-debug] Listening and serving HTTP on :8080
utils/lesson.go has changed
building...
# backend/utils
utils/lesson.go:17:2: syntax error: unexpected return, expected expression
utils/lesson.go:18:1: syntax error: unexpected }, expected expression
failed to build, error: exit status 1
utils/lesson.go has changed
building...
running...
2026/08/12 06:35:38 &{localhost 8080 dev} &{user user1 3306 lesson db} &{redis 6379  0}
2026/08/12 06:35:38 init redis
2026/08/12 06:35:38 sql Open success
[GIN-debug] [WARNING] Running in "debug" mode. Switch to "release" mode in production.
 - using env:	export GIN_MODE=release
 - using code:	gin.SetMode(gin.ReleaseMode)

[GIN-debug] POST   /api/v1/teacher/login     --> backend/handler.(*AuthHandler).TeacherLogin-fm (2 handlers)
[GIN-debug] POST   /api/v1/student/login     --> backend/handler.(*AuthHandler).StudentLogin-fm (2 handlers)
[GIN-debug] POST   /api/v1/Logout            --> backend/handler.(*AuthHandler).Logout-fm (2 handlers)
[GIN-debug] POST   /api/v1/teacher/create    --> backend/handler.(*TeacherHandler).Create-fm (2 handlers)
[GIN-debug] POST   /api/v1/student/create    --> backend/handler.(*StudentHandler).Create-fm (2 handlers)
[GIN-debug] GET    /api/v1/students/         --> backend/handler.(*StudentHandler).List-fm (3 handlers)
[GIN-debug] GET    /api/v1/students/:id      --> backend/handler.(*StudentHandler).GetByID-fm (3 handlers)
[GIN-debug] PUT    /api/v1/students/:id      --> backend/handler.(*StudentHandler).Update-fm (3 handlers)
[GIN-debug] DELETE /api/v1/students/:id      --> backend/handler.(*StudentHandler).Delete-fm (3 handlers)
[GIN-debug] GET    /api/v1/students/student/:id --> backend/handler.(*StudentHandler).GetLessonByID-fm (3 handlers)
[GIN-debug] POST   /api/v1/lessons/          --> backend/handler.(*LessonHandler).Create-fm (2 handlers)
[GIN-debug] GET    /api/v1/lessons/          --> backend/handler.(*LessonHandler).List-fm (3 handlers)
[GIN-debug] PUT    /api/v1/lessons/:id       --> backend/handler.(*LessonHandler).Update-fm (3 handlers)
[GIN-debug] DELETE /api/v1/lessons/:id       --> backend/handler.(*LessonHandler).Delete-fm (3 handlers)
[GIN-debug] GET    /api/v1/teachers/         --> backend/handler.(*TeacherHandler).List-fm (3 handlers)
[GIN-debug] GET    /api/v1/teachers/:id      --> backend/handler.(*TeacherHandler).GetByID-fm (3 handlers)
[GIN-debug] PUT    /api/v1/teachers/:id      --> backend/handler.(*TeacherHandler).Update-fm (3 handlers)
[GIN-debug] DELETE /api/v1/teachers/:id      --> backend/handler.(*TeacherHandler).Delete-fm (3 handlers)
[GIN-debug] GET    /api/v1/lessons/:id/lessonList --> backend/handler.(*TeacherHandler).GetLessonByID-fm (3 handlers)
[GIN-debug] [WARNING] You trusted all proxies, this is NOT safe. We recommend you to set a value.
Please check https://pkg.go.dev/github.com/gin-gonic/gin#readme-don-t-trust-all-proxies for details.
[GIN-debug] Listening and serving HTTP on :8080
utils/lesson.go has changed
building...
running...
2026/08/12 06:35:41 &{localhost 8080 dev} &{user user1 3306 lesson db} &{redis 6379  0}
2026/08/12 06:35:41 init redis
2026/08/12 06:35:41 sql Open success
[GIN-debug] [WARNING] Running in "debug" mode. Switch to "release" mode in production.
 - using env:	export GIN_MODE=release
 - using code:	gin.SetMode(gin.ReleaseMode)

[GIN-debug] POST   /api/v1/teacher/login     --> backend/handler.(*AuthHandler).TeacherLogin-fm (2 handlers)
[GIN-debug] POST   /api/v1/student/login     --> backend/handler.(*AuthHandler).StudentLogin-fm (2 handlers)
[GIN-debug] POST   /api/v1/Logout            --> backend/handler.(*AuthHandler).Logout-fm (2 handlers)
[GIN-debug] POST   /api/v1/teacher/create    --> backend/handler.(*TeacherHandler).Create-fm (2 handlers)
[GIN-debug] POST   /api/v1/student/create    --> backend/handler.(*StudentHandler).Create-fm (2 handlers)
[GIN-debug] GET    /api/v1/students/         --> backend/handler.(*StudentHandler).List-fm (3 handlers)
[GIN-debug] GET    /api/v1/students/:id      --> backend/handler.(*StudentHandler).GetByID-fm (3 handlers)
[GIN-debug] PUT    /api/v1/students/:id      --> backend/handler.(*StudentHandler).Update-fm (3 handlers)
[GIN-debug] DELETE /api/v1/students/:id      --> backend/handler.(*StudentHandler).Delete-fm (3 handlers)
[GIN-debug] GET    /api/v1/students/student/:id --> backend/handler.(*StudentHandler).GetLessonByID-fm (3 handlers)
[GIN-debug] POST   /api/v1/lessons/          --> backend/handler.(*LessonHandler).Create-fm (2 handlers)
[GIN-debug] GET    /api/v1/lessons/          --> backend/handler.(*LessonHandler).List-fm (3 handlers)
[GIN-debug] PUT    /api/v1/lessons/:id       --> backend/handler.(*LessonHandler).Update-fm (3 handlers)
[GIN-debug] DELETE /api/v1/lessons/:id       --> backend/handler.(*LessonHandler).Delete-fm (3 handlers)
[GIN-debug] GET    /api/v1/teachers/         --> backend/handler.(*TeacherHandler).List-fm (3 handlers)
[GIN-debug] GET    /api/v1/teachers/:id      --> backend/handler.(*TeacherHandler).GetByID-fm (3 handlers)
[GIN-debug] PUT    /api/v1/teachers/:id      --> backend/handler.(*TeacherHandler).Update-fm (3 handlers)
[GIN-debug] DELETE /api/v1/teachers/:id      --> backend/handler.(*TeacherHandler).Delete-fm (3 handlers)
[GIN-debug] GET    /api/v1/lessons/:id/lessonList --> backend/handler.(*TeacherHandler).GetLessonByID-fm (3 handlers)
[GIN-debug] [WARNING] You trusted all proxies, this is NOT safe. We recommend you to set a value.
Please check https://pkg.go.dev/github.com/gin-gonic/gin#readme-don-t-trust-all-proxies for details.
[GIN-debug] Listening and serving HTTP on :8080
utils/lesson.go has changed
building...
running...
2026/08/12 06:35:45 &{localhost 8080 dev} &{user user1 3306 lesson db} &{redis 6379  0}
2026/08/12 06:35:45 init redis
2026/08/12 06:35:45 sql Open success
[GIN-debug] [WARNING] Running in "debug" mode. Switch to "release" mode in production.
 - using env:	export GIN_MODE=release
 - using code:	gin.SetMode(gin.ReleaseMode)

[GIN-debug] POST   /api/v1/teacher/login     --> backend/handler.(*AuthHandler).TeacherLogin-fm (2 handlers)
[GIN-debug] POST   /api/v1/student/login     --> backend/handler.(*AuthHandler).StudentLogin-fm (2 handlers)
[GIN-debug] POST   /api/v1/Logout            --> backend/handler.(*AuthHandler).Logout-fm (2 handlers)
[GIN-debug] POST   /api/v1/teacher/create    --> backend/handler.(*TeacherHandler).Create-fm (2 handlers)
[GIN-debug] POST   /api/v1/student/create    --> backend/handler.(*StudentHandler).Create-fm (2 handlers)
[GIN-debug] GET    /api/v1/students/         --> backend/handler.(*StudentHandler).List-fm (3 handlers)
[GIN-debug] GET    /api/v1/students/:id      --> backend/handler.(*StudentHandler).GetByID-fm (3 handlers)
[GIN-debug] PUT    /api/v1/students/:id      --> backend/handler.(*StudentHandler).Update-fm (3 handlers)
[GIN-debug] DELETE /api/v1/students/:id      --> backend/handler.(*StudentHandler).Delete-fm (3 handlers)
[GIN-debug] GET    /api/v1/students/student/:id --> backend/handler.(*StudentHandler).GetLessonByID-fm (3 handlers)
[GIN-debug] POST   /api/v1/lessons/          --> backend/handler.(*LessonHandler).Create-fm (2 handlers)
[GIN-debug] GET    /api/v1/lessons/          --> backend/handler.(*LessonHandler).List-fm (3 handlers)
[GIN-debug] PUT    /api/v1/lessons/:id       --> backend/handler.(*LessonHandler).Update-fm (3 handlers)
[GIN-debug] DELETE /api/v1/lessons/:id       --> backend/handler.(*LessonHandler).Delete-fm (3 handlers)
[GIN-debug] GET    /api/v1/teachers/         --> backend/handler.(*TeacherHandler).List-fm (3 handlers)
[GIN-debug] GET    /api/v1/teachers/:id      --> backend/handler.(*TeacherHandler).GetByID-fm (3 handlers)
[GIN-debug] PUT    /api/v1/teachers/:id      --> backend/handler.(*TeacherHandler).Update-fm (3 handlers)
[GIN-debug] DELETE /api/v1/teachers/:id      --> backend/handler.(*TeacherHandler).Delete-fm (3 handlers)
[GIN-debug] GET    /api/v1/lessons/:id/lessonList --> backend/handler.(*TeacherHandler).GetLessonByID-fm (3 handlers)
[GIN-debug] [WARNING] You trusted all proxies, this is NOT safe. We recommend you to set a value.
Please check https://pkg.go.dev/github.com/gin-gonic/gin#readme-don-t-trust-all-proxies for details.
[GIN-debug] Listening and serving HTTP on :8080
utils/lesson.go has changed
building...
running...
2026/08/12 06:35:48 &{localhost 8080 dev} &{user user1 3306 lesson db} &{redis 6379  0}
2026/08/12 06:35:48 init redis
2026/08/12 06:35:48 sql Open success
[GIN-debug] [WARNING] Running in "debug" mode. Switch to "release" mode in production.
 - using env:	export GIN_MODE=release
 - using code:	gin.SetMode(gin.ReleaseMode)

[GIN-debug] POST   /api/v1/teacher/login     --> backend/handler.(*AuthHandler).TeacherLogin-fm (2 handlers)
[GIN-debug] POST   /api/v1/student/login     --> backend/handler.(*AuthHandler).StudentLogin-fm (2 handlers)
[GIN-debug] POST   /api/v1/Logout            --> backend/handler.(*AuthHandler).Logout-fm (2 handlers)
[GIN-debug] POST   /api/v1/teacher/create    --> backend/handler.(*TeacherHandler).Create-fm (2 handlers)
[GIN-debug] POST   /api/v1/student/create    --> backend/handler.(*StudentHandler).Create-fm (2 handlers)
[GIN-debug] GET    /api/v1/students/         --> backend/handler.(*StudentHandler).List-fm (3 handlers)
[GIN-debug] GET    /api/v1/students/:id      --> backend/handler.(*StudentHandler).GetByID-fm (3 handlers)
[GIN-debug] PUT    /api/v1/students/:id      --> backend/handler.(*StudentHandler).Update-fm (3 handlers)
[GIN-debug] DELETE /api/v1/students/:id      --> backend/handler.(*StudentHandler).Delete-fm (3 handlers)
[GIN-debug] GET    /api/v1/students/student/:id --> backend/handler.(*StudentHandler).GetLessonByID-fm (3 handlers)
[GIN-debug] POST   /api/v1/lessons/          --> backend/handler.(*LessonHandler).Create-fm (2 handlers)
[GIN-debug] GET    /api/v1/lessons/          --> backend/handler.(*LessonHandler).List-fm (3 handlers)
[GIN-debug] PUT    /api/v1/lessons/:id       --> backend/handler.(*LessonHandler).Update-fm (3 handlers)
[GIN-debug] DELETE /api/v1/lessons/:id       --> backend/handler.(*LessonHandler).Delete-fm (3 handlers)
[GIN-debug] GET    /api/v1/teachers/         --> backend/handler.(*TeacherHandler).List-fm (3 handlers)
[GIN-debug] GET    /api/v1/teachers/:id      --> backend/handler.(*TeacherHandler).GetByID-fm (3 handlers)
[GIN-debug] PUT    /api/v1/teachers/:id      --> backend/handler.(*TeacherHandler).Update-fm (3 handlers)
[GIN-debug] DELETE /api/v1/teachers/:id      --> backend/handler.(*TeacherHandler).Delete-fm (3 handlers)
[GIN-debug] GET    /api/v1/lessons/:id/lessonList --> backend/handler.(*TeacherHandler).GetLessonByID-fm (3 handlers)
[GIN-debug] [WARNING] You trusted all proxies, this is NOT safe. We recommend you to set a value.
Please check https://pkg.go.dev/github.com/gin-gonic/gin#readme-don-t-trust-all-proxies for details.
[GIN-debug] Listening and serving HTTP on :8080
utils/lesson.go has changed
building...
running...
2026/08/12 06:35:49 &{localhost 8080 dev} &{user user1 3306 lesson db} &{redis 6379  0}
2026/08/12 06:35:49 init redis
2026/08/12 06:35:49 sql Open success
[GIN-debug] PUT    /api/v1/lessons/:id       --> backend/handler.(*LessonHandler).Update-fm (3 handlers)
[GIN-debug] DELETE /api/v1/lessons/:id       --> backend/handler.(*LessonHandler).Delete-fm (3 handlers)
[GIN-debug] GET    /api/v1/teachers/         --> backend/handler.(*TeacherHandler).List-fm (3 handlers)
[GIN-debug] GET    /api/v1/teachers/:id      --> backend/handler.(*TeacherHandler).GetByID-fm (3 handlers)
[GIN-debug] PUT    /api/v1/teachers/:id      --> backend/handler.(*TeacherHandler).Update-fm (3 handlers)
[GIN-debug] DELETE /api/v1/teachers/:id      --> backend/handler.(*TeacherHandler).Delete-fm (3 handlers)
[GIN-debug] GET    /api/v1/lessons/:id/lessonList --> backend/handler.(*TeacherHandler).GetLessonByID-fm (3 handlers)
[GIN-debug] [WARNING] You trusted all proxies, this is NOT safe. We recommend you to set a value.
Please check https://pkg.go.dev/github.com/gin-gonic/gin#readme-don-t-trust-all-proxies for details.
[GIN-debug] Listening and serving HTTP on :8080
[GIN-debug] [WARNING] Running in "debug" mode. Switch to "release" mode in production.
 - using env:	export GIN_MODE=release
 - using code:	gin.SetMode(gin.ReleaseMode)

[GIN-debug] POST   /api/v1/teacher/login     --> backend/handler.(*AuthHandler).TeacherLogin-fm (2 handlers)
[GIN-debug] POST   /api/v1/student/login     --> backend/handler.(*AuthHandler).StudentLogin-fm (2 handlers)
[GIN-debug] POST   /api/v1/Logout            --> backend/handler.(*AuthHandler).Logout-fm (2 handlers)
[GIN-debug] POST   /api/v1/teacher/create    --> backend/handler.(*TeacherHandler).Create-fm (2 handlers)
[GIN-debug] POST   /api/v1/student/create    --> backend/handler.(*StudentHandler).Create-fm (2 handlers)
[GIN-debug] GET    /api/v1/students/         --> backend/handler.(*StudentHandler).List-fm (3 handlers)
[GIN-debug] GET    /api/v1/students/:id      --> backend/handler.(*StudentHandler).GetByID-fm (3 handlers)
[GIN-debug] PUT    /api/v1/students/:id      --> backend/handler.(*StudentHandler).Update-fm (3 handlers)
[GIN-debug] DELETE /api/v1/students/:id      --> backend/handler.(*StudentHandler).Delete-fm (3 handlers)
[GIN-debug] GET    /api/v1/students/student/:id --> backend/handler.(*StudentHandler).GetLessonByID-fm (3 handlers)
[GIN-debug] POST   /api/v1/lessons/          --> backend/handler.(*LessonHandler).Create-fm (2 handlers)
[GIN-debug] GET    /api/v1/lessons/          --> backend/handler.(*LessonHandler).List-fm (3 handlers)
utils/lesson.go has changed
building...
running...
2026/08/12 06:35:53 &{localhost 8080 dev} &{user user1 3306 lesson db} &{redis 6379  0}
2026/08/12 06:35:53 init redis
2026/08/12 06:35:53 sql Open success
[GIN-debug] [WARNING] Running in "debug" mode. Switch to "release" mode in production.
 - using env:	export GIN_MODE=release
 - using code:	gin.SetMode(gin.ReleaseMode)

[GIN-debug] POST   /api/v1/teacher/login     --> backend/handler.(*AuthHandler).TeacherLogin-fm (2 handlers)
[GIN-debug] POST   /api/v1/student/login     --> backend/handler.(*AuthHandler).StudentLogin-fm (2 handlers)
[GIN-debug] POST   /api/v1/Logout            --> backend/handler.(*AuthHandler).Logout-fm (2 handlers)
[GIN-debug] POST   /api/v1/teacher/create    --> backend/handler.(*TeacherHandler).Create-fm (2 handlers)
[GIN-debug] POST   /api/v1/student/create    --> backend/handler.(*StudentHandler).Create-fm (2 handlers)
[GIN-debug] GET    /api/v1/students/         --> backend/handler.(*StudentHandler).List-fm (3 handlers)
[GIN-debug] GET    /api/v1/students/:id      --> backend/handler.(*StudentHandler).GetByID-fm (3 handlers)
[GIN-debug] PUT    /api/v1/students/:id      --> backend/handler.(*StudentHandler).Update-fm (3 handlers)
[GIN-debug] DELETE /api/v1/students/:id      --> backend/handler.(*StudentHandler).Delete-fm (3 handlers)
[GIN-debug] GET    /api/v1/students/student/:id --> backend/handler.(*StudentHandler).GetLessonByID-fm (3 handlers)
[GIN-debug] POST   /api/v1/lessons/          --> backend/handler.(*LessonHandler).Create-fm (2 handlers)
[GIN-debug] GET    /api/v1/lessons/          --> backend/handler.(*LessonHandler).List-fm (3 handlers)
[GIN-debug] PUT    /api/v1/lessons/:id       --> backend/handler.(*LessonHandler).Update-fm (3 handlers)
[GIN-debug] DELETE /api/v1/lessons/:id       --> backend/handler.(*LessonHandler).Delete-fm (3 handlers)
[GIN-debug] GET    /api/v1/teachers/         --> backend/handler.(*TeacherHandler).List-fm (3 handlers)
[GIN-debug] GET    /api/v1/teachers/:id      --> backend/handler.(*TeacherHandler).GetByID-fm (3 handlers)
[GIN-debug] PUT    /api/v1/teachers/:id      --> backend/handler.(*TeacherHandler).Update-fm (3 handlers)
[GIN-debug] DELETE /api/v1/teachers/:id      --> backend/handler.(*TeacherHandler).Delete-fm (3 handlers)
[GIN-debug] GET    /api/v1/lessons/:id/lessonList --> backend/handler.(*TeacherHandler).GetLessonByID-fm (3 handlers)
[GIN-debug] [WARNING] You trusted all proxies, this is NOT safe. We recommend you to set a value.
Please check https://pkg.go.dev/github.com/gin-gonic/gin#readme-don-t-trust-all-proxies for details.
[GIN-debug] Listening and serving HTTP on :8080
utils/lesson.go has changed
building...
running...
2026/08/12 06:35:55 &{localhost 8080 dev} &{user user1 3306 lesson db} &{redis 6379  0}
2026/08/12 06:35:55 init redis
2026/08/12 06:35:55 sql Open success
[GIN-debug] [WARNING] Running in "debug" mode. Switch to "release" mode in production.
 - using env:	export GIN_MODE=release
 - using code:	gin.SetMode(gin.ReleaseMode)

[GIN-debug] POST   /api/v1/teacher/login     --> backend/handler.(*AuthHandler).TeacherLogin-fm (2 handlers)
[GIN-debug] POST   /api/v1/student/login     --> backend/handler.(*AuthHandler).StudentLogin-fm (2 handlers)
[GIN-debug] POST   /api/v1/Logout            --> backend/handler.(*AuthHandler).Logout-fm (2 handlers)
[GIN-debug] POST   /api/v1/teacher/create    --> backend/handler.(*TeacherHandler).Create-fm (2 handlers)
[GIN-debug] POST   /api/v1/student/create    --> backend/handler.(*StudentHandler).Create-fm (2 handlers)
[GIN-debug] GET    /api/v1/students/         --> backend/handler.(*StudentHandler).List-fm (3 handlers)
[GIN-debug] GET    /api/v1/students/:id      --> backend/handler.(*StudentHandler).GetByID-fm (3 handlers)
[GIN-debug] PUT    /api/v1/students/:id      --> backend/handler.(*StudentHandler).Update-fm (3 handlers)
[GIN-debug] DELETE /api/v1/students/:id      --> backend/handler.(*StudentHandler).Delete-fm (3 handlers)
[GIN-debug] GET    /api/v1/students/student/:id --> backend/handler.(*StudentHandler).GetLessonByID-fm (3 handlers)
[GIN-debug] POST   /api/v1/lessons/          --> backend/handler.(*LessonHandler).Create-fm (2 handlers)
[GIN-debug] GET    /api/v1/lessons/          --> backend/handler.(*LessonHandler).List-fm (3 handlers)
[GIN-debug] PUT    /api/v1/lessons/:id       --> backend/handler.(*LessonHandler).Update-fm (3 handlers)
[GIN-debug] DELETE /api/v1/lessons/:id       --> backend/handler.(*LessonHandler).Delete-fm (3 handlers)
[GIN-debug] GET    /api/v1/teachers/         --> backend/handler.(*TeacherHandler).List-fm (3 handlers)
[GIN-debug] GET    /api/v1/teachers/:id      --> backend/handler.(*TeacherHandler).GetByID-fm (3 handlers)
[GIN-debug] PUT    /api/v1/teachers/:id      --> backend/handler.(*TeacherHandler).Update-fm (3 handlers)
[GIN-debug] DELETE /api/v1/teachers/:id      --> backend/handler.(*TeacherHandler).Delete-fm (3 handlers)
[GIN-debug] GET    /api/v1/lessons/:id/lessonList --> backend/handler.(*TeacherHandler).GetLessonByID-fm (3 handlers)
[GIN-debug] [WARNING] You trusted all proxies, this is NOT safe. We recommend you to set a value.
Please check https://pkg.go.dev/github.com/gin-gonic/gin#readme-don-t-trust-all-proxies for details.
[GIN-debug] Listening and serving HTTP on :8080
utils/lesson.go has changed
building...
running...
2026/08/12 06:35:56 &{localhost 8080 dev} &{user user1 3306 lesson db} &{redis 6379  0}
2026/08/12 06:35:56 init redis
2026/08/12 06:35:56 sql Open success
[GIN-debug] [WARNING] Running in "debug" mode. Switch to "release" mode in production.
 - using env:	export GIN_MODE=release
 - using code:	gin.SetMode(gin.ReleaseMode)

[GIN-debug] POST   /api/v1/teacher/login     --> backend/handler.(*AuthHandler).TeacherLogin-fm (2 handlers)
[GIN-debug] POST   /api/v1/student/login     --> backend/handler.(*AuthHandler).StudentLogin-fm (2 handlers)
[GIN-debug] POST   /api/v1/Logout            --> backend/handler.(*AuthHandler).Logout-fm (2 handlers)
[GIN-debug] POST   /api/v1/teacher/create    --> backend/handler.(*TeacherHandler).Create-fm (2 handlers)
[GIN-debug] POST   /api/v1/student/create    --> backend/handler.(*StudentHandler).Create-fm (2 handlers)
[GIN-debug] GET    /api/v1/students/         --> backend/handler.(*StudentHandler).List-fm (3 handlers)
[GIN-debug] GET    /api/v1/students/:id      --> backend/handler.(*StudentHandler).GetByID-fm (3 handlers)
[GIN-debug] PUT    /api/v1/students/:id      --> backend/handler.(*StudentHandler).Update-fm (3 handlers)
[GIN-debug] DELETE /api/v1/students/:id      --> backend/handler.(*StudentHandler).Delete-fm (3 handlers)
[GIN-debug] GET    /api/v1/students/student/:id --> backend/handler.(*StudentHandler).GetLessonByID-fm (3 handlers)
[GIN-debug] POST   /api/v1/lessons/          --> backend/handler.(*LessonHandler).Create-fm (2 handlers)
[GIN-debug] GET    /api/v1/lessons/          --> backend/handler.(*LessonHandler).List-fm (3 handlers)
[GIN-debug] PUT    /api/v1/lessons/:id       --> backend/handler.(*LessonHandler).Update-fm (3 handlers)
[GIN-debug] DELETE /api/v1/lessons/:id       --> backend/handler.(*LessonHandler).Delete-fm (3 handlers)
[GIN-debug] GET    /api/v1/teachers/         --> backend/handler.(*TeacherHandler).List-fm (3 handlers)
[GIN-debug] GET    /api/v1/teachers/:id      --> backend/handler.(*TeacherHandler).GetByID-fm (3 handlers)
[GIN-debug] PUT    /api/v1/teachers/:id      --> backend/handler.(*TeacherHandler).Update-fm (3 handlers)
[GIN-debug] DELETE /api/v1/teachers/:id      --> backend/handler.(*TeacherHandler).Delete-fm (3 handlers)
[GIN-debug] GET    /api/v1/lessons/:id/lessonList --> backend/handler.(*TeacherHandler).GetLessonByID-fm (3 handlers)
[GIN-debug] [WARNING] You trusted all proxies, this is NOT safe. We recommend you to set a value.
Please check https://pkg.go.dev/github.com/gin-gonic/gin#readme-don-t-trust-all-proxies for details.
[GIN-debug] Listening and serving HTTP on :8080
utils/lesson.go has changed
building...
# backend/utils
utils/lesson.go:15:14: undefined: LessonStatusMap
utils/lesson.go:18:10: undefined: LessonStatusMap
failed to build, error: exit status 1
utils/lesson.go has changed
building...
running...
2026/08/12 06:36:06 &{localhost 8080 dev} &{user user1 3306 lesson db} &{redis 6379  0}
2026/08/12 06:36:06 init redis
2026/08/12 06:36:06 sql Open success
[GIN-debug] [WARNING] Running in "debug" mode. Switch to "release" mode in production.
 - using env:	export GIN_MODE=release
 - using code:	gin.SetMode(gin.ReleaseMode)

[GIN-debug] POST   /api/v1/teacher/login     --> backend/handler.(*AuthHandler).TeacherLogin-fm (2 handlers)
[GIN-debug] POST   /api/v1/student/login     --> backend/handler.(*AuthHandler).StudentLogin-fm (2 handlers)
[GIN-debug] POST   /api/v1/Logout            --> backend/handler.(*AuthHandler).Logout-fm (2 handlers)
[GIN-debug] POST   /api/v1/teacher/create    --> backend/handler.(*TeacherHandler).Create-fm (2 handlers)
[GIN-debug] POST   /api/v1/student/create    --> backend/handler.(*StudentHandler).Create-fm (2 handlers)
[GIN-debug] GET    /api/v1/students/         --> backend/handler.(*StudentHandler).List-fm (3 handlers)
[GIN-debug] GET    /api/v1/students/:id      --> backend/handler.(*StudentHandler).GetByID-fm (3 handlers)
[GIN-debug] PUT    /api/v1/students/:id      --> backend/handler.(*StudentHandler).Update-fm (3 handlers)
[GIN-debug] DELETE /api/v1/students/:id      --> backend/handler.(*StudentHandler).Delete-fm (3 handlers)
[GIN-debug] GET    /api/v1/students/student/:id --> backend/handler.(*StudentHandler).GetLessonByID-fm (3 handlers)
[GIN-debug] POST   /api/v1/lessons/          --> backend/handler.(*LessonHandler).Create-fm (2 handlers)
[GIN-debug] GET    /api/v1/lessons/          --> backend/handler.(*LessonHandler).List-fm (3 handlers)
[GIN-debug] PUT    /api/v1/lessons/:id       --> backend/handler.(*LessonHandler).Update-fm (3 handlers)
[GIN-debug] DELETE /api/v1/lessons/:id       --> backend/handler.(*LessonHandler).Delete-fm (3 handlers)
[GIN-debug] GET    /api/v1/teachers/         --> backend/handler.(*TeacherHandler).List-fm (3 handlers)
[GIN-debug] GET    /api/v1/teachers/:id      --> backend/handler.(*TeacherHandler).GetByID-fm (3 handlers)
[GIN-debug] PUT    /api/v1/teachers/:id      --> backend/handler.(*TeacherHandler).Update-fm (3 handlers)
[GIN-debug] DELETE /api/v1/teachers/:id      --> backend/handler.(*TeacherHandler).Delete-fm (3 handlers)
[GIN-debug] GET    /api/v1/lessons/:id/lessonList --> backend/handler.(*TeacherHandler).GetLessonByID-fm (3 handlers)
[GIN-debug] [WARNING] You trusted all proxies, this is NOT safe. We recommend you to set a value.
Please check https://pkg.go.dev/github.com/gin-gonic/gin#readme-don-t-trust-all-proxies for details.
[GIN-debug] Listening and serving HTTP on :8080
2026/08/12 07:03:41 Checking session in Redis with key: lesson_session:e24c90c09bdd6d329c46705f47c4bf37
2026/08/12 07:03:41 Checking session in Redis with key: lesson_session:e24c90c09bdd6d329c46705f47c4bf37
2026/08/12 07:06:56 Checking session in Redis with key: lesson_session:e24c90c09bdd6d329c46705f47c4bf37
2026/08/12 07:06:56 Checking session in Redis with key: lesson_session:e24c90c09bdd6d329c46705f47c4bf37
router/router.go has changed
building...
running...
2026/08/12 07:07:15 &{localhost 8080 dev} &{user user1 3306 lesson db} &{redis 6379  0}
2026/08/12 07:07:15 init redis
2026/08/12 07:07:15 sql Open success
[GIN-debug] [WARNING] Running in "debug" mode. Switch to "release" mode in production.
 - using env:	export GIN_MODE=release
 - using code:	gin.SetMode(gin.ReleaseMode)

[GIN-debug] POST   /api/v1/teacher/login     --> backend/handler.(*AuthHandler).TeacherLogin-fm (2 handlers)
[GIN-debug] POST   /api/v1/student/login     --> backend/handler.(*AuthHandler).StudentLogin-fm (2 handlers)
[GIN-debug] POST   /api/v1/Logout            --> backend/handler.(*AuthHandler).Logout-fm (2 handlers)
[GIN-debug] POST   /api/v1/teacher/create    --> backend/handler.(*TeacherHandler).Create-fm (2 handlers)
[GIN-debug] POST   /api/v1/student/create    --> backend/handler.(*StudentHandler).Create-fm (2 handlers)
[GIN-debug] GET    /api/v1/students/         --> backend/handler.(*StudentHandler).List-fm (3 handlers)
[GIN-debug] GET    /api/v1/students/:id      --> backend/handler.(*StudentHandler).GetByID-fm (3 handlers)
[GIN-debug] PUT    /api/v1/students/:id      --> backend/handler.(*StudentHandler).Update-fm (3 handlers)
[GIN-debug] DELETE /api/v1/students/:id      --> backend/handler.(*StudentHandler).Delete-fm (3 handlers)
[GIN-debug] GET    /api/v1/students/student/:id --> backend/handler.(*StudentHandler).GetLessonByID-fm (3 handlers)
[GIN-debug] POST   /api/v1/lessons/          --> backend/handler.(*LessonHandler).Create-fm (2 handlers)
[GIN-debug] GET    /api/v1/lessons/          --> backend/handler.(*LessonHandler).List-fm (3 handlers)
[GIN-debug] PUT    /api/v1/lessons/:id       --> backend/handler.(*LessonHandler).Update-fm (3 handlers)
[GIN-debug] DELETE /api/v1/lessons/:id       --> backend/handler.(*LessonHandler).Delete-fm (3 handlers)
[GIN-debug] GET    /api/v1/teachers/         --> backend/handler.(*TeacherHandler).List-fm (3 handlers)
[GIN-debug] GET    /api/v1/teachers/:id      --> backend/handler.(*TeacherHandler).GetByID-fm (3 handlers)
[GIN-debug] PUT    /api/v1/teachers/:id      --> backend/handler.(*TeacherHandler).Update-fm (3 handlers)
[GIN-debug] DELETE /api/v1/teachers/:id      --> backend/handler.(*TeacherHandler).Delete-fm (3 handlers)
[GIN-debug] [WARNING] You trusted all proxies, this is NOT safe. We recommend you to set a value.
Please check https://pkg.go.dev/github.com/gin-gonic/gin#readme-don-t-trust-all-proxies for details.
[GIN-debug] Listening and serving HTTP on :8080
router/router.go has changed
building...
running...
2026/08/12 07:07:18 &{localhost 8080 dev} &{user user1 3306 lesson db} &{redis 6379  0}
2026/08/12 07:07:18 init redis
2026/08/12 07:07:18 sql Open success
[GIN-debug] [WARNING] Running in "debug" mode. Switch to "release" mode in production.
 - using env:	export GIN_MODE=release
 - using code:	gin.SetMode(gin.ReleaseMode)

[GIN-debug] POST   /api/v1/teacher/login     --> backend/handler.(*AuthHandler).TeacherLogin-fm (2 handlers)
[GIN-debug] POST   /api/v1/student/login     --> backend/handler.(*AuthHandler).StudentLogin-fm (2 handlers)
[GIN-debug] POST   /api/v1/Logout            --> backend/handler.(*AuthHandler).Logout-fm (2 handlers)
[GIN-debug] POST   /api/v1/teacher/create    --> backend/handler.(*TeacherHandler).Create-fm (2 handlers)
[GIN-debug] POST   /api/v1/student/create    --> backend/handler.(*StudentHandler).Create-fm (2 handlers)
[GIN-debug] GET    /api/v1/students/         --> backend/handler.(*StudentHandler).List-fm (3 handlers)
[GIN-debug] GET    /api/v1/students/:id      --> backend/handler.(*StudentHandler).GetByID-fm (3 handlers)
[GIN-debug] PUT    /api/v1/students/:id      --> backend/handler.(*StudentHandler).Update-fm (3 handlers)
[GIN-debug] DELETE /api/v1/students/:id      --> backend/handler.(*StudentHandler).Delete-fm (3 handlers)
[GIN-debug] GET    /api/v1/students/student/:id --> backend/handler.(*StudentHandler).GetLessonByID-fm (3 handlers)
[GIN-debug] POST   /api/v1/lessons/          --> backend/handler.(*LessonHandler).Create-fm (2 handlers)
[GIN-debug] GET    /api/v1/lessons/          --> backend/handler.(*LessonHandler).List-fm (3 handlers)
[GIN-debug] PUT    /api/v1/lessons/:id       --> backend/handler.(*LessonHandler).Update-fm (3 handlers)
[GIN-debug] DELETE /api/v1/lessons/:id       --> backend/handler.(*LessonHandler).Delete-fm (3 handlers)
[GIN-debug] GET    /api/v1/lessons/:id/lessonList --> backend/handler.(*TeacherHandler).GetLessonByID-fm (3 handlers)
[GIN-debug] GET    /api/v1/teachers/         --> backend/handler.(*TeacherHandler).List-fm (3 handlers)
[GIN-debug] GET    /api/v1/teachers/:id      --> backend/handler.(*TeacherHandler).GetByID-fm (3 handlers)
[GIN-debug] PUT    /api/v1/teachers/:id      --> backend/handler.(*TeacherHandler).Update-fm (3 handlers)
[GIN-debug] DELETE /api/v1/teachers/:id      --> backend/handler.(*TeacherHandler).Delete-fm (3 handlers)
[GIN-debug] [WARNING] You trusted all proxies, this is NOT safe. We recommend you to set a value.
Please check https://pkg.go.dev/github.com/gin-gonic/gin#readme-don-t-trust-all-proxies for details.
[GIN-debug] Listening and serving HTTP on :8080
router/router.go has changed
building...
running...
2026/08/12 07:07:20 &{localhost 8080 dev} &{user user1 3306 lesson db} &{redis 6379  0}
2026/08/12 07:07:20 init redis
2026/08/12 07:07:20 sql Open success
[GIN-debug] [WARNING] Running in "debug" mode. Switch to "release" mode in production.
 - using env:	export GIN_MODE=release
 - using code:	gin.SetMode(gin.ReleaseMode)

[GIN-debug] POST   /api/v1/teacher/login     --> backend/handler.(*AuthHandler).TeacherLogin-fm (2 handlers)
[GIN-debug] POST   /api/v1/student/login     --> backend/handler.(*AuthHandler).StudentLogin-fm (2 handlers)
[GIN-debug] POST   /api/v1/Logout            --> backend/handler.(*AuthHandler).Logout-fm (2 handlers)
[GIN-debug] POST   /api/v1/teacher/create    --> backend/handler.(*TeacherHandler).Create-fm (2 handlers)
[GIN-debug] POST   /api/v1/student/create    --> backend/handler.(*StudentHandler).Create-fm (2 handlers)
[GIN-debug] GET    /api/v1/students/         --> backend/handler.(*StudentHandler).List-fm (3 handlers)
[GIN-debug] GET    /api/v1/students/:id      --> backend/handler.(*StudentHandler).GetByID-fm (3 handlers)
[GIN-debug] PUT    /api/v1/students/:id      --> backend/handler.(*StudentHandler).Update-fm (3 handlers)
[GIN-debug] DELETE /api/v1/students/:id      --> backend/handler.(*StudentHandler).Delete-fm (3 handlers)
[GIN-debug] GET    /api/v1/students/student/:id --> backend/handler.(*StudentHandler).GetLessonByID-fm (3 handlers)
[GIN-debug] POST   /api/v1/lessons/          --> backend/handler.(*LessonHandler).Create-fm (2 handlers)
[GIN-debug] GET    /api/v1/lessons/          --> backend/handler.(*LessonHandler).List-fm (3 handlers)
[GIN-debug] PUT    /api/v1/lessons/:id       --> backend/handler.(*LessonHandler).Update-fm (3 handlers)
[GIN-debug] DELETE /api/v1/lessons/:id       --> backend/handler.(*LessonHandler).Delete-fm (3 handlers)
[GIN-debug] GET    /api/v1/lessons/:id/lessonList --> backend/handler.(*TeacherHandler).GetLessonByID-fm (3 handlers)
[GIN-debug] GET    /api/v1/teachers/         --> backend/handler.(*TeacherHandler).List-fm (3 handlers)
[GIN-debug] GET    /api/v1/teachers/:id      --> backend/handler.(*TeacherHandler).GetByID-fm (3 handlers)
[GIN-debug] PUT    /api/v1/teachers/:id      --> backend/handler.(*TeacherHandler).Update-fm (3 handlers)
[GIN-debug] DELETE /api/v1/teachers/:id      --> backend/handler.(*TeacherHandler).Delete-fm (3 handlers)
[GIN-debug] [WARNING] You trusted all proxies, this is NOT safe. We recommend you to set a value.
Please check https://pkg.go.dev/github.com/gin-gonic/gin#readme-don-t-trust-all-proxies for details.
[GIN-debug] Listening and serving HTTP on :8080
router/router.go has changed
building...
running...
2026/08/12 07:07:22 &{localhost 8080 dev} &{user user1 3306 lesson db} &{redis 6379  0}
2026/08/12 07:07:22 init redis
2026/08/12 07:07:22 sql Open success
[GIN-debug] [WARNING] Running in "debug" mode. Switch to "release" mode in production.
 - using env:	export GIN_MODE=release
 - using code:	gin.SetMode(gin.ReleaseMode)

[GIN-debug] POST   /api/v1/teacher/login     --> backend/handler.(*AuthHandler).TeacherLogin-fm (2 handlers)
[GIN-debug] POST   /api/v1/student/login     --> backend/handler.(*AuthHandler).StudentLogin-fm (2 handlers)
[GIN-debug] POST   /api/v1/Logout            --> backend/handler.(*AuthHandler).Logout-fm (2 handlers)
[GIN-debug] POST   /api/v1/teacher/create    --> backend/handler.(*TeacherHandler).Create-fm (2 handlers)
[GIN-debug] POST   /api/v1/student/create    --> backend/handler.(*StudentHandler).Create-fm (2 handlers)
[GIN-debug] GET    /api/v1/students/         --> backend/handler.(*StudentHandler).List-fm (3 handlers)
[GIN-debug] GET    /api/v1/students/:id      --> backend/handler.(*StudentHandler).GetByID-fm (3 handlers)
[GIN-debug] PUT    /api/v1/students/:id      --> backend/handler.(*StudentHandler).Update-fm (3 handlers)
[GIN-debug] DELETE /api/v1/students/:id      --> backend/handler.(*StudentHandler).Delete-fm (3 handlers)
[GIN-debug] GET    /api/v1/students/student/:id --> backend/handler.(*StudentHandler).GetLessonByID-fm (3 handlers)
[GIN-debug] POST   /api/v1/lessons/          --> backend/handler.(*LessonHandler).Create-fm (2 handlers)
[GIN-debug] GET    /api/v1/lessons/          --> backend/handler.(*LessonHandler).List-fm (3 handlers)
[GIN-debug] PUT    /api/v1/lessons/:id       --> backend/handler.(*LessonHandler).Update-fm (3 handlers)
[GIN-debug] DELETE /api/v1/lessons/:id       --> backend/handler.(*LessonHandler).Delete-fm (3 handlers)
[GIN-debug] GET    /api/v1/lessons/:id/lessonList --> backend/handler.(*TeacherHandler).GetLessonByID-fm (3 handlers)
[GIN-debug] GET    /api/v1/teachers/:id      --> backend/handler.(*TeacherHandler).GetByID-fm (3 handlers)
[GIN-debug] PUT    /api/v1/teachers/:id      --> backend/handler.(*TeacherHandler).Update-fm (3 handlers)
[GIN-debug] DELETE /api/v1/teachers/:id      --> backend/handler.(*TeacherHandler).Delete-fm (3 handlers)
[GIN-debug] [WARNING] You trusted all proxies, this is NOT safe. We recommend you to set a value.
Please check https://pkg.go.dev/github.com/gin-gonic/gin#readme-don-t-trust-all-proxies for details.
[GIN-debug] Listening and serving HTTP on :8080
router/router.go has changed
building...
running...
2026/08/12 07:07:23 &{localhost 8080 dev} &{user user1 3306 lesson db} &{redis 6379  0}
2026/08/12 07:07:23 init redis
2026/08/12 07:07:23 sql Open success
[GIN-debug] [WARNING] Running in "debug" mode. Switch to "release" mode in production.
 - using env:	export GIN_MODE=release
 - using code:	gin.SetMode(gin.ReleaseMode)

[GIN-debug] POST   /api/v1/teacher/login     --> backend/handler.(*AuthHandler).TeacherLogin-fm (2 handlers)
[GIN-debug] POST   /api/v1/student/login     --> backend/handler.(*AuthHandler).StudentLogin-fm (2 handlers)
[GIN-debug] POST   /api/v1/Logout            --> backend/handler.(*AuthHandler).Logout-fm (2 handlers)
[GIN-debug] POST   /api/v1/teacher/create    --> backend/handler.(*TeacherHandler).Create-fm (2 handlers)
[GIN-debug] POST   /api/v1/student/create    --> backend/handler.(*StudentHandler).Create-fm (2 handlers)
[GIN-debug] GET    /api/v1/students/         --> backend/handler.(*StudentHandler).List-fm (3 handlers)
[GIN-debug] GET    /api/v1/students/:id      --> backend/handler.(*StudentHandler).GetByID-fm (3 handlers)
[GIN-debug] PUT    /api/v1/students/:id      --> backend/handler.(*StudentHandler).Update-fm (3 handlers)
[GIN-debug] DELETE /api/v1/students/:id      --> backend/handler.(*StudentHandler).Delete-fm (3 handlers)
[GIN-debug] GET    /api/v1/students/student/:id --> backend/handler.(*StudentHandler).GetLessonByID-fm (3 handlers)
[GIN-debug] POST   /api/v1/lessons/          --> backend/handler.(*LessonHandler).Create-fm (2 handlers)
[GIN-debug] GET    /api/v1/lessons/          --> backend/handler.(*LessonHandler).List-fm (3 handlers)
[GIN-debug] PUT    /api/v1/lessons/:id       --> backend/handler.(*LessonHandler).Update-fm (3 handlers)
[GIN-debug] DELETE /api/v1/lessons/:id       --> backend/handler.(*LessonHandler).Delete-fm (3 handlers)
[GIN-debug] GET    /api/v1/lessons/:id/lessonList --> backend/handler.(*TeacherHandler).GetLessonByID-fm (3 handlers)
[GIN-debug] GET    /api/v1/teachers/:id      --> backend/handler.(*TeacherHandler).GetByID-fm (3 handlers)
[GIN-debug] PUT    /api/v1/teachers/:id      --> backend/handler.(*TeacherHandler).Update-fm (3 handlers)
[GIN-debug] DELETE /api/v1/teachers/:id      --> backend/handler.(*TeacherHandler).Delete-fm (3 handlers)
[GIN-debug] GET    /api/v1/teachers/         --> backend/handler.(*TeacherHandler).List-fm (3 handlers)
[GIN-debug] [WARNING] You trusted all proxies, this is NOT safe. We recommend you to set a value.
Please check https://pkg.go.dev/github.com/gin-gonic/gin#readme-don-t-trust-all-proxies for details.
[GIN-debug] Listening and serving HTTP on :8080
router/router.go has changed
building...
running...
2026/08/12 07:08:17 &{localhost 8080 dev} &{user user1 3306 lesson db} &{redis 6379  0}
2026/08/12 07:08:17 init redis
2026/08/12 07:08:17 sql Open success
[GIN-debug] [WARNING] Running in "debug" mode. Switch to "release" mode in production.
 - using env:	export GIN_MODE=release
 - using code:	gin.SetMode(gin.ReleaseMode)

[GIN-debug] POST   /api/v1/teacher/login     --> backend/handler.(*AuthHandler).TeacherLogin-fm (2 handlers)
[GIN-debug] POST   /api/v1/student/login     --> backend/handler.(*AuthHandler).StudentLogin-fm (2 handlers)
[GIN-debug] POST   /api/v1/Logout            --> backend/handler.(*AuthHandler).Logout-fm (2 handlers)
[GIN-debug] POST   /api/v1/teacher/create    --> backend/handler.(*TeacherHandler).Create-fm (2 handlers)
[GIN-debug] POST   /api/v1/student/create    --> backend/handler.(*StudentHandler).Create-fm (2 handlers)
[GIN-debug] GET    /api/v1/students/         --> backend/handler.(*StudentHandler).List-fm (3 handlers)
[GIN-debug] GET    /api/v1/students/:id      --> backend/handler.(*StudentHandler).GetByID-fm (3 handlers)
[GIN-debug] PUT    /api/v1/students/:id      --> backend/handler.(*StudentHandler).Update-fm (3 handlers)
[GIN-debug] DELETE /api/v1/students/:id      --> backend/handler.(*StudentHandler).Delete-fm (3 handlers)
[GIN-debug] GET    /api/v1/students/student/:id --> backend/handler.(*StudentHandler).GetLessonByID-fm (3 handlers)
[GIN-debug] POST   /api/v1/lessons/          --> backend/handler.(*LessonHandler).Create-fm (2 handlers)
[GIN-debug] GET    /api/v1/lessons/          --> backend/handler.(*LessonHandler).List-fm (3 handlers)
[GIN-debug] PUT    /api/v1/lessons/:id       --> backend/handler.(*LessonHandler).Update-fm (3 handlers)
[GIN-debug] DELETE /api/v1/lessons/:id       --> backend/handler.(*LessonHandler).Delete-fm (3 handlers)
[GIN-debug] GET    /api/v1/teachers/:id/lessonList --> backend/handler.(*TeacherHandler).GetLessonByID-fm (3 handlers)
[GIN-debug] GET    /api/v1/teachers/:id      --> backend/handler.(*TeacherHandler).GetByID-fm (3 handlers)
[GIN-debug] PUT    /api/v1/teachers/:id      --> backend/handler.(*TeacherHandler).Update-fm (3 handlers)
[GIN-debug] DELETE /api/v1/teachers/:id      --> backend/handler.(*TeacherHandler).Delete-fm (3 handlers)
[GIN-debug] GET    /api/v1/teachers/         --> backend/handler.(*TeacherHandler).List-fm (3 handlers)
[GIN-debug] [WARNING] You trusted all proxies, this is NOT safe. We recommend you to set a value.
Please check https://pkg.go.dev/github.com/gin-gonic/gin#readme-don-t-trust-all-proxies for details.
[GIN-debug] Listening and serving HTTP on :8080
2026/08/12 07:08:25 Checking session in Redis with key: lesson_session:e24c90c09bdd6d329c46705f47c4bf37

2026/08/12 07:08:25 [31;1m/app/services/teacher_service.go:76 [35;1mlessons: unsupported relations for schema Teacher
[0m[33m[0.422ms] [34;1m[rows:1][0m SELECT * FROM `teachers` WHERE `teachers`.`id` = 1 ORDER BY `teachers`.`id` LIMIT 1
2026/08/12 07:08:25 Checking session in Redis with key: lesson_session:e24c90c09bdd6d329c46705f47c4bf37

2026/08/12 07:08:25 [31;1m/app/services/teacher_service.go:76 [35;1mlessons: unsupported relations for schema Teacher
[0m[33m[0.581ms] [34;1m[rows:1][0m SELECT * FROM `teachers` WHERE `teachers`.`id` = 1 ORDER BY `teachers`.`id` LIMIT 1
services/teacher_service.go has changed
building...
running...
2026/08/12 07:10:13 &{localhost 8080 dev} &{user user1 3306 lesson db} &{redis 6379  0}
2026/08/12 07:10:13 init redis
2026/08/12 07:10:13 sql Open success
[GIN-debug] [WARNING] Running in "debug" mode. Switch to "release" mode in production.
 - using env:	export GIN_MODE=release
 - using code:	gin.SetMode(gin.ReleaseMode)

[GIN-debug] POST   /api/v1/teacher/login     --> backend/handler.(*AuthHandler).TeacherLogin-fm (2 handlers)
[GIN-debug] POST   /api/v1/student/login     --> backend/handler.(*AuthHandler).StudentLogin-fm (2 handlers)
[GIN-debug] POST   /api/v1/Logout            --> backend/handler.(*AuthHandler).Logout-fm (2 handlers)
[GIN-debug] POST   /api/v1/teacher/create    --> backend/handler.(*TeacherHandler).Create-fm (2 handlers)
[GIN-debug] POST   /api/v1/student/create    --> backend/handler.(*StudentHandler).Create-fm (2 handlers)
[GIN-debug] GET    /api/v1/students/         --> backend/handler.(*StudentHandler).List-fm (3 handlers)
[GIN-debug] GET    /api/v1/students/:id      --> backend/handler.(*StudentHandler).GetByID-fm (3 handlers)
[GIN-debug] PUT    /api/v1/students/:id      --> backend/handler.(*StudentHandler).Update-fm (3 handlers)
[GIN-debug] DELETE /api/v1/students/:id      --> backend/handler.(*StudentHandler).Delete-fm (3 handlers)
[GIN-debug] GET    /api/v1/students/student/:id --> backend/handler.(*StudentHandler).GetLessonByID-fm (3 handlers)
[GIN-debug] POST   /api/v1/lessons/          --> backend/handler.(*LessonHandler).Create-fm (2 handlers)
[GIN-debug] GET    /api/v1/lessons/          --> backend/handler.(*LessonHandler).List-fm (3 handlers)
[GIN-debug] PUT    /api/v1/lessons/:id       --> backend/handler.(*LessonHandler).Update-fm (3 handlers)
[GIN-debug] DELETE /api/v1/lessons/:id       --> backend/handler.(*LessonHandler).Delete-fm (3 handlers)
[GIN-debug] GET    /api/v1/teachers/:id/lessonList --> backend/handler.(*TeacherHandler).GetLessonByID-fm (3 handlers)
[GIN-debug] GET    /api/v1/teachers/:id      --> backend/handler.(*TeacherHandler).GetByID-fm (3 handlers)
[GIN-debug] PUT    /api/v1/teachers/:id      --> backend/handler.(*TeacherHandler).Update-fm (3 handlers)
[GIN-debug] DELETE /api/v1/teachers/:id      --> backend/handler.(*TeacherHandler).Delete-fm (3 handlers)
[GIN-debug] GET    /api/v1/teachers/         --> backend/handler.(*TeacherHandler).List-fm (3 handlers)
[GIN-debug] [WARNING] You trusted all proxies, this is NOT safe. We recommend you to set a value.
Please check https://pkg.go.dev/github.com/gin-gonic/gin#readme-don-t-trust-all-proxies for details.
[GIN-debug] Listening and serving HTTP on :8080
services/teacher_service.go has changed
building...
running...
2026/08/12 07:10:24 &{localhost 8080 dev} &{user user1 3306 lesson db} &{redis 6379  0}
2026/08/12 07:10:24 init redis
2026/08/12 07:10:24 sql Open success
[GIN-debug] [WARNING] Running in "debug" mode. Switch to "release" mode in production.
 - using env:	export GIN_MODE=release
 - using code:	gin.SetMode(gin.ReleaseMode)

[GIN-debug] POST   /api/v1/teacher/login     --> backend/handler.(*AuthHandler).TeacherLogin-fm (2 handlers)
[GIN-debug] POST   /api/v1/student/login     --> backend/handler.(*AuthHandler).StudentLogin-fm (2 handlers)
[GIN-debug] POST   /api/v1/Logout            --> backend/handler.(*AuthHandler).Logout-fm (2 handlers)
[GIN-debug] POST   /api/v1/teacher/create    --> backend/handler.(*TeacherHandler).Create-fm (2 handlers)
[GIN-debug] POST   /api/v1/student/create    --> backend/handler.(*StudentHandler).Create-fm (2 handlers)
[GIN-debug] GET    /api/v1/students/         --> backend/handler.(*StudentHandler).List-fm (3 handlers)
[GIN-debug] GET    /api/v1/students/:id      --> backend/handler.(*StudentHandler).GetByID-fm (3 handlers)
[GIN-debug] PUT    /api/v1/students/:id      --> backend/handler.(*StudentHandler).Update-fm (3 handlers)
[GIN-debug] DELETE /api/v1/students/:id      --> backend/handler.(*StudentHandler).Delete-fm (3 handlers)
[GIN-debug] GET    /api/v1/students/student/:id --> backend/handler.(*StudentHandler).GetLessonByID-fm (3 handlers)
[GIN-debug] POST   /api/v1/lessons/          --> backend/handler.(*LessonHandler).Create-fm (2 handlers)
[GIN-debug] GET    /api/v1/lessons/          --> backend/handler.(*LessonHandler).List-fm (3 handlers)
[GIN-debug] PUT    /api/v1/lessons/:id       --> backend/handler.(*LessonHandler).Update-fm (3 handlers)
[GIN-debug] DELETE /api/v1/lessons/:id       --> backend/handler.(*LessonHandler).Delete-fm (3 handlers)
[GIN-debug] GET    /api/v1/teachers/:id/lessonList --> backend/handler.(*TeacherHandler).GetLessonByID-fm (3 handlers)
[GIN-debug] GET    /api/v1/teachers/:id      --> backend/handler.(*TeacherHandler).GetByID-fm (3 handlers)
[GIN-debug] PUT    /api/v1/teachers/:id      --> backend/handler.(*TeacherHandler).Update-fm (3 handlers)
[GIN-debug] DELETE /api/v1/teachers/:id      --> backend/handler.(*TeacherHandler).Delete-fm (3 handlers)
[GIN-debug] GET    /api/v1/teachers/         --> backend/handler.(*TeacherHandler).List-fm (3 handlers)
[GIN-debug] [WARNING] You trusted all proxies, this is NOT safe. We recommend you to set a value.
Please check https://pkg.go.dev/github.com/gin-gonic/gin#readme-don-t-trust-all-proxies for details.
[GIN-debug] Listening and serving HTTP on :8080
2026/08/12 07:10:28 Checking session in Redis with key: lesson_session:e24c90c09bdd6d329c46705f47c4bf37
2026/08/12 07:10:28 Checking session in Redis with key: lesson_session:e24c90c09bdd6d329c46705f47c4bf37
2026/08/12 07:16:36 Checking session in Redis with key: lesson_session:e24c90c09bdd6d329c46705f47c4bf37
2026/08/12 07:16:36 Checking session in Redis with key: lesson_session:e24c90c09bdd6d329c46705f47c4bf37
2026/08/12 07:16:46 Checking session in Redis with key: lesson_session:e24c90c09bdd6d329c46705f47c4bf37
2026/08/12 07:17:28 Checking session in Redis with key: lesson_session:e24c90c09bdd6d329c46705f47c4bf37
2026/08/12 07:17:28 Checking session in Redis with key: lesson_session:e24c90c09bdd6d329c46705f47c4bf37
2026/08/12 07:19:41 Checking session in Redis with key: lesson_session:e24c90c09bdd6d329c46705f47c4bf37
2026/08/12 07:19:41 Checking session in Redis with key: lesson_session:e24c90c09bdd6d329c46705f47c4bf37
2026/08/12 07:20:56 Checking session in Redis with key: lesson_session:e24c90c09bdd6d329c46705f47c4bf37
2026/08/12 07:21:54 Checking session in Redis with key: lesson_session:e24c90c09bdd6d329c46705f47c4bf37
2026/08/12 07:21:54 Checking session in Redis with key: lesson_session:e24c90c09bdd6d329c46705f47c4bf37
2026/08/12 07:21:59 Checking session in Redis with key: lesson_session:e24c90c09bdd6d329c46705f47c4bf37
2026/08/12 07:21:59 Checking session in Redis with key: lesson_session:e24c90c09bdd6d329c46705f47c4bf37
2026/08/12 07:23:25 transcation {1 $2a$10$/OB9u34bJQtCSSCqTdVww.dAOTBVlR7uJUcb8e8kBZ/avcILoXOwe 魔法老師 magic@mail.com 09876544321 致力於殺死所有麻瓜 黑魔法領域 []}
router/router.go has changed
building...
running...
2026/08/12 07:23:56 &{localhost 8080 dev} &{user user1 3306 lesson db} &{redis 6379  0}
2026/08/12 07:23:56 init redis
2026/08/12 07:23:56 sql Open success
[GIN-debug] GET    /api/v1/students/:id      --> backend/handler.(*StudentHandler).GetByID-fm (3 handlers)
[GIN-debug] PUT    /api/v1/students/:id      --> backend/handler.(*StudentHandler).Update-fm (3 handlers)
[GIN-debug] DELETE /api/v1/students/:id      --> backend/handler.(*StudentHandler).Delete-fm (3 handlers)
[GIN-debug] GET    /api/v1/students/student/:id --> backend/handler.(*StudentHandler).GetLessonByID-fm (3 handlers)
[GIN-debug] GET    /api/v1/lessons/          --> backend/handler.(*LessonHandler).List-fm (3 handlers)
[GIN-debug] PUT    /api/v1/lessons/:id       --> backend/handler.(*LessonHandler).Update-fm (3 handlers)
[GIN-debug] DELETE /api/v1/lessons/:id       --> backend/handler.(*LessonHandler).Delete-fm (3 handlers)
[GIN-debug] [WARNING] Running in "debug" mode. Switch to "release" mode in production.
 - using env:	export GIN_MODE=release
 - using code:	gin.SetMode(gin.ReleaseMode)

[GIN-debug] POST   /api/v1/teacher/login     --> backend/handler.(*AuthHandler).TeacherLogin-fm (2 handlers)
[GIN-debug] POST   /api/v1/student/login     --> backend/handler.(*AuthHandler).StudentLogin-fm (2 handlers)
[GIN-debug] POST   /api/v1/Logout            --> backend/handler.(*AuthHandler).Logout-fm (2 handlers)
[GIN-debug] POST   /api/v1/teacher/create    --> backend/handler.(*TeacherHandler).Create-fm (2 handlers)
[GIN-debug] POST   /api/v1/student/create    --> backend/handler.(*StudentHandler).Create-fm (2 handlers)
[GIN-debug] GET    /api/v1/students/         --> backend/handler.(*StudentHandler).List-fm (3 handlers)
[GIN-debug] GET    /api/v1/teachers/:id/lessonList --> backend/handler.(*TeacherHandler).GetLessonByID-fm (3 handlers)
[GIN-debug] GET    /api/v1/teachers/:id      --> backend/handler.(*TeacherHandler).GetByID-fm (3 handlers)
[GIN-debug] PUT    /api/v1/teachers/:id      --> backend/handler.(*TeacherHandler).Update-fm (3 handlers)
[GIN-debug] DELETE /api/v1/teachers/:id      --> backend/handler.(*TeacherHandler).Delete-fm (3 handlers)
[GIN-debug] GET    /api/v1/teachers/         --> backend/handler.(*TeacherHandler).List-fm (3 handlers)
[GIN-debug] [WARNING] You trusted all proxies, this is NOT safe. We recommend you to set a value.
Please check https://pkg.go.dev/github.com/gin-gonic/gin#readme-don-t-trust-all-proxies for details.
[GIN-debug] Listening and serving HTTP on :8080
router/router.go has changed
building...
running...
2026/08/12 07:23:59 &{localhost 8080 dev} &{user user1 3306 lesson db} &{redis 6379  0}
2026/08/12 07:23:59 init redis
2026/08/12 07:23:59 sql Open success
[GIN-debug] [WARNING] Running in "debug" mode. Switch to "release" mode in production.
 - using env:	export GIN_MODE=release
 - using code:	gin.SetMode(gin.ReleaseMode)

[GIN-debug] POST   /api/v1/teacher/login     --> backend/handler.(*AuthHandler).TeacherLogin-fm (2 handlers)
[GIN-debug] POST   /api/v1/student/login     --> backend/handler.(*AuthHandler).StudentLogin-fm (2 handlers)
[GIN-debug] POST   /api/v1/Logout            --> backend/handler.(*AuthHandler).Logout-fm (2 handlers)
[GIN-debug] POST   /api/v1/teacher/create    --> backend/handler.(*TeacherHandler).Create-fm (2 handlers)
[GIN-debug] POST   /api/v1/student/create    --> backend/handler.(*StudentHandler).Create-fm (2 handlers)
[GIN-debug] GET    /api/v1/students/         --> backend/handler.(*StudentHandler).List-fm (3 handlers)
[GIN-debug] GET    /api/v1/students/:id      --> backend/handler.(*StudentHandler).GetByID-fm (3 handlers)
[GIN-debug] PUT    /api/v1/students/:id      --> backend/handler.(*StudentHandler).Update-fm (3 handlers)
[GIN-debug] DELETE /api/v1/students/:id      --> backend/handler.(*StudentHandler).Delete-fm (3 handlers)
[GIN-debug] GET    /api/v1/students/student/:id --> backend/handler.(*StudentHandler).GetLessonByID-fm (3 handlers)
[GIN-debug] POST   /api/v1/lessons/          --> backend/handler.(*LessonHandler).Create-fm (3 handlers)
[GIN-debug] GET    /api/v1/lessons/          --> backend/handler.(*LessonHandler).List-fm (3 handlers)
[GIN-debug] PUT    /api/v1/lessons/:id       --> backend/handler.(*LessonHandler).Update-fm (3 handlers)
[GIN-debug] DELETE /api/v1/lessons/:id       --> backend/handler.(*LessonHandler).Delete-fm (3 handlers)
[GIN-debug] GET    /api/v1/teachers/:id/lessonList --> backend/handler.(*TeacherHandler).GetLessonByID-fm (3 handlers)
[GIN-debug] GET    /api/v1/teachers/:id      --> backend/handler.(*TeacherHandler).GetByID-fm (3 handlers)
[GIN-debug] PUT    /api/v1/teachers/:id      --> backend/handler.(*TeacherHandler).Update-fm (3 handlers)
[GIN-debug] DELETE /api/v1/teachers/:id      --> backend/handler.(*TeacherHandler).Delete-fm (3 handlers)
[GIN-debug] GET    /api/v1/teachers/         --> backend/handler.(*TeacherHandler).List-fm (3 handlers)
[GIN-debug] [WARNING] You trusted all proxies, this is NOT safe. We recommend you to set a value.
Please check https://pkg.go.dev/github.com/gin-gonic/gin#readme-don-t-trust-all-proxies for details.
[GIN-debug] Listening and serving HTTP on :8080
router/router.go has changed
building...
running...
2026/08/12 07:24:02 &{localhost 8080 dev} &{user user1 3306 lesson db} &{redis 6379  0}
2026/08/12 07:24:02 init redis
2026/08/12 07:24:02 sql Open success
[GIN-debug] [WARNING] Running in "debug" mode. Switch to "release" mode in production.
 - using env:	export GIN_MODE=release
 - using code:	gin.SetMode(gin.ReleaseMode)

[GIN-debug] POST   /api/v1/teacher/login     --> backend/handler.(*AuthHandler).TeacherLogin-fm (2 handlers)
[GIN-debug] POST   /api/v1/student/login     --> backend/handler.(*AuthHandler).StudentLogin-fm (2 handlers)
[GIN-debug] POST   /api/v1/Logout            --> backend/handler.(*AuthHandler).Logout-fm (2 handlers)
[GIN-debug] POST   /api/v1/teacher/create    --> backend/handler.(*TeacherHandler).Create-fm (2 handlers)
[GIN-debug] POST   /api/v1/student/create    --> backend/handler.(*StudentHandler).Create-fm (2 handlers)
[GIN-debug] GET    /api/v1/students/         --> backend/handler.(*StudentHandler).List-fm (3 handlers)
[GIN-debug] GET    /api/v1/students/:id      --> backend/handler.(*StudentHandler).GetByID-fm (3 handlers)
[GIN-debug] PUT    /api/v1/students/:id      --> backend/handler.(*StudentHandler).Update-fm (3 handlers)
[GIN-debug] DELETE /api/v1/students/:id      --> backend/handler.(*StudentHandler).Delete-fm (3 handlers)
[GIN-debug] GET    /api/v1/students/student/:id --> backend/handler.(*StudentHandler).GetLessonByID-fm (3 handlers)
[GIN-debug] POST   /api/v1/lessons/          --> backend/handler.(*LessonHandler).Create-fm (3 handlers)
[GIN-debug] GET    /api/v1/lessons/          --> backend/handler.(*LessonHandler).List-fm (3 handlers)
[GIN-debug] PUT    /api/v1/lessons/:id       --> backend/handler.(*LessonHandler).Update-fm (3 handlers)
[GIN-debug] DELETE /api/v1/lessons/:id       --> backend/handler.(*LessonHandler).Delete-fm (3 handlers)
[GIN-debug] GET    /api/v1/teachers/:id/lessonList --> backend/handler.(*TeacherHandler).GetLessonByID-fm (3 handlers)
[GIN-debug] GET    /api/v1/teachers/:id      --> backend/handler.(*TeacherHandler).GetByID-fm (3 handlers)
[GIN-debug] PUT    /api/v1/teachers/:id      --> backend/handler.(*TeacherHandler).Update-fm (3 handlers)
[GIN-debug] DELETE /api/v1/teachers/:id      --> backend/handler.(*TeacherHandler).Delete-fm (3 handlers)
[GIN-debug] GET    /api/v1/teachers/         --> backend/handler.(*TeacherHandler).List-fm (3 handlers)
[GIN-debug] [WARNING] You trusted all proxies, this is NOT safe. We recommend you to set a value.
Please check https://pkg.go.dev/github.com/gin-gonic/gin#readme-don-t-trust-all-proxies for details.
[GIN-debug] Listening and serving HTTP on :8080
models/teacher.go has changed
building...
running...
2026/08/12 07:27:16 &{localhost 8080 dev} &{user user1 3306 lesson db} &{redis 6379  0}
2026/08/12 07:27:16 init redis
2026/08/12 07:27:16 sql Open success
[GIN-debug] [WARNING] Running in "debug" mode. Switch to "release" mode in production.
 - using env:	export GIN_MODE=release
 - using code:	gin.SetMode(gin.ReleaseMode)

[GIN-debug] POST   /api/v1/teacher/login     --> backend/handler.(*AuthHandler).TeacherLogin-fm (2 handlers)
[GIN-debug] POST   /api/v1/student/login     --> backend/handler.(*AuthHandler).StudentLogin-fm (2 handlers)
[GIN-debug] POST   /api/v1/Logout            --> backend/handler.(*AuthHandler).Logout-fm (2 handlers)
[GIN-debug] POST   /api/v1/teacher/create    --> backend/handler.(*TeacherHandler).Create-fm (2 handlers)
[GIN-debug] POST   /api/v1/student/create    --> backend/handler.(*StudentHandler).Create-fm (2 handlers)
[GIN-debug] GET    /api/v1/students/         --> backend/handler.(*StudentHandler).List-fm (3 handlers)
[GIN-debug] GET    /api/v1/students/:id      --> backend/handler.(*StudentHandler).GetByID-fm (3 handlers)
[GIN-debug] PUT    /api/v1/students/:id      --> backend/handler.(*StudentHandler).Update-fm (3 handlers)
[GIN-debug] DELETE /api/v1/students/:id      --> backend/handler.(*StudentHandler).Delete-fm (3 handlers)
[GIN-debug] GET    /api/v1/students/student/:id --> backend/handler.(*StudentHandler).GetLessonByID-fm (3 handlers)
[GIN-debug] POST   /api/v1/lessons/          --> backend/handler.(*LessonHandler).Create-fm (3 handlers)
[GIN-debug] GET    /api/v1/lessons/          --> backend/handler.(*LessonHandler).List-fm (3 handlers)
[GIN-debug] PUT    /api/v1/lessons/:id       --> backend/handler.(*LessonHandler).Update-fm (3 handlers)
[GIN-debug] DELETE /api/v1/lessons/:id       --> backend/handler.(*LessonHandler).Delete-fm (3 handlers)
[GIN-debug] GET    /api/v1/teachers/:id/lessonList --> backend/handler.(*TeacherHandler).GetLessonByID-fm (3 handlers)
[GIN-debug] GET    /api/v1/teachers/:id      --> backend/handler.(*TeacherHandler).GetByID-fm (3 handlers)
[GIN-debug] PUT    /api/v1/teachers/:id      --> backend/handler.(*TeacherHandler).Update-fm (3 handlers)
[GIN-debug] DELETE /api/v1/teachers/:id      --> backend/handler.(*TeacherHandler).Delete-fm (3 handlers)
[GIN-debug] GET    /api/v1/teachers/         --> backend/handler.(*TeacherHandler).List-fm (3 handlers)
[GIN-debug] [WARNING] You trusted all proxies, this is NOT safe. We recommend you to set a value.
Please check https://pkg.go.dev/github.com/gin-gonic/gin#readme-don-t-trust-all-proxies for details.
[GIN-debug] Listening and serving HTTP on :8080
models/teacher.go has changed
building...
running...
2026/08/12 07:27:18 &{localhost 8080 dev} &{user user1 3306 lesson db} &{redis 6379  0}
2026/08/12 07:27:18 init redis
2026/08/12 07:27:18 sql Open success
[GIN-debug] [WARNING] Running in "debug" mode. Switch to "release" mode in production.
 - using env:	export GIN_MODE=release
 - using code:	gin.SetMode(gin.ReleaseMode)

[GIN-debug] POST   /api/v1/teacher/login     --> backend/handler.(*AuthHandler).TeacherLogin-fm (2 handlers)
[GIN-debug] POST   /api/v1/student/login     --> backend/handler.(*AuthHandler).StudentLogin-fm (2 handlers)
[GIN-debug] POST   /api/v1/Logout            --> backend/handler.(*AuthHandler).Logout-fm (2 handlers)
[GIN-debug] POST   /api/v1/teacher/create    --> backend/handler.(*TeacherHandler).Create-fm (2 handlers)
[GIN-debug] POST   /api/v1/student/create    --> backend/handler.(*StudentHandler).Create-fm (2 handlers)
[GIN-debug] GET    /api/v1/students/         --> backend/handler.(*StudentHandler).List-fm (3 handlers)
[GIN-debug] GET    /api/v1/students/:id      --> backend/handler.(*StudentHandler).GetByID-fm (3 handlers)
[GIN-debug] PUT    /api/v1/students/:id      --> backend/handler.(*StudentHandler).Update-fm (3 handlers)
[GIN-debug] DELETE /api/v1/students/:id      --> backend/handler.(*StudentHandler).Delete-fm (3 handlers)
[GIN-debug] GET    /api/v1/students/student/:id --> backend/handler.(*StudentHandler).GetLessonByID-fm (3 handlers)
[GIN-debug] POST   /api/v1/lessons/          --> backend/handler.(*LessonHandler).Create-fm (3 handlers)
[GIN-debug] GET    /api/v1/lessons/          --> backend/handler.(*LessonHandler).List-fm (3 handlers)
[GIN-debug] PUT    /api/v1/lessons/:id       --> backend/handler.(*LessonHandler).Update-fm (3 handlers)
[GIN-debug] DELETE /api/v1/lessons/:id       --> backend/handler.(*LessonHandler).Delete-fm (3 handlers)
[GIN-debug] GET    /api/v1/teachers/:id/lessonList --> backend/handler.(*TeacherHandler).GetLessonByID-fm (3 handlers)
[GIN-debug] GET    /api/v1/teachers/:id      --> backend/handler.(*TeacherHandler).GetByID-fm (3 handlers)
[GIN-debug] PUT    /api/v1/teachers/:id      --> backend/handler.(*TeacherHandler).Update-fm (3 handlers)
[GIN-debug] DELETE /api/v1/teachers/:id      --> backend/handler.(*TeacherHandler).Delete-fm (3 handlers)
[GIN-debug] GET    /api/v1/teachers/         --> backend/handler.(*TeacherHandler).List-fm (3 handlers)
[GIN-debug] [WARNING] You trusted all proxies, this is NOT safe. We recommend you to set a value.
Please check https://pkg.go.dev/github.com/gin-gonic/gin#readme-don-t-trust-all-proxies for details.
[GIN-debug] Listening and serving HTTP on :8080
services/lesson_service.go has changed
building...
running...
2026/08/12 07:27:21 &{localhost 8080 dev} &{user user1 3306 lesson db} &{redis 6379  0}
2026/08/12 07:27:21 init redis
2026/08/12 07:27:21 sql Open success
[GIN-debug] [WARNING] Running in "debug" mode. Switch to "release" mode in production.
 - using env:	export GIN_MODE=release
 - using code:	gin.SetMode(gin.ReleaseMode)

[GIN-debug] PUT    /api/v1/students/:id      --> backend/handler.(*StudentHandler).Update-fm (3 handlers)
[GIN-debug] DELETE /api/v1/students/:id      --> backend/handler.(*StudentHandler).Delete-fm (3 handlers)
[GIN-debug] GET    /api/v1/students/student/:id --> backend/handler.(*StudentHandler).GetLessonByID-fm (3 handlers)
[GIN-debug] POST   /api/v1/lessons/          --> backend/handler.(*LessonHandler).Create-fm (3 handlers)
[GIN-debug] GET    /api/v1/lessons/          --> backend/handler.(*LessonHandler).List-fm (3 handlers)
[GIN-debug] PUT    /api/v1/lessons/:id       --> backend/handler.(*LessonHandler).Update-fm (3 handlers)
[GIN-debug] POST   /api/v1/teacher/login     --> backend/handler.(*AuthHandler).TeacherLogin-fm (2 handlers)
[GIN-debug] POST   /api/v1/student/login     --> backend/handler.(*AuthHandler).StudentLogin-fm (2 handlers)
[GIN-debug] POST   /api/v1/Logout            --> backend/handler.(*AuthHandler).Logout-fm (2 handlers)
[GIN-debug] POST   /api/v1/teacher/create    --> backend/handler.(*TeacherHandler).Create-fm (2 handlers)
[GIN-debug] POST   /api/v1/student/create    --> backend/handler.(*StudentHandler).Create-fm (2 handlers)
[GIN-debug] GET    /api/v1/students/         --> backend/handler.(*StudentHandler).List-fm (3 handlers)
[GIN-debug] GET    /api/v1/students/:id      --> backend/handler.(*StudentHandler).GetByID-fm (3 handlers)
[GIN-debug] DELETE /api/v1/lessons/:id       --> backend/handler.(*LessonHandler).Delete-fm (3 handlers)
[GIN-debug] GET    /api/v1/teachers/:id/lessonList --> backend/handler.(*TeacherHandler).GetLessonByID-fm (3 handlers)
[GIN-debug] GET    /api/v1/teachers/:id      --> backend/handler.(*TeacherHandler).GetByID-fm (3 handlers)
[GIN-debug] PUT    /api/v1/teachers/:id      --> backend/handler.(*TeacherHandler).Update-fm (3 handlers)
[GIN-debug] DELETE /api/v1/teachers/:id      --> backend/handler.(*TeacherHandler).Delete-fm (3 handlers)
[GIN-debug] GET    /api/v1/teachers/         --> backend/handler.(*TeacherHandler).List-fm (3 handlers)
[GIN-debug] [WARNING] You trusted all proxies, this is NOT safe. We recommend you to set a value.
Please check https://pkg.go.dev/github.com/gin-gonic/gin#readme-don-t-trust-all-proxies for details.
[GIN-debug] Listening and serving HTTP on :8080
2026/08/12 07:27:28 Checking session in Redis with key: lesson_session:e24c90c09bdd6d329c46705f47c4bf37
2026/08/12 07:27:28 transcation {1 $2a$10$/OB9u34bJQtCSSCqTdVww.dAOTBVlR7uJUcb8e8kBZ/avcILoXOwe 魔法老師 magic@mail.com 09876544321 致力於殺死所有麻瓜 黑魔法領域 []}
services/lesson_service.go has changed
building...
running...
2026/08/12 07:48:37 &{localhost 8080 dev} &{user user1 3306 lesson db} &{redis 6379  0}
2026/08/12 07:48:37 init redis
2026/08/12 07:48:37 sql Open success
[GIN-debug] [WARNING] Running in "debug" mode. Switch to "release" mode in production.
 - using env:	export GIN_MODE=release
 - using code:	gin.SetMode(gin.ReleaseMode)

[GIN-debug] POST   /api/v1/teacher/login     --> backend/handler.(*AuthHandler).TeacherLogin-fm (2 handlers)
[GIN-debug] POST   /api/v1/student/login     --> backend/handler.(*AuthHandler).StudentLogin-fm (2 handlers)
[GIN-debug] POST   /api/v1/Logout            --> backend/handler.(*AuthHandler).Logout-fm (2 handlers)
[GIN-debug] POST   /api/v1/teacher/create    --> backend/handler.(*TeacherHandler).Create-fm (2 handlers)
[GIN-debug] POST   /api/v1/student/create    --> backend/handler.(*StudentHandler).Create-fm (2 handlers)
[GIN-debug] GET    /api/v1/students/         --> backend/handler.(*StudentHandler).List-fm (3 handlers)
[GIN-debug] GET    /api/v1/students/:id      --> backend/handler.(*StudentHandler).GetByID-fm (3 handlers)
[GIN-debug] PUT    /api/v1/students/:id      --> backend/handler.(*StudentHandler).Update-fm (3 handlers)
[GIN-debug] DELETE /api/v1/students/:id      --> backend/handler.(*StudentHandler).Delete-fm (3 handlers)
[GIN-debug] GET    /api/v1/students/student/:id --> backend/handler.(*StudentHandler).GetLessonByID-fm (3 handlers)
[GIN-debug] POST   /api/v1/lessons/          --> backend/handler.(*LessonHandler).Create-fm (3 handlers)
[GIN-debug] GET    /api/v1/lessons/          --> backend/handler.(*LessonHandler).List-fm (3 handlers)
[GIN-debug] PUT    /api/v1/lessons/:id       --> backend/handler.(*LessonHandler).Update-fm (3 handlers)
[GIN-debug] DELETE /api/v1/lessons/:id       --> backend/handler.(*LessonHandler).Delete-fm (3 handlers)
[GIN-debug] GET    /api/v1/teachers/:id/lessonList --> backend/handler.(*TeacherHandler).GetLessonByID-fm (3 handlers)
[GIN-debug] GET    /api/v1/teachers/:id      --> backend/handler.(*TeacherHandler).GetByID-fm (3 handlers)
[GIN-debug] PUT    /api/v1/teachers/:id      --> backend/handler.(*TeacherHandler).Update-fm (3 handlers)
[GIN-debug] DELETE /api/v1/teachers/:id      --> backend/handler.(*TeacherHandler).Delete-fm (3 handlers)
[GIN-debug] GET    /api/v1/teachers/         --> backend/handler.(*TeacherHandler).List-fm (3 handlers)
[GIN-debug] [WARNING] You trusted all proxies, this is NOT safe. We recommend you to set a value.
Please check https://pkg.go.dev/github.com/gin-gonic/gin#readme-don-t-trust-all-proxies for details.
[GIN-debug] Listening and serving HTTP on :8080
services/lesson_service.go has changed
building...
running...
2026/08/12 07:48:54 &{localhost 8080 dev} &{user user1 3306 lesson db} &{redis 6379  0}
2026/08/12 07:48:54 init redis
2026/08/12 07:48:54 sql Open success
[GIN-debug] POST   /api/v1/teacher/login     --> backend/handler.(*AuthHandler).TeacherLogin-fm (2 handlers)
[GIN-debug] POST   /api/v1/student/login     --> backend/handler.(*AuthHandler).StudentLogin-fm (2 handlers)
[GIN-debug] POST   /api/v1/Logout            --> backend/handler.(*AuthHandler).Logout-fm (2 handlers)
[GIN-debug] POST   /api/v1/teacher/create    --> backend/handler.(*TeacherHandler).Create-fm (2 handlers)
[GIN-debug] POST   /api/v1/student/create    --> backend/handler.(*StudentHandler).Create-fm (2 handlers)
[GIN-debug] GET    /api/v1/students/         --> backend/handler.(*StudentHandler).List-fm (3 handlers)
[GIN-debug] GET    /api/v1/students/:id      --> backend/handler.(*StudentHandler).GetByID-fm (3 handlers)
[GIN-debug] PUT    /api/v1/students/:id      --> backend/handler.(*StudentHandler).Update-fm (3 handlers)
[GIN-debug] DELETE /api/v1/students/:id      --> backend/handler.(*StudentHandler).Delete-fm (3 handlers)
[GIN-debug] GET    /api/v1/students/student/:id --> backend/handler.(*StudentHandler).GetLessonByID-fm (3 handlers)
[GIN-debug] POST   /api/v1/lessons/          --> backend/handler.(*LessonHandler).Create-fm (3 handlers)
[GIN-debug] GET    /api/v1/lessons/          --> backend/handler.(*LessonHandler).List-fm (3 handlers)
[GIN-debug] PUT    /api/v1/lessons/:id       --> backend/handler.(*LessonHandler).Update-fm (3 handlers)
[GIN-debug] DELETE /api/v1/lessons/:id       --> backend/handler.(*LessonHandler).Delete-fm (3 handlers)
[GIN-debug] GET    /api/v1/teachers/:id/lessonList --> backend/handler.(*TeacherHandler).GetLessonByID-fm (3 handlers)
[GIN-debug] GET    /api/v1/teachers/:id      --> backend/handler.(*TeacherHandler).GetByID-fm (3 handlers)
[GIN-debug] PUT    /api/v1/teachers/:id      --> backend/handler.(*TeacherHandler).Update-fm (3 handlers)
[GIN-debug] DELETE /api/v1/teachers/:id      --> backend/handler.(*TeacherHandler).Delete-fm (3 handlers)
[GIN-debug] GET    /api/v1/teachers/         --> backend/handler.(*TeacherHandler).List-fm (3 handlers)
[GIN-debug] [WARNING] You trusted all proxies, this is NOT safe. We recommend you to set a value.
Please check https://pkg.go.dev/github.com/gin-gonic/gin#readme-don-t-trust-all-proxies for details.
[GIN-debug] Listening and serving HTTP on :8080
[GIN-debug] [WARNING] Running in "debug" mode. Switch to "release" mode in production.
 - using env:	export GIN_MODE=release
 - using code:	gin.SetMode(gin.ReleaseMode)

services/lesson_service.go has changed
building...
running...
2026/08/12 07:49:06 &{localhost 8080 dev} &{user user1 3306 lesson db} &{redis 6379  0}
2026/08/12 07:49:06 init redis
2026/08/12 07:49:06 sql Open success
services/lesson_service.go has changed
building...
running...
2026/08/12 07:49:07 &{localhost 8080 dev} &{user user1 3306 lesson db} &{redis 6379  0}
2026/08/12 07:49:07 init redis
2026/08/12 07:49:07 sql Open success
[GIN-debug] [WARNING] Running in "debug" mode. Switch to "release" mode in production.
 - using env:	export GIN_MODE=release
 - using code:	gin.SetMode(gin.ReleaseMode)

[GIN-debug] POST   /api/v1/teacher/login     --> backend/handler.(*AuthHandler).TeacherLogin-fm (2 handlers)
[GIN-debug] POST   /api/v1/student/login     --> backend/handler.(*AuthHandler).StudentLogin-fm (2 handlers)
[GIN-debug] POST   /api/v1/Logout            --> backend/handler.(*AuthHandler).Logout-fm (2 handlers)
[GIN-debug] POST   /api/v1/teacher/create    --> backend/handler.(*TeacherHandler).Create-fm (2 handlers)
[GIN-debug] POST   /api/v1/student/create    --> backend/handler.(*StudentHandler).Create-fm (2 handlers)
[GIN-debug] GET    /api/v1/students/         --> backend/handler.(*StudentHandler).List-fm (3 handlers)
[GIN-debug] GET    /api/v1/students/:id      --> backend/handler.(*StudentHandler).GetByID-fm (3 handlers)
[GIN-debug] PUT    /api/v1/students/:id      --> backend/handler.(*StudentHandler).Update-fm (3 handlers)
[GIN-debug] DELETE /api/v1/students/:id      --> backend/handler.(*StudentHandler).Delete-fm (3 handlers)
[GIN-debug] GET    /api/v1/students/student/:id --> backend/handler.(*StudentHandler).GetLessonByID-fm (3 handlers)
[GIN-debug] POST   /api/v1/lessons/          --> backend/handler.(*LessonHandler).Create-fm (3 handlers)
[GIN-debug] GET    /api/v1/lessons/          --> backend/handler.(*LessonHandler).List-fm (3 handlers)
[GIN-debug] PUT    /api/v1/lessons/:id       --> backend/handler.(*LessonHandler).Update-fm (3 handlers)
[GIN-debug] DELETE /api/v1/lessons/:id       --> backend/handler.(*LessonHandler).Delete-fm (3 handlers)
[GIN-debug] GET    /api/v1/teachers/:id/lessonList --> backend/handler.(*TeacherHandler).GetLessonByID-fm (3 handlers)
[GIN-debug] GET    /api/v1/teachers/:id      --> backend/handler.(*TeacherHandler).GetByID-fm (3 handlers)
[GIN-debug] PUT    /api/v1/teachers/:id      --> backend/handler.(*TeacherHandler).Update-fm (3 handlers)
[GIN-debug] DELETE /api/v1/teachers/:id      --> backend/handler.(*TeacherHandler).Delete-fm (3 handlers)
[GIN-debug] GET    /api/v1/teachers/         --> backend/handler.(*TeacherHandler).List-fm (3 handlers)
[GIN-debug] [WARNING] You trusted all proxies, this is NOT safe. We recommend you to set a value.
Please check https://pkg.go.dev/github.com/gin-gonic/gin#readme-don-t-trust-all-proxies for details.
[GIN-debug] Listening and serving HTTP on :8080
2026/08/12 07:49:10 Checking session in Redis with key: lesson_session:e24c90c09bdd6d329c46705f47c4bf37
2026/08/12 07:49:10 transcation {1 $2a$10$/OB9u34bJQtCSSCqTdVww.dAOTBVlR7uJUcb8e8kBZ/avcILoXOwe 魔法老師 magic@mail.com 09876544321 致力於殺死所有麻瓜 黑魔法領域 []}
2026/08/12 07:50:10 Checking session in Redis with key: lesson_session:e24c90c09bdd6d329c46705f47c4bf37
2026/08/12 07:50:10 Checking session in Redis with key: lesson_session:e24c90c09bdd6d329c46705f47c4bf37
2026/08/12 07:54:00 Checking session in Redis with key: lesson_session:e24c90c09bdd6d329c46705f47c4bf37
2026/08/12 07:54:00 transcation {1 $2a$10$/OB9u34bJQtCSSCqTdVww.dAOTBVlR7uJUcb8e8kBZ/avcILoXOwe 魔法老師 magic@mail.com 09876544321 致力於殺死所有麻瓜 黑魔法領域 []}
2026/08/12 07:54:02 Checking session in Redis with key: lesson_session:e24c90c09bdd6d329c46705f47c4bf37
2026/08/12 07:54:02 Checking session in Redis with key: lesson_session:e24c90c09bdd6d329c46705f47c4bf37
database/mariadb.go has changed
building...
# backend/database
database/mariadb.go:43:19: syntax error: unexpected newline in argument list; possibly missing comma or )
failed to build, error: exit status 1
database/mariadb.go has changed
building...
# backend/database
database/mariadb.go:43:19: syntax error: unexpected name ㄝ in argument list; possibly missing comma or )
failed to build, error: exit status 1
database/mariadb.go has changed
building...
running...
2026/08/12 07:55:01 &{localhost 8080 dev} &{user user1 3306 lesson db} &{redis 6379  0}
2026/08/12 07:55:01 init redis
2026/08/12 07:55:01 sql Open success
[GIN-debug] [WARNING] Running in "debug" mode. Switch to "release" mode in production.
 - using env:	export GIN_MODE=release
 - using code:	gin.SetMode(gin.ReleaseMode)

[GIN-debug] POST   /api/v1/teacher/login     --> backend/handler.(*AuthHandler).TeacherLogin-fm (2 handlers)
[GIN-debug] POST   /api/v1/student/login     --> backend/handler.(*AuthHandler).StudentLogin-fm (2 handlers)
[GIN-debug] POST   /api/v1/Logout            --> backend/handler.(*AuthHandler).Logout-fm (2 handlers)
[GIN-debug] POST   /api/v1/teacher/create    --> backend/handler.(*TeacherHandler).Create-fm (2 handlers)
[GIN-debug] POST   /api/v1/student/create    --> backend/handler.(*StudentHandler).Create-fm (2 handlers)
[GIN-debug] GET    /api/v1/students/         --> backend/handler.(*StudentHandler).List-fm (3 handlers)
[GIN-debug] GET    /api/v1/students/:id      --> backend/handler.(*StudentHandler).GetByID-fm (3 handlers)
[GIN-debug] PUT    /api/v1/students/:id      --> backend/handler.(*StudentHandler).Update-fm (3 handlers)
[GIN-debug] DELETE /api/v1/students/:id      --> backend/handler.(*StudentHandler).Delete-fm (3 handlers)
[GIN-debug] GET    /api/v1/students/student/:id --> backend/handler.(*StudentHandler).GetLessonByID-fm (3 handlers)
[GIN-debug] POST   /api/v1/lessons/          --> backend/handler.(*LessonHandler).Create-fm (3 handlers)
[GIN-debug] GET    /api/v1/lessons/          --> backend/handler.(*LessonHandler).List-fm (3 handlers)
[GIN-debug] PUT    /api/v1/lessons/:id       --> backend/handler.(*LessonHandler).Update-fm (3 handlers)
[GIN-debug] DELETE /api/v1/lessons/:id       --> backend/handler.(*LessonHandler).Delete-fm (3 handlers)
[GIN-debug] GET    /api/v1/teachers/:id/lessonList --> backend/handler.(*TeacherHandler).GetLessonByID-fm (3 handlers)
[GIN-debug] GET    /api/v1/teachers/:id      --> backend/handler.(*TeacherHandler).GetByID-fm (3 handlers)
[GIN-debug] PUT    /api/v1/teachers/:id      --> backend/handler.(*TeacherHandler).Update-fm (3 handlers)
[GIN-debug] DELETE /api/v1/teachers/:id      --> backend/handler.(*TeacherHandler).Delete-fm (3 handlers)
[GIN-debug] GET    /api/v1/teachers/         --> backend/handler.(*TeacherHandler).List-fm (3 handlers)
[GIN-debug] [WARNING] You trusted all proxies, this is NOT safe. We recommend you to set a value.
Please check https://pkg.go.dev/github.com/gin-gonic/gin#readme-don-t-trust-all-proxies for details.
[GIN-debug] Listening and serving HTTP on :8080
2026/08/12 07:58:47 Checking session in Redis with key: lesson_session:e24c90c09bdd6d329c46705f47c4bf37
2026/08/12 07:58:47 Checking session in Redis with key: lesson_session:e24c90c09bdd6d329c46705f47c4bf37
2026/08/12 07:58:48 Checking session in Redis with key: lesson_session:e24c90c09bdd6d329c46705f47c4bf37
2026/08/12 07:58:48 Checking session in Redis with key: lesson_session:e24c90c09bdd6d329c46705f47c4bf37
2026/08/12 07:59:24 Checking session in Redis with key: lesson_session:e24c90c09bdd6d329c46705f47c4bf37
2026/08/12 07:59:24 Checking session in Redis with key: lesson_session:e24c90c09bdd6d329c46705f47c4bf37
2026/08/12 07:59:25 Checking session in Redis with key: lesson_session:e24c90c09bdd6d329c46705f47c4bf37
2026/08/12 07:59:25 Checking session in Redis with key: lesson_session:e24c90c09bdd6d329c46705f47c4bf37
router/router.go has changed
building...
running...
2026/08/12 08:00:32 &{localhost 8080 dev} &{user user1 3306 lesson db} &{redis 6379  0}
2026/08/12 08:00:32 init redis
2026/08/12 08:00:32 sql Open success
[GIN-debug] [WARNING] Running in "debug" mode. Switch to "release" mode in production.
 - using env:	export GIN_MODE=release
 - using code:	gin.SetMode(gin.ReleaseMode)

[GIN-debug] POST   /api/v1/teacher/login     --> backend/handler.(*AuthHandler).TeacherLogin-fm (2 handlers)
[GIN-debug] POST   /api/v1/student/login     --> backend/handler.(*AuthHandler).StudentLogin-fm (2 handlers)
[GIN-debug] POST   /api/v1/Logout            --> backend/handler.(*AuthHandler).Logout-fm (2 handlers)
[GIN-debug] POST   /api/v1/teacher/create    --> backend/handler.(*TeacherHandler).Create-fm (2 handlers)
[GIN-debug] POST   /api/v1/student/create    --> backend/handler.(*StudentHandler).Create-fm (2 handlers)
[GIN-debug] GET    /api/v1/students/         --> backend/handler.(*StudentHandler).List-fm (3 handlers)
[GIN-debug] GET    /api/v1/students/:id      --> backend/handler.(*StudentHandler).GetByID-fm (3 handlers)
[GIN-debug] PUT    /api/v1/students/:id      --> backend/handler.(*StudentHandler).Update-fm (3 handlers)
[GIN-debug] DELETE /api/v1/students/:id      --> backend/handler.(*StudentHandler).Delete-fm (3 handlers)
[GIN-debug] GET    /api/v1/students/student/:id --> backend/handler.(*StudentHandler).GetLessonByID-fm (3 handlers)
[GIN-debug] POST   /api/v1/lessons/          --> backend/handler.(*LessonHandler).Create-fm (3 handlers)
[GIN-debug] GET    /api/v1/lessons/          --> backend/handler.(*LessonHandler).List-fm (3 handlers)
[GIN-debug] PUT    /api/v1/lessons/:id       --> backend/handler.(*LessonHandler).Update-fm (3 handlers)
[GIN-debug] DELETE /api/v1/lessons/:id       --> backend/handler.(*LessonHandler).Delete-fm (3 handlers)
[GIN-debug] GET    /api/v1/teachers/:id/lessonList --> backend/handler.(*TeacherHandler).GetLessonByID-fm (3 handlers)
[GIN-debug] GET    /api/v1/teachers/:id      --> backend/handler.(*TeacherHandler).GetByID-fm (3 handlers)
[GIN-debug] PUT    /api/v1/teachers/:id      --> backend/handler.(*TeacherHandler).Update-fm (3 handlers)
[GIN-debug] DELETE /api/v1/teachers/:id      --> backend/handler.(*TeacherHandler).Delete-fm (3 handlers)
[GIN-debug] GET    /api/v1/teachers/         --> backend/handler.(*TeacherHandler).List-fm (3 handlers)
[GIN-debug] [WARNING] You trusted all proxies, this is NOT safe. We recommend you to set a value.
Please check https://pkg.go.dev/github.com/gin-gonic/gin#readme-don-t-trust-all-proxies for details.
[GIN-debug] Listening and serving HTTP on :8080
router/router.go has changed
building...
running...
2026/08/12 08:00:37 &{localhost 8080 dev} &{user user1 3306 lesson db} &{redis 6379  0}
2026/08/12 08:00:37 init redis
2026/08/12 08:00:37 sql Open success
[GIN-debug] [WARNING] Running in "debug" mode. Switch to "release" mode in production.
 - using env:	export GIN_MODE=release
 - using code:	gin.SetMode(gin.ReleaseMode)

[GIN-debug] POST   /api/v1/teacher/login     --> backend/handler.(*AuthHandler).TeacherLogin-fm (2 handlers)
[GIN-debug] POST   /api/v1/student/login     --> backend/handler.(*AuthHandler).StudentLogin-fm (2 handlers)
[GIN-debug] POST   /api/v1/Logout            --> backend/handler.(*AuthHandler).Logout-fm (2 handlers)
[GIN-debug] POST   /api/v1/teacher/create    --> backend/handler.(*TeacherHandler).Create-fm (2 handlers)
[GIN-debug] POST   /api/v1/student/create    --> backend/handler.(*StudentHandler).Create-fm (2 handlers)
[GIN-debug] GET    /api/v1/students/         --> backend/handler.(*StudentHandler).List-fm (3 handlers)
[GIN-debug] GET    /api/v1/students/:id      --> backend/handler.(*StudentHandler).GetByID-fm (3 handlers)
[GIN-debug] PUT    /api/v1/students/:id      --> backend/handler.(*StudentHandler).Update-fm (3 handlers)
[GIN-debug] DELETE /api/v1/students/:id      --> backend/handler.(*StudentHandler).Delete-fm (3 handlers)
[GIN-debug] GET    /api/v1/students/student/:id --> backend/handler.(*StudentHandler).GetLessonByID-fm (3 handlers)
[GIN-debug] POST   /api/v1/lessons/          --> backend/handler.(*LessonHandler).Create-fm (3 handlers)
[GIN-debug] GET    /api/v1/lessons/          --> backend/handler.(*LessonHandler).List-fm (3 handlers)
[GIN-debug] PUT    /api/v1/lessons/:id       --> backend/handler.(*LessonHandler).Update-fm (3 handlers)
[GIN-debug] DELETE /api/v1/lessons/:id       --> backend/handler.(*LessonHandler).Delete-fm (3 handlers)
[GIN-debug] GET    /api/v1/teachers/:id/lessonList --> backend/handler.(*TeacherHandler).GetLessonByID-fm (3 handlers)
[GIN-debug] GET    /api/v1/teachers/:id      --> backend/handler.(*TeacherHandler).GetByID-fm (3 handlers)
[GIN-debug] PUT    /api/v1/teachers/:id      --> backend/handler.(*TeacherHandler).Update-fm (3 handlers)
[GIN-debug] DELETE /api/v1/teachers/:id      --> backend/handler.(*TeacherHandler).Delete-fm (3 handlers)
[GIN-debug] GET    /api/v1/teachers/         --> backend/handler.(*TeacherHandler).List-fm (3 handlers)
[GIN-debug] [WARNING] You trusted all proxies, this is NOT safe. We recommend you to set a value.
Please check https://pkg.go.dev/github.com/gin-gonic/gin#readme-don-t-trust-all-proxies for details.
[GIN-debug] Listening and serving HTTP on :8080
router/router.go has changed
building...
running...
2026/08/12 08:00:41 &{localhost 8080 dev} &{user user1 3306 lesson db} &{redis 6379  0}
2026/08/12 08:00:41 init redis
2026/08/12 08:00:41 sql Open success
[GIN-debug] [WARNING] Running in "debug" mode. Switch to "release" mode in production.
 - using env:	export GIN_MODE=release
 - using code:	gin.SetMode(gin.ReleaseMode)

[GIN-debug] POST   /api/v1/teacher/login     --> backend/handler.(*AuthHandler).TeacherLogin-fm (2 handlers)
[GIN-debug] POST   /api/v1/student/login     --> backend/handler.(*AuthHandler).StudentLogin-fm (2 handlers)
[GIN-debug] POST   /api/v1/Logout            --> backend/handler.(*AuthHandler).Logout-fm (2 handlers)
[GIN-debug] POST   /api/v1/teacher/create    --> backend/handler.(*TeacherHandler).Create-fm (2 handlers)
[GIN-debug] POST   /api/v1/student/create    --> backend/handler.(*StudentHandler).Create-fm (2 handlers)
[GIN-debug] GET    /api/v1/students/         --> backend/handler.(*StudentHandler).List-fm (3 handlers)
[GIN-debug] GET    /api/v1/students/:id      --> backend/handler.(*StudentHandler).GetByID-fm (3 handlers)
[GIN-debug] PUT    /api/v1/students/:id      --> backend/handler.(*StudentHandler).Update-fm (3 handlers)
[GIN-debug] DELETE /api/v1/students/:id      --> backend/handler.(*StudentHandler).Delete-fm (3 handlers)
[GIN-debug] GET    /api/v1/students/student/:id --> backend/handler.(*StudentHandler).GetLessonByID-fm (3 handlers)
[GIN-debug] POST   /api/v1/lessons/          --> backend/handler.(*LessonHandler).Create-fm (3 handlers)
[GIN-debug] GET    /api/v1/lessons/          --> backend/handler.(*LessonHandler).List-fm (3 handlers)
[GIN-debug] PUT    /api/v1/lessons/:id       --> backend/handler.(*LessonHandler).Update-fm (3 handlers)
[GIN-debug] DELETE /api/v1/lessons/:id       --> backend/handler.(*LessonHandler).Delete-fm (3 handlers)
[GIN-debug] GET    /api/v1/teachers/:id      --> backend/handler.(*TeacherHandler).GetByID-fm (3 handlers)
[GIN-debug] PUT    /api/v1/teachers/:id      --> backend/handler.(*TeacherHandler).Update-fm (3 handlers)
[GIN-debug] DELETE /api/v1/teachers/:id      --> backend/handler.(*TeacherHandler).Delete-fm (3 handlers)
[GIN-debug] GET    /api/v1/teachers/         --> backend/handler.(*TeacherHandler).List-fm (3 handlers)
[GIN-debug] [WARNING] You trusted all proxies, this is NOT safe. We recommend you to set a value.
Please check https://pkg.go.dev/github.com/gin-gonic/gin#readme-don-t-trust-all-proxies for details.
[GIN-debug] Listening and serving HTTP on :8080
router/router.go has changed
building...
running...
2026/08/12 08:00:43 &{localhost 8080 dev} &{user user1 3306 lesson db} &{redis 6379  0}
2026/08/12 08:00:43 init redis
2026/08/12 08:00:43 sql Open success
[GIN-debug] [WARNING] Running in "debug" mode. Switch to "release" mode in production.
 - using env:	export GIN_MODE=release
 - using code:	gin.SetMode(gin.ReleaseMode)

[GIN-debug] POST   /api/v1/teacher/login     --> backend/handler.(*AuthHandler).TeacherLogin-fm (2 handlers)
[GIN-debug] POST   /api/v1/student/login     --> backend/handler.(*AuthHandler).StudentLogin-fm (2 handlers)
[GIN-debug] POST   /api/v1/Logout            --> backend/handler.(*AuthHandler).Logout-fm (2 handlers)
[GIN-debug] POST   /api/v1/teacher/create    --> backend/handler.(*TeacherHandler).Create-fm (2 handlers)
[GIN-debug] POST   /api/v1/student/create    --> backend/handler.(*StudentHandler).Create-fm (2 handlers)
[GIN-debug] GET    /api/v1/students/         --> backend/handler.(*StudentHandler).List-fm (3 handlers)
[GIN-debug] GET    /api/v1/students/:id      --> backend/handler.(*StudentHandler).GetByID-fm (3 handlers)
[GIN-debug] PUT    /api/v1/students/:id      --> backend/handler.(*StudentHandler).Update-fm (3 handlers)
[GIN-debug] DELETE /api/v1/students/:id      --> backend/handler.(*StudentHandler).Delete-fm (3 handlers)
[GIN-debug] GET    /api/v1/students/student/:id --> backend/handler.(*StudentHandler).GetLessonByID-fm (3 handlers)
[GIN-debug] POST   /api/v1/lessons/          --> backend/handler.(*LessonHandler).Create-fm (3 handlers)
[GIN-debug] GET    /api/v1/lessons/          --> backend/handler.(*LessonHandler).List-fm (3 handlers)
[GIN-debug] PUT    /api/v1/lessons/:id       --> backend/handler.(*LessonHandler).Update-fm (3 handlers)
[GIN-debug] DELETE /api/v1/lessons/:id       --> backend/handler.(*LessonHandler).Delete-fm (3 handlers)
[GIN-debug] GET    /api/v1/teachers/:id      --> backend/handler.(*TeacherHandler).GetByID-fm (3 handlers)
[GIN-debug] PUT    /api/v1/teachers/:id      --> backend/handler.(*TeacherHandler).Update-fm (3 handlers)
[GIN-debug] DELETE /api/v1/teachers/:id      --> backend/handler.(*TeacherHandler).Delete-fm (3 handlers)
[GIN-debug] GET    /api/v1/teachers/         --> backend/handler.(*TeacherHandler).List-fm (3 handlers)
[GIN-debug] GET    /api/v1/teachers/:id/lessonList --> backend/handler.(*TeacherHandler).GetLessonByID-fm (3 handlers)
[GIN-debug] [WARNING] You trusted all proxies, this is NOT safe. We recommend you to set a value.
Please check https://pkg.go.dev/github.com/gin-gonic/gin#readme-don-t-trust-all-proxies for details.
[GIN-debug] Listening and serving HTTP on :8080
router/router.go has changed
building...
running...
2026/08/12 08:00:45 &{localhost 8080 dev} &{user user1 3306 lesson db} &{redis 6379  0}
2026/08/12 08:00:45 init redis
2026/08/12 08:00:45 sql Open success
[GIN-debug] [WARNING] Running in "debug" mode. Switch to "release" mode in production.
 - using env:	export GIN_MODE=release
 - using code:	gin.SetMode(gin.ReleaseMode)

[GIN-debug] POST   /api/v1/teacher/login     --> backend/handler.(*AuthHandler).TeacherLogin-fm (2 handlers)
[GIN-debug] POST   /api/v1/student/login     --> backend/handler.(*AuthHandler).StudentLogin-fm (2 handlers)
[GIN-debug] POST   /api/v1/Logout            --> backend/handler.(*AuthHandler).Logout-fm (2 handlers)
[GIN-debug] POST   /api/v1/teacher/create    --> backend/handler.(*TeacherHandler).Create-fm (2 handlers)
[GIN-debug] POST   /api/v1/student/create    --> backend/handler.(*StudentHandler).Create-fm (2 handlers)
[GIN-debug] GET    /api/v1/students/         --> backend/handler.(*StudentHandler).List-fm (3 handlers)
[GIN-debug] GET    /api/v1/students/:id      --> backend/handler.(*StudentHandler).GetByID-fm (3 handlers)
[GIN-debug] PUT    /api/v1/students/:id      --> backend/handler.(*StudentHandler).Update-fm (3 handlers)
[GIN-debug] DELETE /api/v1/students/:id      --> backend/handler.(*StudentHandler).Delete-fm (3 handlers)
[GIN-debug] GET    /api/v1/students/student/:id --> backend/handler.(*StudentHandler).GetLessonByID-fm (3 handlers)
[GIN-debug] POST   /api/v1/lessons/          --> backend/handler.(*LessonHandler).Create-fm (3 handlers)
[GIN-debug] GET    /api/v1/lessons/          --> backend/handler.(*LessonHandler).List-fm (3 handlers)
[GIN-debug] PUT    /api/v1/lessons/:id       --> backend/handler.(*LessonHandler).Update-fm (3 handlers)
[GIN-debug] DELETE /api/v1/lessons/:id       --> backend/handler.(*LessonHandler).Delete-fm (3 handlers)
[GIN-debug] GET    /api/v1/teachers/:id      --> backend/handler.(*TeacherHandler).GetByID-fm (3 handlers)
[GIN-debug] PUT    /api/v1/teachers/:id      --> backend/handler.(*TeacherHandler).Update-fm (3 handlers)
[GIN-debug] DELETE /api/v1/teachers/:id      --> backend/handler.(*TeacherHandler).Delete-fm (3 handlers)
[GIN-debug] GET    /api/v1/teachers/         --> backend/handler.(*TeacherHandler).List-fm (3 handlers)
[GIN-debug] GET    /api/v1/teachers/:id/lessonList --> backend/handler.(*TeacherHandler).GetLessonByID-fm (3 handlers)
[GIN-debug] [WARNING] You trusted all proxies, this is NOT safe. We recommend you to set a value.
Please check https://pkg.go.dev/github.com/gin-gonic/gin#readme-don-t-trust-all-proxies for details.
[GIN-debug] Listening and serving HTTP on :8080
router/router.go has changed
building...
running...
2026/08/12 08:00:49 &{localhost 8080 dev} &{user user1 3306 lesson db} &{redis 6379  0}
2026/08/12 08:00:49 init redis
2026/08/12 08:00:49 sql Open success
[GIN-debug] [WARNING] Running in "debug" mode. Switch to "release" mode in production.
 - using env:	export GIN_MODE=release
 - using code:	gin.SetMode(gin.ReleaseMode)

[GIN-debug] POST   /api/v1/teacher/login     --> backend/handler.(*AuthHandler).TeacherLogin-fm (2 handlers)
[GIN-debug] POST   /api/v1/student/login     --> backend/handler.(*AuthHandler).StudentLogin-fm (2 handlers)
[GIN-debug] POST   /api/v1/Logout            --> backend/handler.(*AuthHandler).Logout-fm (2 handlers)
[GIN-debug] POST   /api/v1/teacher/create    --> backend/handler.(*TeacherHandler).Create-fm (2 handlers)
[GIN-debug] POST   /api/v1/student/create    --> backend/handler.(*StudentHandler).Create-fm (2 handlers)
[GIN-debug] GET    /api/v1/students/         --> backend/handler.(*StudentHandler).List-fm (3 handlers)
[GIN-debug] GET    /api/v1/students/:id      --> backend/handler.(*StudentHandler).GetByID-fm (3 handlers)
[GIN-debug] PUT    /api/v1/students/:id      --> backend/handler.(*StudentHandler).Update-fm (3 handlers)
[GIN-debug] DELETE /api/v1/students/:id      --> backend/handler.(*StudentHandler).Delete-fm (3 handlers)
[GIN-debug] GET    /api/v1/students/student/:id --> backend/handler.(*StudentHandler).GetLessonByID-fm (3 handlers)
[GIN-debug] POST   /api/v1/lessons/          --> backend/handler.(*LessonHandler).Create-fm (3 handlers)
[GIN-debug] GET    /api/v1/lessons/          --> backend/handler.(*LessonHandler).List-fm (3 handlers)
[GIN-debug] PUT    /api/v1/lessons/:id       --> backend/handler.(*LessonHandler).Update-fm (3 handlers)
[GIN-debug] DELETE /api/v1/lessons/:id       --> backend/handler.(*LessonHandler).Delete-fm (3 handlers)
[GIN-debug] GET    /api/v1/teachers/:id      --> backend/handler.(*TeacherHandler).GetByID-fm (3 handlers)
[GIN-debug] PUT    /api/v1/teachers/:id      --> backend/handler.(*TeacherHandler).Update-fm (3 handlers)
[GIN-debug] DELETE /api/v1/teachers/:id      --> backend/handler.(*TeacherHandler).Delete-fm (3 handlers)
[GIN-debug] GET    /api/v1/teachers/:id/lessonList --> backend/handler.(*TeacherHandler).GetLessonByID-fm (3 handlers)
[GIN-debug] [WARNING] You trusted all proxies, this is NOT safe. We recommend you to set a value.
Please check https://pkg.go.dev/github.com/gin-gonic/gin#readme-don-t-trust-all-proxies for details.
[GIN-debug] Listening and serving HTTP on :8080
router/router.go has changed
building...
running...
2026/08/12 08:00:51 &{localhost 8080 dev} &{user user1 3306 lesson db} &{redis 6379  0}
2026/08/12 08:00:51 init redis
2026/08/12 08:00:51 sql Open success
[GIN-debug] [WARNING] Running in "debug" mode. Switch to "release" mode in production.
 - using env:	export GIN_MODE=release
 - using code:	gin.SetMode(gin.ReleaseMode)

[GIN-debug] POST   /api/v1/teacher/login     --> backend/handler.(*AuthHandler).TeacherLogin-fm (2 handlers)
[GIN-debug] POST   /api/v1/student/login     --> backend/handler.(*AuthHandler).StudentLogin-fm (2 handlers)
[GIN-debug] POST   /api/v1/Logout            --> backend/handler.(*AuthHandler).Logout-fm (2 handlers)
[GIN-debug] POST   /api/v1/teacher/create    --> backend/handler.(*TeacherHandler).Create-fm (2 handlers)
[GIN-debug] POST   /api/v1/student/create    --> backend/handler.(*StudentHandler).Create-fm (2 handlers)
[GIN-debug] GET    /api/v1/students/         --> backend/handler.(*StudentHandler).List-fm (3 handlers)
[GIN-debug] GET    /api/v1/students/:id      --> backend/handler.(*StudentHandler).GetByID-fm (3 handlers)
[GIN-debug] PUT    /api/v1/students/:id      --> backend/handler.(*StudentHandler).Update-fm (3 handlers)
[GIN-debug] DELETE /api/v1/students/:id      --> backend/handler.(*StudentHandler).Delete-fm (3 handlers)
[GIN-debug] GET    /api/v1/students/student/:id --> backend/handler.(*StudentHandler).GetLessonByID-fm (3 handlers)
[GIN-debug] POST   /api/v1/lessons/          --> backend/handler.(*LessonHandler).Create-fm (3 handlers)
[GIN-debug] GET    /api/v1/lessons/          --> backend/handler.(*LessonHandler).List-fm (3 handlers)
[GIN-debug] PUT    /api/v1/lessons/:id       --> backend/handler.(*LessonHandler).Update-fm (3 handlers)
[GIN-debug] DELETE /api/v1/lessons/:id       --> backend/handler.(*LessonHandler).Delete-fm (3 handlers)
[GIN-debug] GET    /api/v1/teachers/         --> backend/handler.(*TeacherHandler).List-fm (3 handlers)
[GIN-debug] GET    /api/v1/teachers/:id      --> backend/handler.(*TeacherHandler).GetByID-fm (3 handlers)
[GIN-debug] PUT    /api/v1/teachers/:id      --> backend/handler.(*TeacherHandler).Update-fm (3 handlers)
[GIN-debug] DELETE /api/v1/teachers/:id      --> backend/handler.(*TeacherHandler).Delete-fm (3 handlers)
[GIN-debug] GET    /api/v1/teachers/:id/lessonList --> backend/handler.(*TeacherHandler).GetLessonByID-fm (3 handlers)
[GIN-debug] [WARNING] You trusted all proxies, this is NOT safe. We recommend you to set a value.
Please check https://pkg.go.dev/github.com/gin-gonic/gin#readme-don-t-trust-all-proxies for details.
[GIN-debug] Listening and serving HTTP on :8080
router/router.go has changed
building...
running...
2026/08/12 08:01:02 &{localhost 8080 dev} &{user user1 3306 lesson db} &{redis 6379  0}
2026/08/12 08:01:02 init redis
2026/08/12 08:01:02 sql Open success
[GIN-debug] [WARNING] Running in "debug" mode. Switch to "release" mode in production.
 - using env:	export GIN_MODE=release
 - using code:	gin.SetMode(gin.ReleaseMode)

[GIN-debug] POST   /api/v1/teacher/login     --> backend/handler.(*AuthHandler).TeacherLogin-fm (2 handlers)
[GIN-debug] POST   /api/v1/student/login     --> backend/handler.(*AuthHandler).StudentLogin-fm (2 handlers)
[GIN-debug] POST   /api/v1/Logout            --> backend/handler.(*AuthHandler).Logout-fm (2 handlers)
[GIN-debug] POST   /api/v1/teacher/create    --> backend/handler.(*TeacherHandler).Create-fm (2 handlers)
[GIN-debug] POST   /api/v1/student/create    --> backend/handler.(*StudentHandler).Create-fm (2 handlers)
[GIN-debug] GET    /api/v1/students/         --> backend/handler.(*StudentHandler).List-fm (3 handlers)
[GIN-debug] GET    /api/v1/students/:id      --> backend/handler.(*StudentHandler).GetByID-fm (3 handlers)
[GIN-debug] PUT    /api/v1/students/:id      --> backend/handler.(*StudentHandler).Update-fm (3 handlers)
[GIN-debug] DELETE /api/v1/students/:id      --> backend/handler.(*StudentHandler).Delete-fm (3 handlers)
[GIN-debug] GET    /api/v1/students/student/:id --> backend/handler.(*StudentHandler).GetLessonByID-fm (3 handlers)
[GIN-debug] POST   /api/v1/lessons/          --> backend/handler.(*LessonHandler).Create-fm (3 handlers)
[GIN-debug] GET    /api/v1/lessons/          --> backend/handler.(*LessonHandler).List-fm (3 handlers)
[GIN-debug] PUT    /api/v1/lessons/:id       --> backend/handler.(*LessonHandler).Update-fm (3 handlers)
[GIN-debug] DELETE /api/v1/lessons/:id       --> backend/handler.(*LessonHandler).Delete-fm (3 handlers)
[GIN-debug] GET    /api/v1/teachers/         --> backend/handler.(*TeacherHandler).List-fm (3 handlers)
[GIN-debug] GET    /api/v1/teachers/:id      --> backend/handler.(*TeacherHandler).GetByID-fm (3 handlers)
[GIN-debug] PUT    /api/v1/teachers/:id      --> backend/handler.(*TeacherHandler).Update-fm (3 handlers)
[GIN-debug] DELETE /api/v1/teachers/:id      --> backend/handler.(*TeacherHandler).Delete-fm (3 handlers)
[GIN-debug] GET    /api/v1/teachers/:id/lessonList --> backend/handler.(*TeacherHandler).GetLessonByID-fm (3 handlers)
[GIN-debug] [WARNING] You trusted all proxies, this is NOT safe. We recommend you to set a value.
Please check https://pkg.go.dev/github.com/gin-gonic/gin#readme-don-t-trust-all-proxies for details.
[GIN-debug] Listening and serving HTTP on :8080
2026/08/12 08:01:30 Checking session in Redis with key: lesson_session:e24c90c09bdd6d329c46705f47c4bf37
2026/08/12 08:01:30 Checking session in Redis with key: lesson_session:e24c90c09bdd6d329c46705f47c4bf37
2026/08/12 08:03:37 Checking session in Redis with key: lesson_session:e24c90c09bdd6d329c46705f47c4bf37
2026/08/12 08:03:37 Checking session in Redis with key: lesson_session:e24c90c09bdd6d329c46705f47c4bf37
2026/08/12 08:03:39 Checking session in Redis with key: lesson_session:e24c90c09bdd6d329c46705f47c4bf37
2026/08/12 08:03:39 Checking session in Redis with key: lesson_session:e24c90c09bdd6d329c46705f47c4bf37
2026/08/12 08:03:44 Checking session in Redis with key: lesson_session:e24c90c09bdd6d329c46705f47c4bf37
2026/08/12 08:03:44 Checking session in Redis with key: lesson_session:e24c90c09bdd6d329c46705f47c4bf37
Retrieved and deleted value: teacher:1
2026/08/12 10:48:59 Checking session in Redis with key: lesson_session:7fc51444fcebecd22b7a129a16f2554c
2026/08/12 10:48:59 Checking session in Redis with key: lesson_session:7fc51444fcebecd22b7a129a16f2554c
2026/08/12 10:49:09 Checking session in Redis with key: lesson_session:7fc51444fcebecd22b7a129a16f2554c
2026/08/12 10:49:09 Checking session in Redis with key: lesson_session:7fc51444fcebecd22b7a129a16f2554c
2026/08/12 10:49:10 Checking session in Redis with key: lesson_session:7fc51444fcebecd22b7a129a16f2554c
2026/08/12 10:49:10 Checking session in Redis with key: lesson_session:7fc51444fcebecd22b7a129a16f2554c
2026/08/12 10:49:13 Checking session in Redis with key: lesson_session:7fc51444fcebecd22b7a129a16f2554c
2026/08/12 10:49:13 Checking session in Redis with key: lesson_session:7fc51444fcebecd22b7a129a16f2554c
2026/08/12 10:52:12 Checking session in Redis with key: lesson_session:7fc51444fcebecd22b7a129a16f2554c
2026/08/12 10:52:12 Checking session in Redis with key: lesson_session:7fc51444fcebecd22b7a129a16f2554c
2026/08/12 10:56:19 Checking session in Redis with key: lesson_session:7fc51444fcebecd22b7a129a16f2554c
2026/08/12 10:56:21 Checking session in Redis with key: lesson_session:7fc51444fcebecd22b7a129a16f2554c
2026/08/12 10:56:24 Checking session in Redis with key: lesson_session:7fc51444fcebecd22b7a129a16f2554c
2026/08/12 10:56:28 Checking session in Redis with key: lesson_session:7fc51444fcebecd22b7a129a16f2554c
router/router.go has changed
building...
running...
2026/08/12 10:57:36 &{localhost 8080 dev} &{user user1 3306 lesson db} &{redis 6379  0}
2026/08/12 10:57:36 init redis
2026/08/12 10:57:36 sql Open success
[GIN-debug] [WARNING] Running in "debug" mode. Switch to "release" mode in production.
 - using env:	export GIN_MODE=release
 - using code:	gin.SetMode(gin.ReleaseMode)

[GIN-debug] POST   /api/v1/teacher/login     --> backend/handler.(*AuthHandler).TeacherLogin-fm (2 handlers)
[GIN-debug] POST   /api/v1/student/login     --> backend/handler.(*AuthHandler).StudentLogin-fm (2 handlers)
[GIN-debug] POST   /api/v1/Logout            --> backend/handler.(*AuthHandler).Logout-fm (2 handlers)
[GIN-debug] POST   /api/v1/teacher/create    --> backend/handler.(*TeacherHandler).Create-fm (2 handlers)
[GIN-debug] POST   /api/v1/student/create    --> backend/handler.(*StudentHandler).Create-fm (2 handlers)
[GIN-debug] GET    /api/v1/students/         --> backend/handler.(*StudentHandler).List-fm (3 handlers)
[GIN-debug] GET    /api/v1/students/:id      --> backend/handler.(*StudentHandler).GetByID-fm (3 handlers)
[GIN-debug] PUT    /api/v1/students/:id      --> backend/handler.(*StudentHandler).Update-fm (3 handlers)
[GIN-debug] DELETE /api/v1/students/:id      --> backend/handler.(*StudentHandler).Delete-fm (3 handlers)
[GIN-debug] GET    /api/v1/students/student/:id --> backend/handler.(*StudentHandler).GetLessonByID-fm (3 handlers)
[GIN-debug] POST   /api/v1/lessons/          --> backend/handler.(*LessonHandler).Create-fm (3 handlers)
[GIN-debug] GET    /api/v1/lessons/          --> backend/handler.(*LessonHandler).List-fm (3 handlers)
[GIN-debug] PUT    /api/v1/lessons/:id       --> backend/handler.(*LessonHandler).Update-fm (3 handlers)
[GIN-debug] DELETE /api/v1/lessons/:id       --> backend/handler.(*LessonHandler).Delete-fm (3 handlers)
[GIN-debug] GET    /api/v1/teachers/         --> backend/handler.(*TeacherHandler).List-fm (3 handlers)
[GIN-debug] GET    /api/v1/teachers/:id      --> backend/handler.(*TeacherHandler).GetByID-fm (3 handlers)
[GIN-debug] PUT    /api/v1/teachers/:id      --> backend/handler.(*TeacherHandler).Update-fm (3 handlers)
[GIN-debug] DELETE /api/v1/teachers/:id      --> backend/handler.(*TeacherHandler).Delete-fm (3 handlers)
[GIN-debug] GET    /api/v1/teachers/:id/lessonList --> backend/handler.(*TeacherHandler).GetLessonByID-fm (3 handlers)
[GIN-debug] [WARNING] You trusted all proxies, this is NOT safe. We recommend you to set a value.
Please check https://pkg.go.dev/github.com/gin-gonic/gin#readme-don-t-trust-all-proxies for details.
[GIN-debug] Listening and serving HTTP on :8080
2026/08/12 10:57:45 Checking session in Redis with key: lesson_session:7fc51444fcebecd22b7a129a16f2554c
2026/08/12 10:57:45 Checking session in Redis with key: lesson_session:7fc51444fcebecd22b7a129a16f2554c
2026/08/12 10:57:53 Checking session in Redis with key: lesson_session:7fc51444fcebecd22b7a129a16f2554c
2026/08/12 10:57:53 Checking session in Redis with key: lesson_session:7fc51444fcebecd22b7a129a16f2554c
2026/08/12 10:57:57 Checking session in Redis with key: lesson_session:7fc51444fcebecd22b7a129a16f2554c
2026/08/12 10:57:57 Checking session in Redis with key: lesson_session:7fc51444fcebecd22b7a129a16f2554c
2026/08/12 10:58:01 Checking session in Redis with key: lesson_session:7fc51444fcebecd22b7a129a16f2554c
2026/08/12 10:58:01 Checking session in Redis with key: lesson_session:7fc51444fcebecd22b7a129a16f2554c
2026/08/12 11:13:36 Checking session in Redis with key: lesson_session:7fc51444fcebecd22b7a129a16f2554c
2026/08/12 11:13:36 Checking session in Redis with key: lesson_session:7fc51444fcebecd22b7a129a16f2554c
2026/08/12 11:14:30 Checking session in Redis with key: lesson_session:7fc51444fcebecd22b7a129a16f2554c
2026/08/12 11:14:31 Checking session in Redis with key: lesson_session:7fc51444fcebecd22b7a129a16f2554c
2026/08/12 11:15:55 Checking session in Redis with key: lesson_session:7fc51444fcebecd22b7a129a16f2554c
2026/08/12 11:15:55 Checking session in Redis with key: lesson_session:7fc51444fcebecd22b7a129a16f2554c
2026/08/12 11:15:59 Checking session in Redis with key: lesson_session:7fc51444fcebecd22b7a129a16f2554c
2026/08/12 11:15:59 Checking session in Redis with key: lesson_session:7fc51444fcebecd22b7a129a16f2554c
router/router.go has changed
building...
running...
2026/08/12 11:20:00 &{localhost 8080 dev} &{user user1 3306 lesson db} &{redis 6379  0}
2026/08/12 11:20:00 init redis
2026/08/12 11:20:00 sql Open success
[GIN-debug] PUT    /api/v1/students/:id      --> backend/handler.(*StudentHandler).Update-fm (3 handlers)
[GIN-debug] DELETE /api/v1/students/:id      --> backend/handler.(*StudentHandler).Delete-fm (3 handlers)
[GIN-debug] GET    /api/v1/students/student/:id --> backend/handler.(*StudentHandler).GetLessonByID-fm (3 handlers)
[GIN-debug] POST   /api/v1/lessons/          --> backend/handler.(*LessonHandler).Create-fm (3 handlers)
[GIN-debug] GET    /api/v1/lessons/          --> backend/handler.(*LessonHandler).List-fm (3 handlers)
[GIN-debug] GET    /api/v1/lessons/          --> backend/handler.(*LessonHandler).List-fm (3 handlers)
[GIN-debug] [WARNING] Running in "debug" mode. Switch to "release" mode in production.
 - using env:	export GIN_MODE=release
 - using code:	gin.SetMode(gin.ReleaseMode)

[GIN-debug] POST   /api/v1/teacher/login     --> backend/handler.(*AuthHandler).TeacherLogin-fm (2 handlers)
[GIN-debug] POST   /api/v1/student/login     --> backend/handler.(*AuthHandler).StudentLogin-fm (2 handlers)
[GIN-debug] POST   /api/v1/Logout            --> backend/handler.(*AuthHandler).Logout-fm (2 handlers)
[GIN-debug] POST   /api/v1/teacher/create    --> backend/handler.(*TeacherHandler).Create-fm (2 handlers)
[GIN-debug] POST   /api/v1/student/create    --> backend/handler.(*StudentHandler).Create-fm (2 handlers)
[GIN-debug] GET    /api/v1/students/         --> backend/handler.(*StudentHandler).List-fm (3 handlers)
[GIN-debug] GET    /api/v1/students/:id      --> backend/handler.(*StudentHandler).GetByID-fm (3 handlers)
panic: handlers are already registered for path '/api/v1/lessons/'

goroutine 1 [running]:
github.com/gin-gonic/gin.(*node).addRoute(0xbe25d0?, {0xc000304990, 0x10}, {0xc00034cde0, 0x3, 0x3})
	/go/pkg/mod/github.com/gin-gonic/gin@v1.10.0/tree.go:260 +0x6fb
Process Exit with Code: 2
github.com/gin-gonic/gin.(*Engine).addRoute(0xc0000e7860, {0xbe25d0, 0x3}, {0xc000304990, 0x10}, {0xc00034cde0, 0x3, 0x3})
	/go/pkg/mod/github.com/gin-gonic/gin@v1.10.0/gin.go:349 +0x252
github.com/gin-gonic/gin.(*RouterGroup).handle(0xc0001d4f40, {0xbe25d0, 0x3}, {0xbe2098?, 0xb0bd60?}, {0xc00049cf90, 0x1, 0x8?})
	/go/pkg/mod/github.com/gin-gonic/gin@v1.10.0/routergroup.go:89 +0x145
github.com/gin-gonic/gin.(*RouterGroup).GET(...)
	/go/pkg/mod/github.com/gin-gonic/gin@v1.10.0/routergroup.go:117
backend/router.SetupRouter(0xc00049cea8, 0xc00049ceb0, 0xc00049ceb8, 0xc00049cec0)
	/app/router/router.go:41 +0x9c7
main.main()
	/app/main.go:32 +0x2fc
router/router.go has changed
building...
running...
2026/08/12 11:20:07 &{localhost 8080 dev} &{user user1 3306 lesson db} &{redis 6379  0}
2026/08/12 11:20:07 init redis
2026/08/12 11:20:07 sql Open success
[GIN-debug] [WARNING] Running in "debug" mode. Switch to "release" mode in production.
 - using env:	export GIN_MODE=release
 - using code:	gin.SetMode(gin.ReleaseMode)

[GIN-debug] POST   /api/v1/teacher/login     --> backend/handler.(*AuthHandler).TeacherLogin-fm (2 handlers)
[GIN-debug] POST   /api/v1/student/login     --> backend/handler.(*AuthHandler).StudentLogin-fm (2 handlers)
[GIN-debug] POST   /api/v1/Logout            --> backend/handler.(*AuthHandler).Logout-fm (2 handlers)
[GIN-debug] POST   /api/v1/teacher/create    --> backend/handler.(*TeacherHandler).Create-fm (2 handlers)
[GIN-debug] POST   /api/v1/student/create    --> backend/handler.(*StudentHandler).Create-fm (2 handlers)
[GIN-debug] GET    /api/v1/students/         --> backend/handler.(*StudentHandler).List-fm (3 handlers)
[GIN-debug] GET    /api/v1/students/:id      --> backend/handler.(*StudentHandler).GetByID-fm (3 handlers)
[GIN-debug] PUT    /api/v1/students/:id      --> backend/handler.(*StudentHandler).Update-fm (3 handlers)
[GIN-debug] DELETE /api/v1/students/:id      --> backend/handler.(*StudentHandler).Delete-fm (3 handlers)
[GIN-debug] GET    /api/v1/students/student/:id --> backend/handler.(*StudentHandler).GetLessonByID-fm (3 handlers)
[GIN-debug] POST   /api/v1/lessons/          --> backend/handler.(*LessonHandler).Create-fm (3 handlers)
[GIN-debug] GET    /api/v1/lessons/          --> backend/handler.(*LessonHandler).List-fm (3 handlers)
[GIN-debug] GET    /api/v1/lessons/:id       --> backend/handler.(*LessonHandler).List-fm (3 handlers)
[GIN-debug] PUT    /api/v1/lessons/:id       --> backend/handler.(*LessonHandler).Update-fm (3 handlers)
[GIN-debug] DELETE /api/v1/lessons/:id       --> backend/handler.(*LessonHandler).Delete-fm (3 handlers)
[GIN-debug] GET    /api/v1/teachers/         --> backend/handler.(*TeacherHandler).List-fm (3 handlers)
[GIN-debug] GET    /api/v1/teachers/:id      --> backend/handler.(*TeacherHandler).GetByID-fm (3 handlers)
[GIN-debug] PUT    /api/v1/teachers/:id      --> backend/handler.(*TeacherHandler).Update-fm (3 handlers)
[GIN-debug] DELETE /api/v1/teachers/:id      --> backend/handler.(*TeacherHandler).Delete-fm (3 handlers)
[GIN-debug] GET    /api/v1/teachers/:id/lessonList --> backend/handler.(*TeacherHandler).GetLessonByID-fm (3 handlers)
[GIN-debug] [WARNING] You trusted all proxies, this is NOT safe. We recommend you to set a value.
Please check https://pkg.go.dev/github.com/gin-gonic/gin#readme-don-t-trust-all-proxies for details.
[GIN-debug] Listening and serving HTTP on :8080
router/router.go has changed
building...
# backend/router
router/router.go:41:42: syntax error: unexpected ), expected name or (
failed to build, error: exit status 1
router/router.go has changed
building...
running...
2026/08/12 11:20:12 &{localhost 8080 dev} &{user user1 3306 lesson db} &{redis 6379  0}
2026/08/12 11:20:12 init redis
2026/08/12 11:20:12 sql Open success
[GIN-debug] [WARNING] Running in "debug" mode. Switch to "release" mode in production.
 - using env:	export GIN_MODE=release
 - using code:	gin.SetMode(gin.ReleaseMode)

[GIN-debug] POST   /api/v1/teacher/login     --> backend/handler.(*AuthHandler).TeacherLogin-fm (2 handlers)
[GIN-debug] POST   /api/v1/student/login     --> backend/handler.(*AuthHandler).StudentLogin-fm (2 handlers)
[GIN-debug] POST   /api/v1/Logout            --> backend/handler.(*AuthHandler).Logout-fm (2 handlers)
[GIN-debug] POST   /api/v1/teacher/create    --> backend/handler.(*TeacherHandler).Create-fm (2 handlers)
[GIN-debug] POST   /api/v1/student/create    --> backend/handler.(*StudentHandler).Create-fm (2 handlers)
[GIN-debug] GET    /api/v1/students/         --> backend/handler.(*StudentHandler).List-fm (3 handlers)
[GIN-debug] GET    /api/v1/students/:id      --> backend/handler.(*StudentHandler).GetByID-fm (3 handlers)
[GIN-debug] PUT    /api/v1/students/:id      --> backend/handler.(*StudentHandler).Update-fm (3 handlers)
[GIN-debug] DELETE /api/v1/students/:id      --> backend/handler.(*StudentHandler).Delete-fm (3 handlers)
[GIN-debug] GET    /api/v1/students/student/:id --> backend/handler.(*StudentHandler).GetLessonByID-fm (3 handlers)
[GIN-debug] POST   /api/v1/lessons/          --> backend/handler.(*LessonHandler).Create-fm (3 handlers)
[GIN-debug] GET    /api/v1/lessons/          --> backend/handler.(*LessonHandler).List-fm (3 handlers)
[GIN-debug] GET    /api/v1/lessons/:id       --> backend/handler.(*LessonHandler).GetByStudentID-fm (3 handlers)
[GIN-debug] PUT    /api/v1/lessons/:id       --> backend/handler.(*LessonHandler).Update-fm (3 handlers)
[GIN-debug] DELETE /api/v1/lessons/:id       --> backend/handler.(*LessonHandler).Delete-fm (3 handlers)
[GIN-debug] GET    /api/v1/teachers/         --> backend/handler.(*TeacherHandler).List-fm (3 handlers)
[GIN-debug] GET    /api/v1/teachers/:id      --> backend/handler.(*TeacherHandler).GetByID-fm (3 handlers)
[GIN-debug] PUT    /api/v1/teachers/:id      --> backend/handler.(*TeacherHandler).Update-fm (3 handlers)
[GIN-debug] DELETE /api/v1/teachers/:id      --> backend/handler.(*TeacherHandler).Delete-fm (3 handlers)
[GIN-debug] GET    /api/v1/teachers/:id/lessonList --> backend/handler.(*TeacherHandler).GetLessonByID-fm (3 handlers)
[GIN-debug] [WARNING] You trusted all proxies, this is NOT safe. We recommend you to set a value.
Please check https://pkg.go.dev/github.com/gin-gonic/gin#readme-don-t-trust-all-proxies for details.
[GIN-debug] Listening and serving HTTP on :8080
router/router.go has changed
building...
# backend/router
router/router.go:41:42: lessonHandler.GetByleID undefined (type *handler.LessonHandler has no field or method GetByleID)
failed to build, error: exit status 1
router/router.go has changed
building...
# backend/router
router/router.go:41:42: lessonHandler.GetByID undefined (type *handler.LessonHandler has no field or method GetByID)
failed to build, error: exit status 1
handler/lesson_handler.go has changed
building...
# backend/router
router/router.go:41:42: lessonHandler.GetByID undefined (type *handler.LessonHandler has no field or method GetByID)
failed to build, error: exit status 1
handler/lesson_handler.go has changed
building...
# backend/router
router/router.go:41:42: lessonHandler.GetByID undefined (type *handler.LessonHandler has no field or method GetByID)
failed to build, error: exit status 1
handler/lesson_handler.go has changed
building...
# backend/router
router/router.go:41:42: lessonHandler.GetByID undefined (type *handler.LessonHandler has no field or method GetByID)
failed to build, error: exit status 1
handler/lesson_handler.go has changed
building...
# backend/handler
handler/lesson_handler.go:64:1: syntax error: unexpected func, expected name or (
failed to build, error: exit status 1
handler/lesson_handler.go has changed
building...
# backend/handler
handler/lesson_handler.go:64:48: syntax error: unexpected { at end of statement
failed to build, error: exit status 1
handler/lesson_handler.go has changed
building...
# backend/handler
handler/lesson_handler.go:71:14: syntax error: unexpected newline in argument list; possibly missing comma or )
handler/lesson_handler.go:74:25: syntax error: unexpected name Create at end of statement
handler/lesson_handler.go:104:48: syntax error: unexpected { at end of statement
failed to build, error: exit status 1
handler/lesson_handler.go has changed
building...
# backend/handler
handler/lesson_handler.go:71:14: syntax error: unexpected newline in argument list; possibly missing comma or )
handler/lesson_handler.go:72:45: syntax error: unexpected ) at end of statement
handler/lesson_handler.go:74:48: syntax error: unexpected { at end of statement
failed to build, error: exit status 1
handler/lesson_handler.go has changed
building...
# backend/handler
handler/lesson_handler.go:73:48: syntax error: unexpected { at end of statement
handler/lesson_handler.go:103:48: syntax error: unexpected { at end of statement
failed to build, error: exit status 1
handler/lesson_handler.go has changed
building...
# backend/handler
handler/lesson_handler.go:74:48: syntax error: unexpected { at end of statement
handler/lesson_handler.go:104:48: syntax error: unexpected { at end of statement
failed to build, error: exit status 1
handler/lesson_handler.go has changed
building...
# backend/handler
handler/lesson_handler.go:74:48: syntax error: unexpected { at end of statement
failed to build, error: exit status 1
handler/lesson_handler.go has changed
building...
# backend/handler
handler/lesson_handler.go:75:48: syntax error: unexpected { at end of statement
failed to build, error: exit status 1
handler/lesson_handler.go has changed
building...
# backend/handler
handler/lesson_handler.go:76:48: syntax error: unexpected { at end of statement
failed to build, error: exit status 1
handler/lesson_handler.go has changed
building...
# backend/handler
handler/lesson_handler.go:76:48: syntax error: unexpected { at end of statement
failed to build, error: exit status 1
handler/lesson_handler.go has changed
building...
running...
2026/08/12 11:21:05 &{localhost 8080 dev} &{user user1 3306 lesson db} &{redis 6379  0}
2026/08/12 11:21:05 init redis
2026/08/12 11:21:05 sql Open success
[GIN-debug] [WARNING] Running in "debug" mode. Switch to "release" mode in production.
 - using env:	export GIN_MODE=release
 - using code:	gin.SetMode(gin.ReleaseMode)

[GIN-debug] POST   /api/v1/teacher/login     --> backend/handler.(*AuthHandler).TeacherLogin-fm (2 handlers)
[GIN-debug] POST   /api/v1/student/login     --> backend/handler.(*AuthHandler).StudentLogin-fm (2 handlers)
[GIN-debug] POST   /api/v1/Logout            --> backend/handler.(*AuthHandler).Logout-fm (2 handlers)
[GIN-debug] POST   /api/v1/teacher/create    --> backend/handler.(*TeacherHandler).Create-fm (2 handlers)
[GIN-debug] POST   /api/v1/student/create    --> backend/handler.(*StudentHandler).Create-fm (2 handlers)
[GIN-debug] GET    /api/v1/students/         --> backend/handler.(*StudentHandler).List-fm (3 handlers)
[GIN-debug] GET    /api/v1/students/:id      --> backend/handler.(*StudentHandler).GetByID-fm (3 handlers)
[GIN-debug] PUT    /api/v1/students/:id      --> backend/handler.(*StudentHandler).Update-fm (3 handlers)
[GIN-debug] DELETE /api/v1/students/:id      --> backend/handler.(*StudentHandler).Delete-fm (3 handlers)
[GIN-debug] GET    /api/v1/students/student/:id --> backend/handler.(*StudentHandler).GetLessonByID-fm (3 handlers)
[GIN-debug] POST   /api/v1/lessons/          --> backend/handler.(*LessonHandler).Create-fm (3 handlers)
[GIN-debug] GET    /api/v1/lessons/          --> backend/handler.(*LessonHandler).List-fm (3 handlers)
[GIN-debug] GET    /api/v1/lessons/:id       --> backend/handler.(*LessonHandler).GetByID-fm (3 handlers)
[GIN-debug] PUT    /api/v1/lessons/:id       --> backend/handler.(*LessonHandler).Update-fm (3 handlers)
[GIN-debug] DELETE /api/v1/lessons/:id       --> backend/handler.(*LessonHandler).Delete-fm (3 handlers)
[GIN-debug] GET    /api/v1/teachers/         --> backend/handler.(*TeacherHandler).List-fm (3 handlers)
[GIN-debug] GET    /api/v1/teachers/:id      --> backend/handler.(*TeacherHandler).GetByID-fm (3 handlers)
[GIN-debug] PUT    /api/v1/teachers/:id      --> backend/handler.(*TeacherHandler).Update-fm (3 handlers)
[GIN-debug] DELETE /api/v1/teachers/:id      --> backend/handler.(*TeacherHandler).Delete-fm (3 handlers)
[GIN-debug] GET    /api/v1/teachers/:id/lessonList --> backend/handler.(*TeacherHandler).GetLessonByID-fm (3 handlers)
[GIN-debug] [WARNING] You trusted all proxies, this is NOT safe. We recommend you to set a value.
Please check https://pkg.go.dev/github.com/gin-gonic/gin#readme-don-t-trust-all-proxies for details.
[GIN-debug] Listening and serving HTTP on :8080
2026/08/12 11:21:21 Checking session in Redis with key: lesson_session:7fc51444fcebecd22b7a129a16f2554c
2026/08/12 11:21:21 Checking session in Redis with key: lesson_session:7fc51444fcebecd22b7a129a16f2554c
2026/08/12 11:22:13 Checking session in Redis with key: lesson_session:7fc51444fcebecd22b7a129a16f2554c
2026/08/12 11:22:15 Checking session in Redis with key: lesson_session:7fc51444fcebecd22b7a129a16f2554c
2026/08/12 11:22:16 Checking session in Redis with key: lesson_session:7fc51444fcebecd22b7a129a16f2554c
2026/08/12 11:22:16 Checking session in Redis with key: lesson_session:7fc51444fcebecd22b7a129a16f2554c
2026/08/12 11:23:06 Checking session in Redis with key: lesson_session:7fc51444fcebecd22b7a129a16f2554c
2026/08/12 11:23:08 Checking session in Redis with key: lesson_session:7fc51444fcebecd22b7a129a16f2554c
2026/08/12 11:23:08 Checking session in Redis with key: lesson_session:7fc51444fcebecd22b7a129a16f2554c
2026/08/12 11:23:10 Checking session in Redis with key: lesson_session:7fc51444fcebecd22b7a129a16f2554c
2026/08/12 11:23:10 Checking session in Redis with key: lesson_session:7fc51444fcebecd22b7a129a16f2554c
2026/08/12 11:23:12 Checking session in Redis with key: lesson_session:7fc51444fcebecd22b7a129a16f2554c
2026/08/12 11:23:12 Checking session in Redis with key: lesson_session:7fc51444fcebecd22b7a129a16f2554c
2026/08/12 11:23:14 Checking session in Redis with key: lesson_session:7fc51444fcebecd22b7a129a16f2554c
2026/08/12 11:23:14 Checking session in Redis with key: lesson_session:7fc51444fcebecd22b7a129a16f2554c
2026/08/12 11:23:31 Checking session in Redis with key: lesson_session:7fc51444fcebecd22b7a129a16f2554c
2026/08/12 11:23:40 Checking session in Redis with key: lesson_session:7fc51444fcebecd22b7a129a16f2554c
2026/08/12 11:24:08 Checking session in Redis with key: lesson_session:7fc51444fcebecd22b7a129a16f2554c
2026/08/12 11:24:09 Checking session in Redis with key: lesson_session:7fc51444fcebecd22b7a129a16f2554c
2026/08/12 11:24:09 Checking session in Redis with key: lesson_session:7fc51444fcebecd22b7a129a16f2554c
2026/08/12 11:24:19 Checking session in Redis with key: lesson_session:7fc51444fcebecd22b7a129a16f2554c
2026/08/12 11:24:19 Checking session in Redis with key: lesson_session:7fc51444fcebecd22b7a129a16f2554c
handler/lesson_handler.go has changed
building...
running...
2026/08/12 11:25:09 &{localhost 8080 dev} &{user user1 3306 lesson db} &{redis 6379  0}
2026/08/12 11:25:09 init redis
2026/08/12 11:25:09 sql Open success
[GIN-debug] [WARNING] Running in "debug" mode. Switch to "release" mode in production.
 - using env:	export GIN_MODE=release
 - using code:	gin.SetMode(gin.ReleaseMode)

[GIN-debug] POST   /api/v1/teacher/login     --> backend/handler.(*AuthHandler).TeacherLogin-fm (2 handlers)
[GIN-debug] POST   /api/v1/student/login     --> backend/handler.(*AuthHandler).StudentLogin-fm (2 handlers)
[GIN-debug] POST   /api/v1/Logout            --> backend/handler.(*AuthHandler).Logout-fm (2 handlers)
[GIN-debug] POST   /api/v1/teacher/create    --> backend/handler.(*TeacherHandler).Create-fm (2 handlers)
[GIN-debug] POST   /api/v1/student/create    --> backend/handler.(*StudentHandler).Create-fm (2 handlers)
[GIN-debug] GET    /api/v1/students/         --> backend/handler.(*StudentHandler).List-fm (3 handlers)
[GIN-debug] GET    /api/v1/students/:id      --> backend/handler.(*StudentHandler).GetByID-fm (3 handlers)
[GIN-debug] PUT    /api/v1/students/:id      --> backend/handler.(*StudentHandler).Update-fm (3 handlers)
[GIN-debug] DELETE /api/v1/students/:id      --> backend/handler.(*StudentHandler).Delete-fm (3 handlers)
[GIN-debug] GET    /api/v1/students/student/:id --> backend/handler.(*StudentHandler).GetLessonByID-fm (3 handlers)
[GIN-debug] POST   /api/v1/lessons/          --> backend/handler.(*LessonHandler).Create-fm (3 handlers)
[GIN-debug] GET    /api/v1/lessons/          --> backend/handler.(*LessonHandler).List-fm (3 handlers)
[GIN-debug] GET    /api/v1/lessons/:id       --> backend/handler.(*LessonHandler).GetByID-fm (3 handlers)
[GIN-debug] PUT    /api/v1/lessons/:id       --> backend/handler.(*LessonHandler).Update-fm (3 handlers)
[GIN-debug] DELETE /api/v1/lessons/:id       --> backend/handler.(*LessonHandler).Delete-fm (3 handlers)
[GIN-debug] GET    /api/v1/teachers/         --> backend/handler.(*TeacherHandler).List-fm (3 handlers)
[GIN-debug] GET    /api/v1/teachers/:id      --> backend/handler.(*TeacherHandler).GetByID-fm (3 handlers)
[GIN-debug] PUT    /api/v1/teachers/:id      --> backend/handler.(*TeacherHandler).Update-fm (3 handlers)
[GIN-debug] DELETE /api/v1/teachers/:id      --> backend/handler.(*TeacherHandler).Delete-fm (3 handlers)
[GIN-debug] GET    /api/v1/teachers/:id/lessonList --> backend/handler.(*TeacherHandler).GetLessonByID-fm (3 handlers)
[GIN-debug] [WARNING] You trusted all proxies, this is NOT safe. We recommend you to set a value.
Please check https://pkg.go.dev/github.com/gin-gonic/gin#readme-don-t-trust-all-proxies for details.
[GIN-debug] Listening and serving HTTP on :8080
handler/lesson_handler.go has changed
building...
# backend/handler
handler/lesson_handler.go:80:1: syntax error: unexpected }, expected expression
handler/lesson_handler.go:82:48: syntax error: unexpected { at end of statement
failed to build, error: exit status 1
handler/lesson_handler.go has changed
building...
# backend/handler
handler/lesson_handler.go:80:1: syntax error: unexpected }, expected expression
handler/lesson_handler.go:82:48: syntax error: unexpected { at end of statement
failed to build, error: exit status 1
handler/lesson_handler.go has changed
building...
# backend/handler
handler/lesson_handler.go:82:48: syntax error: unexpected { at end of statement
failed to build, error: exit status 1
handler/lesson_handler.go has changed
building...
# backend/handler
handler/lesson_handler.go:82:48: syntax error: unexpected { at end of statement
failed to build, error: exit status 1
handler/lesson_handler.go has changed
building...
# backend/handler
handler/lesson_handler.go:75:29: syntax error: unexpected {, expected expression
handler/lesson_handler.go:79:30: syntax error: unexpected ), expected {
handler/lesson_handler.go:80:1: syntax error: unexpected }, expected expression
handler/lesson_handler.go:82:48: syntax error: unexpected { at end of statement
failed to build, error: exit status 1
handler/lesson_handler.go has changed
building...
# backend/handler
handler/lesson_handler.go:82:48: syntax error: unexpected { at end of statement
failed to build, error: exit status 1
handler/lesson_handler.go has changed
building...
# backend/handler
handler/lesson_handler.go:84:48: syntax error: unexpected { at end of statement
failed to build, error: exit status 1
handler/lesson_handler.go has changed
building...
running...
2026/08/12 11:26:53 &{localhost 8080 dev} &{user user1 3306 lesson db} &{redis 6379  0}
2026/08/12 11:26:53 init redis
2026/08/12 11:26:53 sql Open success
[GIN-debug] [WARNING] Running in "debug" mode. Switch to "release" mode in production.
 - using env:	export GIN_MODE=release
 - using code:	gin.SetMode(gin.ReleaseMode)

[GIN-debug] POST   /api/v1/teacher/login     --> backend/handler.(*AuthHandler).TeacherLogin-fm (2 handlers)
[GIN-debug] POST   /api/v1/student/login     --> backend/handler.(*AuthHandler).StudentLogin-fm (2 handlers)
[GIN-debug] POST   /api/v1/Logout            --> backend/handler.(*AuthHandler).Logout-fm (2 handlers)
[GIN-debug] POST   /api/v1/teacher/create    --> backend/handler.(*TeacherHandler).Create-fm (2 handlers)
[GIN-debug] POST   /api/v1/student/create    --> backend/handler.(*StudentHandler).Create-fm (2 handlers)
[GIN-debug] GET    /api/v1/students/         --> backend/handler.(*StudentHandler).List-fm (3 handlers)
[GIN-debug] GET    /api/v1/students/:id      --> backend/handler.(*StudentHandler).GetByID-fm (3 handlers)
[GIN-debug] PUT    /api/v1/students/:id      --> backend/handler.(*StudentHandler).Update-fm (3 handlers)
[GIN-debug] DELETE /api/v1/students/:id      --> backend/handler.(*StudentHandler).Delete-fm (3 handlers)
[GIN-debug] GET    /api/v1/students/student/:id --> backend/handler.(*StudentHandler).GetLessonByID-fm (3 handlers)
[GIN-debug] POST   /api/v1/lessons/          --> backend/handler.(*LessonHandler).Create-fm (3 handlers)
[GIN-debug] GET    /api/v1/lessons/          --> backend/handler.(*LessonHandler).List-fm (3 handlers)
[GIN-debug] GET    /api/v1/lessons/:id       --> backend/handler.(*LessonHandler).GetByID-fm (3 handlers)
[GIN-debug] PUT    /api/v1/lessons/:id       --> backend/handler.(*LessonHandler).Update-fm (3 handlers)
[GIN-debug] DELETE /api/v1/lessons/:id       --> backend/handler.(*LessonHandler).Delete-fm (3 handlers)
[GIN-debug] GET    /api/v1/teachers/         --> backend/handler.(*TeacherHandler).List-fm (3 handlers)
[GIN-debug] GET    /api/v1/teachers/:id      --> backend/handler.(*TeacherHandler).GetByID-fm (3 handlers)
[GIN-debug] PUT    /api/v1/teachers/:id      --> backend/handler.(*TeacherHandler).Update-fm (3 handlers)
[GIN-debug] DELETE /api/v1/teachers/:id      --> backend/handler.(*TeacherHandler).Delete-fm (3 handlers)
[GIN-debug] GET    /api/v1/teachers/:id/lessonList --> backend/handler.(*TeacherHandler).GetLessonByID-fm (3 handlers)
[GIN-debug] [WARNING] You trusted all proxies, this is NOT safe. We recommend you to set a value.
Please check https://pkg.go.dev/github.com/gin-gonic/gin#readme-don-t-trust-all-proxies for details.
[GIN-debug] Listening and serving HTTP on :8080
handler/lesson_handler.go has changed
building...
running...
2026/08/12 11:26:59 &{localhost 8080 dev} &{user user1 3306 lesson db} &{redis 6379  0}
2026/08/12 11:26:59 init redis
2026/08/12 11:26:59 sql Open success
[GIN-debug] [WARNING] Running in "debug" mode. Switch to "release" mode in production.
 - using env:	export GIN_MODE=release
 - using code:	gin.SetMode(gin.ReleaseMode)

[GIN-debug] POST   /api/v1/teacher/login     --> backend/handler.(*AuthHandler).TeacherLogin-fm (2 handlers)
[GIN-debug] POST   /api/v1/student/login     --> backend/handler.(*AuthHandler).StudentLogin-fm (2 handlers)
[GIN-debug] POST   /api/v1/Logout            --> backend/handler.(*AuthHandler).Logout-fm (2 handlers)
[GIN-debug] POST   /api/v1/teacher/create    --> backend/handler.(*TeacherHandler).Create-fm (2 handlers)
[GIN-debug] POST   /api/v1/student/create    --> backend/handler.(*StudentHandler).Create-fm (2 handlers)
[GIN-debug] GET    /api/v1/students/         --> backend/handler.(*StudentHandler).List-fm (3 handlers)
[GIN-debug] GET    /api/v1/students/:id      --> backend/handler.(*StudentHandler).GetByID-fm (3 handlers)
[GIN-debug] PUT    /api/v1/students/:id      --> backend/handler.(*StudentHandler).Update-fm (3 handlers)
[GIN-debug] DELETE /api/v1/students/:id      --> backend/handler.(*StudentHandler).Delete-fm (3 handlers)
[GIN-debug] GET    /api/v1/students/student/:id --> backend/handler.(*StudentHandler).GetLessonByID-fm (3 handlers)
[GIN-debug] POST   /api/v1/lessons/          --> backend/handler.(*LessonHandler).Create-fm (3 handlers)
[GIN-debug] GET    /api/v1/lessons/          --> backend/handler.(*LessonHandler).List-fm (3 handlers)
[GIN-debug] GET    /api/v1/lessons/:id       --> backend/handler.(*LessonHandler).GetByID-fm (3 handlers)
[GIN-debug] PUT    /api/v1/lessons/:id       --> backend/handler.(*LessonHandler).Update-fm (3 handlers)
[GIN-debug] DELETE /api/v1/lessons/:id       --> backend/handler.(*LessonHandler).Delete-fm (3 handlers)
[GIN-debug] GET    /api/v1/teachers/         --> backend/handler.(*TeacherHandler).List-fm (3 handlers)
[GIN-debug] GET    /api/v1/teachers/:id      --> backend/handler.(*TeacherHandler).GetByID-fm (3 handlers)
[GIN-debug] PUT    /api/v1/teachers/:id      --> backend/handler.(*TeacherHandler).Update-fm (3 handlers)
[GIN-debug] DELETE /api/v1/teachers/:id      --> backend/handler.(*TeacherHandler).Delete-fm (3 handlers)
[GIN-debug] GET    /api/v1/teachers/:id/lessonList --> backend/handler.(*TeacherHandler).GetLessonByID-fm (3 handlers)
[GIN-debug] [WARNING] You trusted all proxies, this is NOT safe. We recommend you to set a value.
Please check https://pkg.go.dev/github.com/gin-gonic/gin#readme-don-t-trust-all-proxies for details.
[GIN-debug] Listening and serving HTTP on :8080
handler/lesson_handler.go has changed
building...
running...
2026/08/12 11:26:59 &{localhost 8080 dev} &{user user1 3306 lesson db} &{redis 6379  0}
2026/08/12 11:26:59 init redis
2026/08/12 11:26:59 sql Open success
[GIN-debug] [WARNING] Running in "debug" mode. Switch to "release" mode in production.
 - using env:	export GIN_MODE=release
 - using code:	gin.SetMode(gin.ReleaseMode)

[GIN-debug] POST   /api/v1/teacher/login     --> backend/handler.(*AuthHandler).TeacherLogin-fm (2 handlers)
[GIN-debug] POST   /api/v1/student/login     --> backend/handler.(*AuthHandler).StudentLogin-fm (2 handlers)
[GIN-debug] POST   /api/v1/Logout            --> backend/handler.(*AuthHandler).Logout-fm (2 handlers)
[GIN-debug] POST   /api/v1/teacher/create    --> backend/handler.(*TeacherHandler).Create-fm (2 handlers)
[GIN-debug] POST   /api/v1/student/create    --> backend/handler.(*StudentHandler).Create-fm (2 handlers)
[GIN-debug] GET    /api/v1/students/         --> backend/handler.(*StudentHandler).List-fm (3 handlers)
[GIN-debug] GET    /api/v1/students/:id      --> backend/handler.(*StudentHandler).GetByID-fm (3 handlers)
[GIN-debug] PUT    /api/v1/students/:id      --> backend/handler.(*StudentHandler).Update-fm (3 handlers)
[GIN-debug] DELETE /api/v1/students/:id      --> backend/handler.(*StudentHandler).Delete-fm (3 handlers)
[GIN-debug] GET    /api/v1/students/student/:id --> backend/handler.(*StudentHandler).GetLessonByID-fm (3 handlers)
[GIN-debug] POST   /api/v1/lessons/          --> backend/handler.(*LessonHandler).Create-fm (3 handlers)
[GIN-debug] GET    /api/v1/lessons/          --> backend/handler.(*LessonHandler).List-fm (3 handlers)
[GIN-debug] GET    /api/v1/lessons/:id       --> backend/handler.(*LessonHandler).GetByID-fm (3 handlers)
[GIN-debug] PUT    /api/v1/lessons/:id       --> backend/handler.(*LessonHandler).Update-fm (3 handlers)
[GIN-debug] DELETE /api/v1/lessons/:id       --> backend/handler.(*LessonHandler).Delete-fm (3 handlers)
[GIN-debug] GET    /api/v1/teachers/         --> backend/handler.(*TeacherHandler).List-fm (3 handlers)
[GIN-debug] GET    /api/v1/teachers/:id      --> backend/handler.(*TeacherHandler).GetByID-fm (3 handlers)
[GIN-debug] PUT    /api/v1/teachers/:id      --> backend/handler.(*TeacherHandler).Update-fm (3 handlers)
[GIN-debug] DELETE /api/v1/teachers/:id      --> backend/handler.(*TeacherHandler).Delete-fm (3 handlers)
[GIN-debug] GET    /api/v1/teachers/:id/lessonList --> backend/handler.(*TeacherHandler).GetLessonByID-fm (3 handlers)
[GIN-debug] [WARNING] You trusted all proxies, this is NOT safe. We recommend you to set a value.
Please check https://pkg.go.dev/github.com/gin-gonic/gin#readme-don-t-trust-all-proxies for details.
[GIN-debug] Listening and serving HTTP on :8080
handler/lesson_handler.go has changed
building...
running...
2026/08/12 11:27:21 &{localhost 8080 dev} &{user user1 3306 lesson db} &{redis 6379  0}
2026/08/12 11:27:21 init redis
2026/08/12 11:27:21 sql Open success
[GIN-debug] [WARNING] Running in "debug" mode. Switch to "release" mode in production.
 - using env:	export GIN_MODE=release
 - using code:	gin.SetMode(gin.ReleaseMode)

[GIN-debug] POST   /api/v1/teacher/login     --> backend/handler.(*AuthHandler).TeacherLogin-fm (2 handlers)
[GIN-debug] POST   /api/v1/student/login     --> backend/handler.(*AuthHandler).StudentLogin-fm (2 handlers)
[GIN-debug] POST   /api/v1/Logout            --> backend/handler.(*AuthHandler).Logout-fm (2 handlers)
[GIN-debug] POST   /api/v1/teacher/create    --> backend/handler.(*TeacherHandler).Create-fm (2 handlers)
[GIN-debug] POST   /api/v1/student/create    --> backend/handler.(*StudentHandler).Create-fm (2 handlers)
[GIN-debug] GET    /api/v1/students/         --> backend/handler.(*StudentHandler).List-fm (3 handlers)
[GIN-debug] GET    /api/v1/students/:id      --> backend/handler.(*StudentHandler).GetByID-fm (3 handlers)
[GIN-debug] PUT    /api/v1/students/:id      --> backend/handler.(*StudentHandler).Update-fm (3 handlers)
[GIN-debug] DELETE /api/v1/students/:id      --> backend/handler.(*StudentHandler).Delete-fm (3 handlers)
[GIN-debug] GET    /api/v1/students/student/:id --> backend/handler.(*StudentHandler).GetLessonByID-fm (3 handlers)
[GIN-debug] POST   /api/v1/lessons/          --> backend/handler.(*LessonHandler).Create-fm (3 handlers)
[GIN-debug] GET    /api/v1/lessons/          --> backend/handler.(*LessonHandler).List-fm (3 handlers)
[GIN-debug] GET    /api/v1/lessons/:id       --> backend/handler.(*LessonHandler).GetByID-fm (3 handlers)
[GIN-debug] PUT    /api/v1/lessons/:id       --> backend/handler.(*LessonHandler).Update-fm (3 handlers)
[GIN-debug] DELETE /api/v1/lessons/:id       --> backend/handler.(*LessonHandler).Delete-fm (3 handlers)
[GIN-debug] GET    /api/v1/teachers/         --> backend/handler.(*TeacherHandler).List-fm (3 handlers)
[GIN-debug] GET    /api/v1/teachers/:id      --> backend/handler.(*TeacherHandler).GetByID-fm (3 handlers)
[GIN-debug] PUT    /api/v1/teachers/:id      --> backend/handler.(*TeacherHandler).Update-fm (3 handlers)
[GIN-debug] DELETE /api/v1/teachers/:id      --> backend/handler.(*TeacherHandler).Delete-fm (3 handlers)
[GIN-debug] GET    /api/v1/teachers/:id/lessonList --> backend/handler.(*TeacherHandler).GetLessonByID-fm (3 handlers)
[GIN-debug] [WARNING] You trusted all proxies, this is NOT safe. We recommend you to set a value.
Please check https://pkg.go.dev/github.com/gin-gonic/gin#readme-don-t-trust-all-proxies for details.
[GIN-debug] Listening and serving HTTP on :8080
handler/lesson_handler.go has changed
building...
running...
2026/08/12 11:27:24 &{localhost 8080 dev} &{user user1 3306 lesson db} &{redis 6379  0}
2026/08/12 11:27:24 init redis
2026/08/12 11:27:24 sql Open success
[GIN-debug] [WARNING] Running in "debug" mode. Switch to "release" mode in production.
 - using env:	export GIN_MODE=release
 - using code:	gin.SetMode(gin.ReleaseMode)

[GIN-debug] POST   /api/v1/teacher/login     --> backend/handler.(*AuthHandler).TeacherLogin-fm (2 handlers)
[GIN-debug] POST   /api/v1/student/login     --> backend/handler.(*AuthHandler).StudentLogin-fm (2 handlers)
[GIN-debug] POST   /api/v1/Logout            --> backend/handler.(*AuthHandler).Logout-fm (2 handlers)
[GIN-debug] POST   /api/v1/teacher/create    --> backend/handler.(*TeacherHandler).Create-fm (2 handlers)
[GIN-debug] POST   /api/v1/student/create    --> backend/handler.(*StudentHandler).Create-fm (2 handlers)
[GIN-debug] GET    /api/v1/students/         --> backend/handler.(*StudentHandler).List-fm (3 handlers)
[GIN-debug] GET    /api/v1/students/:id      --> backend/handler.(*StudentHandler).GetByID-fm (3 handlers)
[GIN-debug] PUT    /api/v1/students/:id      --> backend/handler.(*StudentHandler).Update-fm (3 handlers)
[GIN-debug] DELETE /api/v1/students/:id      --> backend/handler.(*StudentHandler).Delete-fm (3 handlers)
[GIN-debug] GET    /api/v1/students/student/:id --> backend/handler.(*StudentHandler).GetLessonByID-fm (3 handlers)
[GIN-debug] POST   /api/v1/lessons/          --> backend/handler.(*LessonHandler).Create-fm (3 handlers)
[GIN-debug] GET    /api/v1/lessons/          --> backend/handler.(*LessonHandler).List-fm (3 handlers)
[GIN-debug] GET    /api/v1/lessons/:id       --> backend/handler.(*LessonHandler).GetByID-fm (3 handlers)
[GIN-debug] PUT    /api/v1/lessons/:id       --> backend/handler.(*LessonHandler).Update-fm (3 handlers)
[GIN-debug] DELETE /api/v1/lessons/:id       --> backend/handler.(*LessonHandler).Delete-fm (3 handlers)
[GIN-debug] GET    /api/v1/teachers/         --> backend/handler.(*TeacherHandler).List-fm (3 handlers)
[GIN-debug] GET    /api/v1/teachers/:id      --> backend/handler.(*TeacherHandler).GetByID-fm (3 handlers)
[GIN-debug] PUT    /api/v1/teachers/:id      --> backend/handler.(*TeacherHandler).Update-fm (3 handlers)
[GIN-debug] DELETE /api/v1/teachers/:id      --> backend/handler.(*TeacherHandler).Delete-fm (3 handlers)
[GIN-debug] GET    /api/v1/teachers/:id/lessonList --> backend/handler.(*TeacherHandler).GetLessonByID-fm (3 handlers)
[GIN-debug] [WARNING] You trusted all proxies, this is NOT safe. We recommend you to set a value.
Please check https://pkg.go.dev/github.com/gin-gonic/gin#readme-don-t-trust-all-proxies for details.
[GIN-debug] Listening and serving HTTP on :8080
handler/lesson_handler.go has changed
building...
running...
2026/08/12 11:27:28 &{localhost 8080 dev} &{user user1 3306 lesson db} &{redis 6379  0}
2026/08/12 11:27:28 init redis
2026/08/12 11:27:28 sql Open success
[GIN-debug] [WARNING] Running in "debug" mode. Switch to "release" mode in production.
 - using env:	export GIN_MODE=release
 - using code:	gin.SetMode(gin.ReleaseMode)

[GIN-debug] POST   /api/v1/teacher/login     --> backend/handler.(*AuthHandler).TeacherLogin-fm (2 handlers)
[GIN-debug] POST   /api/v1/student/login     --> backend/handler.(*AuthHandler).StudentLogin-fm (2 handlers)
[GIN-debug] POST   /api/v1/Logout            --> backend/handler.(*AuthHandler).Logout-fm (2 handlers)
[GIN-debug] POST   /api/v1/teacher/create    --> backend/handler.(*TeacherHandler).Create-fm (2 handlers)
[GIN-debug] POST   /api/v1/student/create    --> backend/handler.(*StudentHandler).Create-fm (2 handlers)
[GIN-debug] GET    /api/v1/students/         --> backend/handler.(*StudentHandler).List-fm (3 handlers)
[GIN-debug] GET    /api/v1/students/:id      --> backend/handler.(*StudentHandler).GetByID-fm (3 handlers)
[GIN-debug] PUT    /api/v1/students/:id      --> backend/handler.(*StudentHandler).Update-fm (3 handlers)
[GIN-debug] DELETE /api/v1/students/:id      --> backend/handler.(*StudentHandler).Delete-fm (3 handlers)
[GIN-debug] GET    /api/v1/students/student/:id --> backend/handler.(*StudentHandler).GetLessonByID-fm (3 handlers)
[GIN-debug] POST   /api/v1/lessons/          --> backend/handler.(*LessonHandler).Create-fm (3 handlers)
[GIN-debug] GET    /api/v1/lessons/          --> backend/handler.(*LessonHandler).List-fm (3 handlers)
[GIN-debug] GET    /api/v1/lessons/:id       --> backend/handler.(*LessonHandler).GetByID-fm (3 handlers)
[GIN-debug] PUT    /api/v1/lessons/:id       --> backend/handler.(*LessonHandler).Update-fm (3 handlers)
[GIN-debug] DELETE /api/v1/lessons/:id       --> backend/handler.(*LessonHandler).Delete-fm (3 handlers)
[GIN-debug] GET    /api/v1/teachers/         --> backend/handler.(*TeacherHandler).List-fm (3 handlers)
[GIN-debug] GET    /api/v1/teachers/:id      --> backend/handler.(*TeacherHandler).GetByID-fm (3 handlers)
[GIN-debug] PUT    /api/v1/teachers/:id      --> backend/handler.(*TeacherHandler).Update-fm (3 handlers)
[GIN-debug] DELETE /api/v1/teachers/:id      --> backend/handler.(*TeacherHandler).Delete-fm (3 handlers)
[GIN-debug] GET    /api/v1/teachers/:id/lessonList --> backend/handler.(*TeacherHandler).GetLessonByID-fm (3 handlers)
[GIN-debug] [WARNING] You trusted all proxies, this is NOT safe. We recommend you to set a value.
Please check https://pkg.go.dev/github.com/gin-gonic/gin#readme-don-t-trust-all-proxies for details.
[GIN-debug] Listening and serving HTTP on :8080
handler/lesson_handler.go has changed
building...
running...
2026/08/12 11:27:33 &{localhost 8080 dev} &{user user1 3306 lesson db} &{redis 6379  0}
2026/08/12 11:27:33 init redis
2026/08/12 11:27:33 sql Open success
[GIN-debug] [WARNING] Running in "debug" mode. Switch to "release" mode in production.
 - using env:	export GIN_MODE=release
 - using code:	gin.SetMode(gin.ReleaseMode)

[GIN-debug] POST   /api/v1/teacher/login     --> backend/handler.(*AuthHandler).TeacherLogin-fm (2 handlers)
[GIN-debug] POST   /api/v1/student/login     --> backend/handler.(*AuthHandler).StudentLogin-fm (2 handlers)
[GIN-debug] POST   /api/v1/Logout            --> backend/handler.(*AuthHandler).Logout-fm (2 handlers)
[GIN-debug] POST   /api/v1/teacher/create    --> backend/handler.(*TeacherHandler).Create-fm (2 handlers)
[GIN-debug] POST   /api/v1/student/create    --> backend/handler.(*StudentHandler).Create-fm (2 handlers)
[GIN-debug] GET    /api/v1/students/         --> backend/handler.(*StudentHandler).List-fm (3 handlers)
[GIN-debug] GET    /api/v1/students/:id      --> backend/handler.(*StudentHandler).GetByID-fm (3 handlers)
[GIN-debug] PUT    /api/v1/students/:id      --> backend/handler.(*StudentHandler).Update-fm (3 handlers)
[GIN-debug] DELETE /api/v1/students/:id      --> backend/handler.(*StudentHandler).Delete-fm (3 handlers)
[GIN-debug] GET    /api/v1/students/student/:id --> backend/handler.(*StudentHandler).GetLessonByID-fm (3 handlers)
[GIN-debug] POST   /api/v1/lessons/          --> backend/handler.(*LessonHandler).Create-fm (3 handlers)
[GIN-debug] GET    /api/v1/lessons/          --> backend/handler.(*LessonHandler).List-fm (3 handlers)
[GIN-debug] GET    /api/v1/lessons/:id       --> backend/handler.(*LessonHandler).GetByID-fm (3 handlers)
[GIN-debug] PUT    /api/v1/lessons/:id       --> backend/handler.(*LessonHandler).Update-fm (3 handlers)
[GIN-debug] DELETE /api/v1/lessons/:id       --> backend/handler.(*LessonHandler).Delete-fm (3 handlers)
[GIN-debug] GET    /api/v1/teachers/         --> backend/handler.(*TeacherHandler).List-fm (3 handlers)
[GIN-debug] GET    /api/v1/teachers/:id      --> backend/handler.(*TeacherHandler).GetByID-fm (3 handlers)
[GIN-debug] PUT    /api/v1/teachers/:id      --> backend/handler.(*TeacherHandler).Update-fm (3 handlers)
[GIN-debug] DELETE /api/v1/teachers/:id      --> backend/handler.(*TeacherHandler).Delete-fm (3 handlers)
[GIN-debug] GET    /api/v1/teachers/:id/lessonList --> backend/handler.(*TeacherHandler).GetLessonByID-fm (3 handlers)
[GIN-debug] [WARNING] You trusted all proxies, this is NOT safe. We recommend you to set a value.
Please check https://pkg.go.dev/github.com/gin-gonic/gin#readme-don-t-trust-all-proxies for details.
[GIN-debug] Listening and serving HTTP on :8080
models/student.go has changed
building...
running...
2026/08/12 11:28:32 &{localhost 8080 dev} &{user user1 3306 lesson db} &{redis 6379  0}
2026/08/12 11:28:32 init redis
2026/08/12 11:28:32 sql Open success
[GIN-debug] [WARNING] Running in "debug" mode. Switch to "release" mode in production.
 - using env:	export GIN_MODE=release
 - using code:	gin.SetMode(gin.ReleaseMode)

[GIN-debug] POST   /api/v1/teacher/login     --> backend/handler.(*AuthHandler).TeacherLogin-fm (2 handlers)
[GIN-debug] POST   /api/v1/student/login     --> backend/handler.(*AuthHandler).StudentLogin-fm (2 handlers)
[GIN-debug] POST   /api/v1/Logout            --> backend/handler.(*AuthHandler).Logout-fm (2 handlers)
[GIN-debug] POST   /api/v1/teacher/create    --> backend/handler.(*TeacherHandler).Create-fm (2 handlers)
[GIN-debug] POST   /api/v1/student/create    --> backend/handler.(*StudentHandler).Create-fm (2 handlers)
[GIN-debug] GET    /api/v1/students/         --> backend/handler.(*StudentHandler).List-fm (3 handlers)
[GIN-debug] GET    /api/v1/students/:id      --> backend/handler.(*StudentHandler).GetByID-fm (3 handlers)
[GIN-debug] PUT    /api/v1/students/:id      --> backend/handler.(*StudentHandler).Update-fm (3 handlers)
[GIN-debug] DELETE /api/v1/students/:id      --> backend/handler.(*StudentHandler).Delete-fm (3 handlers)
[GIN-debug] GET    /api/v1/students/student/:id --> backend/handler.(*StudentHandler).GetLessonByID-fm (3 handlers)
[GIN-debug] POST   /api/v1/lessons/          --> backend/handler.(*LessonHandler).Create-fm (3 handlers)
[GIN-debug] GET    /api/v1/lessons/          --> backend/handler.(*LessonHandler).List-fm (3 handlers)
[GIN-debug] GET    /api/v1/lessons/:id       --> backend/handler.(*LessonHandler).GetByID-fm (3 handlers)
[GIN-debug] PUT    /api/v1/lessons/:id       --> backend/handler.(*LessonHandler).Update-fm (3 handlers)
[GIN-debug] DELETE /api/v1/lessons/:id       --> backend/handler.(*LessonHandler).Delete-fm (3 handlers)
[GIN-debug] GET    /api/v1/teachers/         --> backend/handler.(*TeacherHandler).List-fm (3 handlers)
[GIN-debug] GET    /api/v1/teachers/:id      --> backend/handler.(*TeacherHandler).GetByID-fm (3 handlers)
[GIN-debug] PUT    /api/v1/teachers/:id      --> backend/handler.(*TeacherHandler).Update-fm (3 handlers)
[GIN-debug] DELETE /api/v1/teachers/:id      --> backend/handler.(*TeacherHandler).Delete-fm (3 handlers)
[GIN-debug] GET    /api/v1/teachers/:id/lessonList --> backend/handler.(*TeacherHandler).GetLessonByID-fm (3 handlers)
[GIN-debug] [WARNING] You trusted all proxies, this is NOT safe. We recommend you to set a value.
Please check https://pkg.go.dev/github.com/gin-gonic/gin#readme-don-t-trust-all-proxies for details.
[GIN-debug] Listening and serving HTTP on :8080
handler/lesson_handler.go has changed
building...
running...
2026/08/12 11:29:12 &{localhost 8080 dev} &{user user1 3306 lesson db} &{redis 6379  0}
2026/08/12 11:29:12 init redis
2026/08/12 11:29:12 sql Open success
[GIN-debug] [WARNING] Running in "debug" mode. Switch to "release" mode in production.
 - using env:	export GIN_MODE=release
 - using code:	gin.SetMode(gin.ReleaseMode)

[GIN-debug] POST   /api/v1/teacher/login     --> backend/handler.(*AuthHandler).TeacherLogin-fm (2 handlers)
[GIN-debug] POST   /api/v1/student/login     --> backend/handler.(*AuthHandler).StudentLogin-fm (2 handlers)
[GIN-debug] POST   /api/v1/Logout            --> backend/handler.(*AuthHandler).Logout-fm (2 handlers)
[GIN-debug] POST   /api/v1/teacher/create    --> backend/handler.(*TeacherHandler).Create-fm (2 handlers)
[GIN-debug] POST   /api/v1/student/create    --> backend/handler.(*StudentHandler).Create-fm (2 handlers)
[GIN-debug] GET    /api/v1/students/         --> backend/handler.(*StudentHandler).List-fm (3 handlers)
[GIN-debug] GET    /api/v1/students/:id      --> backend/handler.(*StudentHandler).GetByID-fm (3 handlers)
[GIN-debug] PUT    /api/v1/students/:id      --> backend/handler.(*StudentHandler).Update-fm (3 handlers)
[GIN-debug] DELETE /api/v1/students/:id      --> backend/handler.(*StudentHandler).Delete-fm (3 handlers)
[GIN-debug] GET    /api/v1/students/student/:id --> backend/handler.(*StudentHandler).GetLessonByID-fm (3 handlers)
[GIN-debug] POST   /api/v1/lessons/          --> backend/handler.(*LessonHandler).Create-fm (3 handlers)
[GIN-debug] GET    /api/v1/lessons/          --> backend/handler.(*LessonHandler).List-fm (3 handlers)
[GIN-debug] GET    /api/v1/lessons/:id       --> backend/handler.(*LessonHandler).GetByID-fm (3 handlers)
[GIN-debug] PUT    /api/v1/lessons/:id       --> backend/handler.(*LessonHandler).Update-fm (3 handlers)
[GIN-debug] DELETE /api/v1/lessons/:id       --> backend/handler.(*LessonHandler).Delete-fm (3 handlers)
[GIN-debug] GET    /api/v1/teachers/         --> backend/handler.(*TeacherHandler).List-fm (3 handlers)
[GIN-debug] GET    /api/v1/teachers/:id      --> backend/handler.(*TeacherHandler).GetByID-fm (3 handlers)
[GIN-debug] PUT    /api/v1/teachers/:id      --> backend/handler.(*TeacherHandler).Update-fm (3 handlers)
[GIN-debug] DELETE /api/v1/teachers/:id      --> backend/handler.(*TeacherHandler).Delete-fm (3 handlers)
[GIN-debug] GET    /api/v1/teachers/:id/lessonList --> backend/handler.(*TeacherHandler).GetLessonByID-fm (3 handlers)
[GIN-debug] [WARNING] You trusted all proxies, this is NOT safe. We recommend you to set a value.
Please check https://pkg.go.dev/github.com/gin-gonic/gin#readme-don-t-trust-all-proxies for details.
[GIN-debug] Listening and serving HTTP on :8080
handler/lesson_handler.go has changed
building...
running...
2026/08/12 11:29:35 &{localhost 8080 dev} &{user user1 3306 lesson db} &{redis 6379  0}
2026/08/12 11:29:35 init redis
2026/08/12 11:29:35 sql Open success
[GIN-debug] [WARNING] Running in "debug" mode. Switch to "release" mode in production.
 - using env:	export GIN_MODE=release
 - using code:	gin.SetMode(gin.ReleaseMode)

[GIN-debug] POST   /api/v1/teacher/login     --> backend/handler.(*AuthHandler).TeacherLogin-fm (2 handlers)
[GIN-debug] POST   /api/v1/student/login     --> backend/handler.(*AuthHandler).StudentLogin-fm (2 handlers)
[GIN-debug] POST   /api/v1/Logout            --> backend/handler.(*AuthHandler).Logout-fm (2 handlers)
[GIN-debug] POST   /api/v1/teacher/create    --> backend/handler.(*TeacherHandler).Create-fm (2 handlers)
[GIN-debug] POST   /api/v1/student/create    --> backend/handler.(*StudentHandler).Create-fm (2 handlers)
[GIN-debug] GET    /api/v1/students/         --> backend/handler.(*StudentHandler).List-fm (3 handlers)
[GIN-debug] GET    /api/v1/students/:id      --> backend/handler.(*StudentHandler).GetByID-fm (3 handlers)
[GIN-debug] PUT    /api/v1/students/:id      --> backend/handler.(*StudentHandler).Update-fm (3 handlers)
[GIN-debug] DELETE /api/v1/students/:id      --> backend/handler.(*StudentHandler).Delete-fm (3 handlers)
[GIN-debug] GET    /api/v1/students/student/:id --> backend/handler.(*StudentHandler).GetLessonByID-fm (3 handlers)
[GIN-debug] POST   /api/v1/lessons/          --> backend/handler.(*LessonHandler).Create-fm (3 handlers)
[GIN-debug] GET    /api/v1/lessons/          --> backend/handler.(*LessonHandler).List-fm (3 handlers)
[GIN-debug] GET    /api/v1/lessons/:id       --> backend/handler.(*LessonHandler).GetByID-fm (3 handlers)
[GIN-debug] PUT    /api/v1/lessons/:id       --> backend/handler.(*LessonHandler).Update-fm (3 handlers)
[GIN-debug] DELETE /api/v1/lessons/:id       --> backend/handler.(*LessonHandler).Delete-fm (3 handlers)
[GIN-debug] GET    /api/v1/teachers/         --> backend/handler.(*TeacherHandler).List-fm (3 handlers)
[GIN-debug] GET    /api/v1/teachers/:id      --> backend/handler.(*TeacherHandler).GetByID-fm (3 handlers)
[GIN-debug] PUT    /api/v1/teachers/:id      --> backend/handler.(*TeacherHandler).Update-fm (3 handlers)
[GIN-debug] DELETE /api/v1/teachers/:id      --> backend/handler.(*TeacherHandler).Delete-fm (3 handlers)
[GIN-debug] GET    /api/v1/teachers/:id/lessonList --> backend/handler.(*TeacherHandler).GetLessonByID-fm (3 handlers)
[GIN-debug] [WARNING] You trusted all proxies, this is NOT safe. We recommend you to set a value.
Please check https://pkg.go.dev/github.com/gin-gonic/gin#readme-don-t-trust-all-proxies for details.
[GIN-debug] Listening and serving HTTP on :8080
services/lesson_service.go has changed
building...
running...
services/lesson_service.go has changed
building...
running...
2026/08/12 11:29:41 &{localhost 8080 dev} &{user user1 3306 lesson db} &{redis 6379  0}
2026/08/12 11:29:41 init redis
2026/08/12 11:29:41 sql Open success
[GIN-debug] [WARNING] Running in "debug" mode. Switch to "release" mode in production.
 - using env:	export GIN_MODE=release
 - using code:	gin.SetMode(gin.ReleaseMode)

[GIN-debug] POST   /api/v1/teacher/login     --> backend/handler.(*AuthHandler).TeacherLogin-fm (2 handlers)
[GIN-debug] POST   /api/v1/student/login     --> backend/handler.(*AuthHandler).StudentLogin-fm (2 handlers)
[GIN-debug] POST   /api/v1/Logout            --> backend/handler.(*AuthHandler).Logout-fm (2 handlers)
[GIN-debug] POST   /api/v1/teacher/create    --> backend/handler.(*TeacherHandler).Create-fm (2 handlers)
[GIN-debug] POST   /api/v1/student/create    --> backend/handler.(*StudentHandler).Create-fm (2 handlers)
[GIN-debug] GET    /api/v1/students/         --> backend/handler.(*StudentHandler).List-fm (3 handlers)
[GIN-debug] GET    /api/v1/students/:id      --> backend/handler.(*StudentHandler).GetByID-fm (3 handlers)
[GIN-debug] PUT    /api/v1/students/:id      --> backend/handler.(*StudentHandler).Update-fm (3 handlers)
[GIN-debug] DELETE /api/v1/students/:id      --> backend/handler.(*StudentHandler).Delete-fm (3 handlers)
[GIN-debug] GET    /api/v1/students/student/:id --> backend/handler.(*StudentHandler).GetLessonByID-fm (3 handlers)
[GIN-debug] POST   /api/v1/lessons/          --> backend/handler.(*LessonHandler).Create-fm (3 handlers)
[GIN-debug] GET    /api/v1/lessons/          --> backend/handler.(*LessonHandler).List-fm (3 handlers)
[GIN-debug] GET    /api/v1/lessons/:id       --> backend/handler.(*LessonHandler).GetByID-fm (3 handlers)
[GIN-debug] PUT    /api/v1/lessons/:id       --> backend/handler.(*LessonHandler).Update-fm (3 handlers)
[GIN-debug] DELETE /api/v1/lessons/:id       --> backend/handler.(*LessonHandler).Delete-fm (3 handlers)
[GIN-debug] GET    /api/v1/teachers/         --> backend/handler.(*TeacherHandler).List-fm (3 handlers)
[GIN-debug] GET    /api/v1/teachers/:id      --> backend/handler.(*TeacherHandler).GetByID-fm (3 handlers)
[GIN-debug] PUT    /api/v1/teachers/:id      --> backend/handler.(*TeacherHandler).Update-fm (3 handlers)
[GIN-debug] DELETE /api/v1/teachers/:id      --> backend/handler.(*TeacherHandler).Delete-fm (3 handlers)
[GIN-debug] GET    /api/v1/teachers/:id/lessonList --> backend/handler.(*TeacherHandler).GetLessonByID-fm (3 handlers)
[GIN-debug] [WARNING] You trusted all proxies, this is NOT safe. We recommend you to set a value.
Please check https://pkg.go.dev/github.com/gin-gonic/gin#readme-don-t-trust-all-proxies for details.
[GIN-debug] Listening and serving HTTP on :8080
services/lesson_service.go has changed
building...
# backend/services
services/lesson_service.go:84:2: syntax error: unexpected }, expected name or (
services/lesson_service.go:92:41: syntax error: unexpected name int in argument list; possibly missing comma or )
failed to build, error: exit status 1
services/lesson_service.go has changed
building...
# backend/services
services/lesson_service.go:81:59: lesson.Teacher undefined (type models.Lesson has no field or method Teacher)
failed to build, error: exit status 1
services/lesson_service.go has changed
building...
# backend/services
services/lesson_service.go:81:52: lesson.Teacher undefined (type models.Lesson has no field or method Teacher)
failed to build, error: exit status 1
services/lesson_service.go has changed
building...
# backend/services
services/lesson_service.go:81:60: lesson.Teacher undefined (type models.Lesson has no field or method Teacher)
failed to build, error: exit status 1
services/lesson_service.go has changed
building...
# backend/services
services/lesson_service.go:81:60: lesson.Students undefined (type models.Lesson has no field or method Students)
failed to build, error: exit status 1
models/lesson.go has changed
building...
# backend/models
models/lesson.go:16:5: undefined: Students
failed to build, error: exit status 1
models/lesson.go has changed
building...
running...
2026/08/12 11:30:24 &{localhost 8080 dev} &{user user1 3306 lesson db} &{redis 6379  0}
2026/08/12 11:30:24 init redis
2026/08/12 11:30:24 sql Open success
[GIN-debug] [WARNING] Running in "debug" mode. Switch to "release" mode in production.
 - using env:	export GIN_MODE=release
 - using code:	gin.SetMode(gin.ReleaseMode)

[GIN-debug] POST   /api/v1/teacher/login     --> backend/handler.(*AuthHandler).TeacherLogin-fm (2 handlers)
[GIN-debug] POST   /api/v1/student/login     --> backend/handler.(*AuthHandler).StudentLogin-fm (2 handlers)
[GIN-debug] POST   /api/v1/Logout            --> backend/handler.(*AuthHandler).Logout-fm (2 handlers)
[GIN-debug] POST   /api/v1/teacher/create    --> backend/handler.(*TeacherHandler).Create-fm (2 handlers)
[GIN-debug] POST   /api/v1/student/create    --> backend/handler.(*StudentHandler).Create-fm (2 handlers)
[GIN-debug] GET    /api/v1/students/         --> backend/handler.(*StudentHandler).List-fm (3 handlers)
[GIN-debug] GET    /api/v1/students/:id      --> backend/handler.(*StudentHandler).GetByID-fm (3 handlers)
[GIN-debug] PUT    /api/v1/students/:id      --> backend/handler.(*StudentHandler).Update-fm (3 handlers)
[GIN-debug] DELETE /api/v1/students/:id      --> backend/handler.(*StudentHandler).Delete-fm (3 handlers)
[GIN-debug] GET    /api/v1/students/student/:id --> backend/handler.(*StudentHandler).GetLessonByID-fm (3 handlers)
[GIN-debug] POST   /api/v1/lessons/          --> backend/handler.(*LessonHandler).Create-fm (3 handlers)
[GIN-debug] GET    /api/v1/lessons/          --> backend/handler.(*LessonHandler).List-fm (3 handlers)
[GIN-debug] GET    /api/v1/lessons/:id       --> backend/handler.(*LessonHandler).GetByID-fm (3 handlers)
[GIN-debug] PUT    /api/v1/lessons/:id       --> backend/handler.(*LessonHandler).Update-fm (3 handlers)
[GIN-debug] DELETE /api/v1/lessons/:id       --> backend/handler.(*LessonHandler).Delete-fm (3 handlers)
[GIN-debug] GET    /api/v1/teachers/         --> backend/handler.(*TeacherHandler).List-fm (3 handlers)
[GIN-debug] GET    /api/v1/teachers/:id      --> backend/handler.(*TeacherHandler).GetByID-fm (3 handlers)
[GIN-debug] PUT    /api/v1/teachers/:id      --> backend/handler.(*TeacherHandler).Update-fm (3 handlers)
[GIN-debug] DELETE /api/v1/teachers/:id      --> backend/handler.(*TeacherHandler).Delete-fm (3 handlers)
[GIN-debug] GET    /api/v1/teachers/:id/lessonList --> backend/handler.(*TeacherHandler).GetLessonByID-fm (3 handlers)
[GIN-debug] [WARNING] You trusted all proxies, this is NOT safe. We recommend you to set a value.
Please check https://pkg.go.dev/github.com/gin-gonic/gin#readme-don-t-trust-all-proxies for details.
[GIN-debug] Listening and serving HTTP on :8080
models/lesson.go has changed
building...
running...
2026/08/12 11:30:25 &{localhost 8080 dev} &{user user1 3306 lesson db} &{redis 6379  0}
2026/08/12 11:30:25 init redis
2026/08/12 11:30:25 sql Open success
[GIN-debug] [WARNING] Running in "debug" mode. Switch to "release" mode in production.
 - using env:	export GIN_MODE=release
 - using code:	gin.SetMode(gin.ReleaseMode)

[GIN-debug] POST   /api/v1/teacher/login     --> backend/handler.(*AuthHandler).TeacherLogin-fm (2 handlers)
[GIN-debug] POST   /api/v1/student/login     --> backend/handler.(*AuthHandler).StudentLogin-fm (2 handlers)
[GIN-debug] POST   /api/v1/Logout            --> backend/handler.(*AuthHandler).Logout-fm (2 handlers)
[GIN-debug] POST   /api/v1/teacher/create    --> backend/handler.(*TeacherHandler).Create-fm (2 handlers)
[GIN-debug] POST   /api/v1/student/create    --> backend/handler.(*StudentHandler).Create-fm (2 handlers)
[GIN-debug] GET    /api/v1/students/         --> backend/handler.(*StudentHandler).List-fm (3 handlers)
[GIN-debug] GET    /api/v1/students/:id      --> backend/handler.(*StudentHandler).GetByID-fm (3 handlers)
[GIN-debug] PUT    /api/v1/students/:id      --> backend/handler.(*StudentHandler).Update-fm (3 handlers)
[GIN-debug] DELETE /api/v1/students/:id      --> backend/handler.(*StudentHandler).Delete-fm (3 handlers)
[GIN-debug] GET    /api/v1/students/student/:id --> backend/handler.(*StudentHandler).GetLessonByID-fm (3 handlers)
[GIN-debug] POST   /api/v1/lessons/          --> backend/handler.(*LessonHandler).Create-fm (3 handlers)
[GIN-debug] GET    /api/v1/lessons/          --> backend/handler.(*LessonHandler).List-fm (3 handlers)
[GIN-debug] GET    /api/v1/lessons/:id       --> backend/handler.(*LessonHandler).GetByID-fm (3 handlers)
[GIN-debug] PUT    /api/v1/lessons/:id       --> backend/handler.(*LessonHandler).Update-fm (3 handlers)
[GIN-debug] DELETE /api/v1/lessons/:id       --> backend/handler.(*LessonHandler).Delete-fm (3 handlers)
[GIN-debug] GET    /api/v1/teachers/         --> backend/handler.(*TeacherHandler).List-fm (3 handlers)
[GIN-debug] GET    /api/v1/teachers/:id      --> backend/handler.(*TeacherHandler).GetByID-fm (3 handlers)
[GIN-debug] PUT    /api/v1/teachers/:id      --> backend/handler.(*TeacherHandler).Update-fm (3 handlers)
[GIN-debug] DELETE /api/v1/teachers/:id      --> backend/handler.(*TeacherHandler).Delete-fm (3 handlers)
[GIN-debug] GET    /api/v1/teachers/:id/lessonList --> backend/handler.(*TeacherHandler).GetLessonByID-fm (3 handlers)
[GIN-debug] [WARNING] You trusted all proxies, this is NOT safe. We recommend you to set a value.
Please check https://pkg.go.dev/github.com/gin-gonic/gin#readme-don-t-trust-all-proxies for details.
[GIN-debug] Listening and serving HTTP on :8080
models/lesson.go has changed
building...
running...
2026/08/12 11:30:28 &{localhost 8080 dev} &{user user1 3306 lesson db} &{redis 6379  0}
2026/08/12 11:30:28 init redis
2026/08/12 11:30:28 sql Open success
[GIN-debug] [WARNING] Running in "debug" mode. Switch to "release" mode in production.
 - using env:	export GIN_MODE=release
 - using code:	gin.SetMode(gin.ReleaseMode)

[GIN-debug] POST   /api/v1/teacher/login     --> backend/handler.(*AuthHandler).TeacherLogin-fm (2 handlers)
[GIN-debug] POST   /api/v1/student/login     --> backend/handler.(*AuthHandler).StudentLogin-fm (2 handlers)
[GIN-debug] POST   /api/v1/Logout            --> backend/handler.(*AuthHandler).Logout-fm (2 handlers)
[GIN-debug] POST   /api/v1/teacher/create    --> backend/handler.(*TeacherHandler).Create-fm (2 handlers)
[GIN-debug] POST   /api/v1/student/create    --> backend/handler.(*StudentHandler).Create-fm (2 handlers)
[GIN-debug] GET    /api/v1/students/         --> backend/handler.(*StudentHandler).List-fm (3 handlers)
[GIN-debug] GET    /api/v1/students/:id      --> backend/handler.(*StudentHandler).GetByID-fm (3 handlers)
[GIN-debug] PUT    /api/v1/students/:id      --> backend/handler.(*StudentHandler).Update-fm (3 handlers)
[GIN-debug] DELETE /api/v1/students/:id      --> backend/handler.(*StudentHandler).Delete-fm (3 handlers)
[GIN-debug] GET    /api/v1/students/student/:id --> backend/handler.(*StudentHandler).GetLessonByID-fm (3 handlers)
[GIN-debug] POST   /api/v1/lessons/          --> backend/handler.(*LessonHandler).Create-fm (3 handlers)
[GIN-debug] GET    /api/v1/lessons/          --> backend/handler.(*LessonHandler).List-fm (3 handlers)
[GIN-debug] GET    /api/v1/lessons/:id       --> backend/handler.(*LessonHandler).GetByID-fm (3 handlers)
[GIN-debug] PUT    /api/v1/lessons/:id       --> backend/handler.(*LessonHandler).Update-fm (3 handlers)
[GIN-debug] DELETE /api/v1/lessons/:id       --> backend/handler.(*LessonHandler).Delete-fm (3 handlers)
[GIN-debug] GET    /api/v1/teachers/         --> backend/handler.(*TeacherHandler).List-fm (3 handlers)
[GIN-debug] GET    /api/v1/teachers/:id      --> backend/handler.(*TeacherHandler).GetByID-fm (3 handlers)
[GIN-debug] PUT    /api/v1/teachers/:id      --> backend/handler.(*TeacherHandler).Update-fm (3 handlers)
[GIN-debug] DELETE /api/v1/teachers/:id      --> backend/handler.(*TeacherHandler).Delete-fm (3 handlers)
[GIN-debug] GET    /api/v1/teachers/:id/lessonList --> backend/handler.(*TeacherHandler).GetLessonByID-fm (3 handlers)
[GIN-debug] [WARNING] You trusted all proxies, this is NOT safe. We recommend you to set a value.
Please check https://pkg.go.dev/github.com/gin-gonic/gin#readme-don-t-trust-all-proxies for details.
[GIN-debug] Listening and serving HTTP on :8080
models/lesson.go has changed
building...
# backend/models
models/lesson.go:17:5: undefined: T
failed to build, error: exit status 1
models/lesson.go has changed
building...
running...
2026/08/12 11:30:33 &{localhost 8080 dev} &{user user1 3306 lesson db} &{redis 6379  0}
2026/08/12 11:30:33 init redis
2026/08/12 11:30:33 sql Open success
[GIN-debug] [WARNING] Running in "debug" mode. Switch to "release" mode in production.
 - using env:	export GIN_MODE=release
 - using code:	gin.SetMode(gin.ReleaseMode)

[GIN-debug] POST   /api/v1/teacher/login     --> backend/handler.(*AuthHandler).TeacherLogin-fm (2 handlers)
[GIN-debug] POST   /api/v1/student/login     --> backend/handler.(*AuthHandler).StudentLogin-fm (2 handlers)
[GIN-debug] POST   /api/v1/Logout            --> backend/handler.(*AuthHandler).Logout-fm (2 handlers)
[GIN-debug] POST   /api/v1/teacher/create    --> backend/handler.(*TeacherHandler).Create-fm (2 handlers)
[GIN-debug] POST   /api/v1/student/create    --> backend/handler.(*StudentHandler).Create-fm (2 handlers)
[GIN-debug] GET    /api/v1/students/         --> backend/handler.(*StudentHandler).List-fm (3 handlers)
[GIN-debug] GET    /api/v1/students/:id      --> backend/handler.(*StudentHandler).GetByID-fm (3 handlers)
[GIN-debug] PUT    /api/v1/students/:id      --> backend/handler.(*StudentHandler).Update-fm (3 handlers)
[GIN-debug] DELETE /api/v1/students/:id      --> backend/handler.(*StudentHandler).Delete-fm (3 handlers)
[GIN-debug] GET    /api/v1/students/student/:id --> backend/handler.(*StudentHandler).GetLessonByID-fm (3 handlers)
[GIN-debug] POST   /api/v1/lessons/          --> backend/handler.(*LessonHandler).Create-fm (3 handlers)
[GIN-debug] GET    /api/v1/lessons/          --> backend/handler.(*LessonHandler).List-fm (3 handlers)
[GIN-debug] GET    /api/v1/lessons/:id       --> backend/handler.(*LessonHandler).GetByID-fm (3 handlers)
[GIN-debug] PUT    /api/v1/lessons/:id       --> backend/handler.(*LessonHandler).Update-fm (3 handlers)
[GIN-debug] DELETE /api/v1/lessons/:id       --> backend/handler.(*LessonHandler).Delete-fm (3 handlers)
[GIN-debug] GET    /api/v1/teachers/         --> backend/handler.(*TeacherHandler).List-fm (3 handlers)
[GIN-debug] GET    /api/v1/teachers/:id      --> backend/handler.(*TeacherHandler).GetByID-fm (3 handlers)
[GIN-debug] PUT    /api/v1/teachers/:id      --> backend/handler.(*TeacherHandler).Update-fm (3 handlers)
[GIN-debug] DELETE /api/v1/teachers/:id      --> backend/handler.(*TeacherHandler).Delete-fm (3 handlers)
[GIN-debug] GET    /api/v1/teachers/:id/lessonList --> backend/handler.(*TeacherHandler).GetLessonByID-fm (3 handlers)
[GIN-debug] [WARNING] You trusted all proxies, this is NOT safe. We recommend you to set a value.
Please check https://pkg.go.dev/github.com/gin-gonic/gin#readme-don-t-trust-all-proxies for details.
[GIN-debug] Listening and serving HTTP on :8080
services/lesson_service.go has changed
building...
running...
2026/08/12 11:30:54 &{localhost 8080 dev} &{user user1 3306 lesson db} &{redis 6379  0}
2026/08/12 11:30:54 init redis
2026/08/12 11:30:54 sql Open success
[GIN-debug] [WARNING] Running in "debug" mode. Switch to "release" mode in production.
 - using env:	export GIN_MODE=release
 - using code:	gin.SetMode(gin.ReleaseMode)

[GIN-debug] POST   /api/v1/teacher/login     --> backend/handler.(*AuthHandler).TeacherLogin-fm (2 handlers)
[GIN-debug] POST   /api/v1/student/login     --> backend/handler.(*AuthHandler).StudentLogin-fm (2 handlers)
[GIN-debug] POST   /api/v1/Logout            --> backend/handler.(*AuthHandler).Logout-fm (2 handlers)
[GIN-debug] POST   /api/v1/teacher/create    --> backend/handler.(*TeacherHandler).Create-fm (2 handlers)
[GIN-debug] POST   /api/v1/student/create    --> backend/handler.(*StudentHandler).Create-fm (2 handlers)
[GIN-debug] GET    /api/v1/students/         --> backend/handler.(*StudentHandler).List-fm (3 handlers)
[GIN-debug] GET    /api/v1/students/:id      --> backend/handler.(*StudentHandler).GetByID-fm (3 handlers)
[GIN-debug] PUT    /api/v1/students/:id      --> backend/handler.(*StudentHandler).Update-fm (3 handlers)
[GIN-debug] DELETE /api/v1/students/:id      --> backend/handler.(*StudentHandler).Delete-fm (3 handlers)
[GIN-debug] GET    /api/v1/students/student/:id --> backend/handler.(*StudentHandler).GetLessonByID-fm (3 handlers)
[GIN-debug] POST   /api/v1/lessons/          --> backend/handler.(*LessonHandler).Create-fm (3 handlers)
[GIN-debug] GET    /api/v1/lessons/          --> backend/handler.(*LessonHandler).List-fm (3 handlers)
[GIN-debug] GET    /api/v1/lessons/:id       --> backend/handler.(*LessonHandler).GetByID-fm (3 handlers)
[GIN-debug] PUT    /api/v1/lessons/:id       --> backend/handler.(*LessonHandler).Update-fm (3 handlers)
[GIN-debug] DELETE /api/v1/lessons/:id       --> backend/handler.(*LessonHandler).Delete-fm (3 handlers)
[GIN-debug] GET    /api/v1/teachers/         --> backend/handler.(*TeacherHandler).List-fm (3 handlers)
[GIN-debug] GET    /api/v1/teachers/:id      --> backend/handler.(*TeacherHandler).GetByID-fm (3 handlers)
[GIN-debug] PUT    /api/v1/teachers/:id      --> backend/handler.(*TeacherHandler).Update-fm (3 handlers)
[GIN-debug] DELETE /api/v1/teachers/:id      --> backend/handler.(*TeacherHandler).Delete-fm (3 handlers)
[GIN-debug] GET    /api/v1/teachers/:id/lessonList --> backend/handler.(*TeacherHandler).GetLessonByID-fm (3 handlers)
[GIN-debug] [WARNING] You trusted all proxies, this is NOT safe. We recommend you to set a value.
Please check https://pkg.go.dev/github.com/gin-gonic/gin#readme-don-t-trust-all-proxies for details.
[GIN-debug] Listening and serving HTTP on :8080
services/lesson_service.go has changed
building...
running...
2026/08/12 11:31:09 &{localhost 8080 dev} &{user user1 3306 lesson db} &{redis 6379  0}
2026/08/12 11:31:09 init redis
2026/08/12 11:31:09 sql Open success
[GIN-debug] [WARNING] Running in "debug" mode. Switch to "release" mode in production.
 - using env:	export GIN_MODE=release
 - using code:	gin.SetMode(gin.ReleaseMode)

[GIN-debug] POST   /api/v1/teacher/login     --> backend/handler.(*AuthHandler).TeacherLogin-fm (2 handlers)
[GIN-debug] POST   /api/v1/student/login     --> backend/handler.(*AuthHandler).StudentLogin-fm (2 handlers)
[GIN-debug] POST   /api/v1/Logout            --> backend/handler.(*AuthHandler).Logout-fm (2 handlers)
[GIN-debug] POST   /api/v1/teacher/create    --> backend/handler.(*TeacherHandler).Create-fm (2 handlers)
[GIN-debug] POST   /api/v1/student/create    --> backend/handler.(*StudentHandler).Create-fm (2 handlers)
[GIN-debug] GET    /api/v1/students/         --> backend/handler.(*StudentHandler).List-fm (3 handlers)
[GIN-debug] GET    /api/v1/students/:id      --> backend/handler.(*StudentHandler).GetByID-fm (3 handlers)
[GIN-debug] PUT    /api/v1/students/:id      --> backend/handler.(*StudentHandler).Update-fm (3 handlers)
[GIN-debug] DELETE /api/v1/students/:id      --> backend/handler.(*StudentHandler).Delete-fm (3 handlers)
[GIN-debug] GET    /api/v1/students/student/:id --> backend/handler.(*StudentHandler).GetLessonByID-fm (3 handlers)
[GIN-debug] POST   /api/v1/lessons/          --> backend/handler.(*LessonHandler).Create-fm (3 handlers)
[GIN-debug] GET    /api/v1/lessons/          --> backend/handler.(*LessonHandler).List-fm (3 handlers)
[GIN-debug] GET    /api/v1/lessons/:id       --> backend/handler.(*LessonHandler).GetByID-fm (3 handlers)
[GIN-debug] PUT    /api/v1/lessons/:id       --> backend/handler.(*LessonHandler).Update-fm (3 handlers)
[GIN-debug] DELETE /api/v1/lessons/:id       --> backend/handler.(*LessonHandler).Delete-fm (3 handlers)
[GIN-debug] GET    /api/v1/teachers/         --> backend/handler.(*TeacherHandler).List-fm (3 handlers)
[GIN-debug] GET    /api/v1/teachers/:id      --> backend/handler.(*TeacherHandler).GetByID-fm (3 handlers)
[GIN-debug] PUT    /api/v1/teachers/:id      --> backend/handler.(*TeacherHandler).Update-fm (3 handlers)
[GIN-debug] DELETE /api/v1/teachers/:id      --> backend/handler.(*TeacherHandler).Delete-fm (3 handlers)
[GIN-debug] GET    /api/v1/teachers/:id/lessonList --> backend/handler.(*TeacherHandler).GetLessonByID-fm (3 handlers)
[GIN-debug] [WARNING] You trusted all proxies, this is NOT safe. We recommend you to set a value.
Please check https://pkg.go.dev/github.com/gin-gonic/gin#readme-don-t-trust-all-proxies for details.
[GIN-debug] Listening and serving HTTP on :8080
services/lesson_service.go has changed
building...
# backend/services
services/lesson_service.go:69:78: syntax error: unexpected name error in parameter list; possibly missing comma or )
failed to build, error: exit status 1
services/lesson_service.go has changed
building...
# backend/services
services/lesson_service.go:72:18: not enough return values
	have (models.Lesson, error)
	want (models.Lesson, []models.Student, error)
services/lesson_service.go:86:17: not enough return values
	have (models.Lesson, nil)
	want (models.Lesson, []models.Student, error)
failed to build, error: exit status 1
services/lesson_service.go has changed
building...
# backend/services
services/lesson_service.go:86:17: not enough return values
	have (models.Lesson, nil)
	want (models.Lesson, []models.Student, error)
failed to build, error: exit status 1
services/lesson_service.go has changed
building...
# backend/handler
handler/lesson_handler.go:53:17: assignment mismatch: 2 variables but h.lessonService.GetLessonByID returns 3 values
handler/lesson_handler.go:70:17: assignment mismatch: 2 variables but h.lessonService.GetLessonByID returns 3 values
failed to build, error: exit status 1
services/lesson_service.go has changed
building...
# backend/handler
handler/lesson_handler.go:53:17: assignment mismatch: 2 variables but h.lessonService.GetLessonByID returns 3 values
handler/lesson_handler.go:70:17: assignment mismatch: 2 variables but h.lessonService.GetLessonByID returns 3 values
failed to build, error: exit status 1
services/lesson_service.go has changed
building...
# backend/services
services/lesson_service.go:71:6: declared and not used: students
failed to build, error: exit status 1
services/lesson_service.go has changed
building...
# backend/handler
handler/lesson_handler.go:53:17: assignment mismatch: 2 variables but h.lessonService.GetLessonByID returns 3 values
handler/lesson_handler.go:70:17: assignment mismatch: 2 variables but h.lessonService.GetLessonByID returns 3 values
failed to build, error: exit status 1
services/lesson_service.go has changed
building...
# backend/handler
handler/lesson_handler.go:53:17: assignment mismatch: 2 variables but h.lessonService.GetLessonByID returns 3 values
handler/lesson_handler.go:70:17: assignment mismatch: 2 variables but h.lessonService.GetLessonByID returns 3 values
failed to build, error: exit status 1
services/lesson_service.go has changed
building...
# backend/handler
handler/lesson_handler.go:53:17: assignment mismatch: 2 variables but h.lessonService.GetLessonByID returns 3 values
handler/lesson_handler.go:70:17: assignment mismatch: 2 variables but h.lessonService.GetLessonByID returns 3 values
failed to build, error: exit status 1
services/lesson_service.go has changed
building...
# backend/handler
handler/lesson_handler.go:53:17: assignment mismatch: 2 variables but h.lessonService.GetLessonByID returns 3 values
handler/lesson_handler.go:70:17: assignment mismatch: 2 variables but h.lessonService.GetLessonByID returns 3 values
failed to build, error: exit status 1
services/lesson_service.go has changed
building...
# backend/services
services/lesson_service.go:80:3: declared and not used: err
failed to build, error: exit status 1
services/lesson_service.go has changed
building...
# backend/handler
handler/lesson_handler.go:53:17: assignment mismatch: 2 variables but h.lessonService.GetLessonByID returns 3 values
handler/lesson_handler.go:70:17: assignment mismatch: 2 variables but h.lessonService.GetLessonByID returns 3 values
failed to build, error: exit status 1
handler/lesson_handler.go has changed
building...
# backend/handler
handler/lesson_handler.go:70:10: syntax error: unexpected comma, expected expression
failed to build, error: exit status 1
handler/lesson_handler.go has changed
building...
# backend/handler
handler/lesson_handler.go:53:17: assignment mismatch: 2 variables but h.lessonService.GetLessonByID returns 3 values
handler/lesson_handler.go:70:10: declared and not used: students
failed to build, error: exit status 1
handler/lesson_handler.go has changed
building...
# backend/handler
handler/lesson_handler.go:53:17: assignment mismatch: 2 variables but h.lessonService.GetLessonByID returns 3 values
failed to build, error: exit status 1
handler/lesson_handler.go has changed
building...
running...
2026/08/12 11:33:28 &{localhost 8080 dev} &{user user1 3306 lesson db} &{redis 6379  0}
2026/08/12 11:33:28 init redis
2026/08/12 11:33:28 sql Open success
[GIN-debug] [WARNING] Running in "debug" mode. Switch to "release" mode in production.
 - using env:	export GIN_MODE=release
 - using code:	gin.SetMode(gin.ReleaseMode)

[GIN-debug] POST   /api/v1/teacher/login     --> backend/handler.(*AuthHandler).TeacherLogin-fm (2 handlers)
[GIN-debug] POST   /api/v1/student/login     --> backend/handler.(*AuthHandler).StudentLogin-fm (2 handlers)
[GIN-debug] POST   /api/v1/Logout            --> backend/handler.(*AuthHandler).Logout-fm (2 handlers)
[GIN-debug] POST   /api/v1/teacher/create    --> backend/handler.(*TeacherHandler).Create-fm (2 handlers)
[GIN-debug] POST   /api/v1/student/create    --> backend/handler.(*StudentHandler).Create-fm (2 handlers)
[GIN-debug] GET    /api/v1/students/         --> backend/handler.(*StudentHandler).List-fm (3 handlers)
[GIN-debug] GET    /api/v1/students/:id      --> backend/handler.(*StudentHandler).GetByID-fm (3 handlers)
[GIN-debug] PUT    /api/v1/students/:id      --> backend/handler.(*StudentHandler).Update-fm (3 handlers)
[GIN-debug] DELETE /api/v1/students/:id      --> backend/handler.(*StudentHandler).Delete-fm (3 handlers)
[GIN-debug] GET    /api/v1/students/student/:id --> backend/handler.(*StudentHandler).GetLessonByID-fm (3 handlers)
[GIN-debug] POST   /api/v1/lessons/          --> backend/handler.(*LessonHandler).Create-fm (3 handlers)
[GIN-debug] GET    /api/v1/lessons/          --> backend/handler.(*LessonHandler).List-fm (3 handlers)
[GIN-debug] GET    /api/v1/lessons/:id       --> backend/handler.(*LessonHandler).GetByID-fm (3 handlers)
[GIN-debug] PUT    /api/v1/lessons/:id       --> backend/handler.(*LessonHandler).Update-fm (3 handlers)
[GIN-debug] DELETE /api/v1/lessons/:id       --> backend/handler.(*LessonHandler).Delete-fm (3 handlers)
[GIN-debug] GET    /api/v1/teachers/         --> backend/handler.(*TeacherHandler).List-fm (3 handlers)
[GIN-debug] GET    /api/v1/teachers/:id      --> backend/handler.(*TeacherHandler).GetByID-fm (3 handlers)
[GIN-debug] PUT    /api/v1/teachers/:id      --> backend/handler.(*TeacherHandler).Update-fm (3 handlers)
[GIN-debug] DELETE /api/v1/teachers/:id      --> backend/handler.(*TeacherHandler).Delete-fm (3 handlers)
[GIN-debug] GET    /api/v1/teachers/:id/lessonList --> backend/handler.(*TeacherHandler).GetLessonByID-fm (3 handlers)
[GIN-debug] [WARNING] You trusted all proxies, this is NOT safe. We recommend you to set a value.
Please check https://pkg.go.dev/github.com/gin-gonic/gin#readme-don-t-trust-all-proxies for details.
[GIN-debug] Listening and serving HTTP on :8080
services/lesson_service.go has changed
building...
running...
2026/08/12 11:33:40 &{localhost 8080 dev} &{user user1 3306 lesson db} &{redis 6379  0}
2026/08/12 11:33:40 init redis
2026/08/12 11:33:40 sql Open success
[GIN-debug] [WARNING] Running in "debug" mode. Switch to "release" mode in production.
 - using env:	export GIN_MODE=release
 - using code:	gin.SetMode(gin.ReleaseMode)

[GIN-debug] POST   /api/v1/teacher/login     --> backend/handler.(*AuthHandler).TeacherLogin-fm (2 handlers)
[GIN-debug] POST   /api/v1/student/login     --> backend/handler.(*AuthHandler).StudentLogin-fm (2 handlers)
[GIN-debug] POST   /api/v1/Logout            --> backend/handler.(*AuthHandler).Logout-fm (2 handlers)
[GIN-debug] POST   /api/v1/teacher/create    --> backend/handler.(*TeacherHandler).Create-fm (2 handlers)
[GIN-debug] POST   /api/v1/student/create    --> backend/handler.(*StudentHandler).Create-fm (2 handlers)
[GIN-debug] GET    /api/v1/students/         --> backend/handler.(*StudentHandler).List-fm (3 handlers)
[GIN-debug] GET    /api/v1/students/:id      --> backend/handler.(*StudentHandler).GetByID-fm (3 handlers)
[GIN-debug] PUT    /api/v1/students/:id      --> backend/handler.(*StudentHandler).Update-fm (3 handlers)
[GIN-debug] DELETE /api/v1/students/:id      --> backend/handler.(*StudentHandler).Delete-fm (3 handlers)
[GIN-debug] GET    /api/v1/students/student/:id --> backend/handler.(*StudentHandler).GetLessonByID-fm (3 handlers)
[GIN-debug] POST   /api/v1/lessons/          --> backend/handler.(*LessonHandler).Create-fm (3 handlers)
[GIN-debug] GET    /api/v1/lessons/          --> backend/handler.(*LessonHandler).List-fm (3 handlers)
[GIN-debug] GET    /api/v1/lessons/:id       --> backend/handler.(*LessonHandler).GetByID-fm (3 handlers)
[GIN-debug] PUT    /api/v1/lessons/:id       --> backend/handler.(*LessonHandler).Update-fm (3 handlers)
[GIN-debug] DELETE /api/v1/lessons/:id       --> backend/handler.(*LessonHandler).Delete-fm (3 handlers)
[GIN-debug] GET    /api/v1/teachers/         --> backend/handler.(*TeacherHandler).List-fm (3 handlers)
[GIN-debug] GET    /api/v1/teachers/:id      --> backend/handler.(*TeacherHandler).GetByID-fm (3 handlers)
[GIN-debug] PUT    /api/v1/teachers/:id      --> backend/handler.(*TeacherHandler).Update-fm (3 handlers)
[GIN-debug] DELETE /api/v1/teachers/:id      --> backend/handler.(*TeacherHandler).Delete-fm (3 handlers)
[GIN-debug] GET    /api/v1/teachers/:id/lessonList --> backend/handler.(*TeacherHandler).GetLessonByID-fm (3 handlers)
[GIN-debug] [WARNING] You trusted all proxies, this is NOT safe. We recommend you to set a value.
Please check https://pkg.go.dev/github.com/gin-gonic/gin#readme-don-t-trust-all-proxies for details.
[GIN-debug] Listening and serving HTTP on :8080
2026/08/12 11:33:58 Checking session in Redis with key: lesson_session:7fc51444fcebecd22b7a129a16f2554c
2026/08/12 11:33:58 Checking session in Redis with key: lesson_session:7fc51444fcebecd22b7a129a16f2554c
2026/08/12 11:33:59 Checking session in Redis with key: lesson_session:7fc51444fcebecd22b7a129a16f2554c
2026/08/12 11:33:59 Checking session in Redis with key: lesson_session:7fc51444fcebecd22b7a129a16f2554c
2026/08/12 11:34:04 Checking session in Redis with key: lesson_session:7fc51444fcebecd22b7a129a16f2554c
2026/08/12 11:34:04 Checking session in Redis with key: lesson_session:7fc51444fcebecd22b7a129a16f2554c
2026/08/12 11:34:08 Checking session in Redis with key: lesson_session:7fc51444fcebecd22b7a129a16f2554c
2026/08/12 11:34:08 Checking session in Redis with key: lesson_session:7fc51444fcebecd22b7a129a16f2554c
2026/08/12 11:35:04 Checking session in Redis with key: lesson_session:7fc51444fcebecd22b7a129a16f2554c
2026/08/12 11:35:07 Checking session in Redis with key: lesson_session:7fc51444fcebecd22b7a129a16f2554c
2026/08/12 11:35:11 Checking session in Redis with key: lesson_session:7fc51444fcebecd22b7a129a16f2554c
2026/08/12 11:35:14 Checking session in Redis with key: lesson_session:7fc51444fcebecd22b7a129a16f2554c
2026/08/12 11:35:31 Checking session in Redis with key: lesson_session:7fc51444fcebecd22b7a129a16f2554c
2026/08/12 11:35:35 Checking session in Redis with key: lesson_session:7fc51444fcebecd22b7a129a16f2554c
2026/08/12 11:35:44 Checking session in Redis with key: lesson_session:7fc51444fcebecd22b7a129a16f2554c
2026/08/12 11:35:44 Checking session in Redis with key: lesson_session:7fc51444fcebecd22b7a129a16f2554c
2026/08/12 11:35:49 Checking session in Redis with key: lesson_session:7fc51444fcebecd22b7a129a16f2554c
2026/08/12 11:35:55 Checking session in Redis with key: lesson_session:7fc51444fcebecd22b7a129a16f2554c
2026/08/12 11:36:30 Checking session in Redis with key: lesson_session:7fc51444fcebecd22b7a129a16f2554c
2026/08/12 11:36:32 Checking session in Redis with key: lesson_session:7fc51444fcebecd22b7a129a16f2554c
2026/08/12 11:36:34 Checking session in Redis with key: lesson_session:7fc51444fcebecd22b7a129a16f2554c
2026/08/12 11:36:37 Checking session in Redis with key: lesson_session:7fc51444fcebecd22b7a129a16f2554c
2026/08/12 11:38:16 Checking session in Redis with key: lesson_session:7fc51444fcebecd22b7a129a16f2554c
2026/08/12 11:38:19 Checking session in Redis with key: lesson_session:7fc51444fcebecd22b7a129a16f2554c
2026/08/12 11:38:28 Checking session in Redis with key: lesson_session:7fc51444fcebecd22b7a129a16f2554c
2026/08/12 11:38:30 Checking session in Redis with key: lesson_session:7fc51444fcebecd22b7a129a16f2554c
2026/08/12 11:38:52 Checking session in Redis with key: lesson_session:7fc51444fcebecd22b7a129a16f2554c
2026/08/12 11:39:06 Checking session in Redis with key: lesson_session:7fc51444fcebecd22b7a129a16f2554c
2026/08/12 11:47:43 Checking session in Redis with key: lesson_session:7fc51444fcebecd22b7a129a16f2554c
2026/08/12 11:47:43 Checking session in Redis with key: lesson_session:7fc51444fcebecd22b7a129a16f2554c
2026/08/12 11:49:36 Checking session in Redis with key: lesson_session:7fc51444fcebecd22b7a129a16f2554c
2026/08/12 11:49:36 Checking session in Redis with key: lesson_session:7fc51444fcebecd22b7a129a16f2554c
Retrieved and deleted value: teacher:1

2026/08/12 11:52:48 [31;1m/app/services/login_services.go:56 [35;1mrecord not found
[0m[33m[0.526ms] [34;1m[rows:0][0m SELECT * FROM `students` WHERE email = 'Awei@mail.com' ORDER BY `students`.`id` LIMIT 1

2026/08/12 11:53:21 [31;1m/app/services/login_services.go:56 [35;1mrecord not found
[0m[33m[1.456ms] [34;1m[rows:0][0m SELECT * FROM `students` WHERE email = 'Awei@mail.com' ORDER BY `students`.`id` LIMIT 1
handler/login_handler.go has changed
building...
running...
2026/08/12 11:54:24 &{localhost 8080 dev} &{user user1 3306 lesson db} &{redis 6379  0}
2026/08/12 11:54:24 init redis
2026/08/12 11:54:24 sql Open success
[GIN-debug] [WARNING] Running in "debug" mode. Switch to "release" mode in production.
 - using env:	export GIN_MODE=release
 - using code:	gin.SetMode(gin.ReleaseMode)

[GIN-debug] POST   /api/v1/teacher/login     --> backend/handler.(*AuthHandler).TeacherLogin-fm (2 handlers)
[GIN-debug] POST   /api/v1/student/login     --> backend/handler.(*AuthHandler).StudentLogin-fm (2 handlers)
[GIN-debug] POST   /api/v1/Logout            --> backend/handler.(*AuthHandler).Logout-fm (2 handlers)
[GIN-debug] POST   /api/v1/teacher/create    --> backend/handler.(*TeacherHandler).Create-fm (2 handlers)
[GIN-debug] POST   /api/v1/student/create    --> backend/handler.(*StudentHandler).Create-fm (2 handlers)
[GIN-debug] GET    /api/v1/students/         --> backend/handler.(*StudentHandler).List-fm (3 handlers)
[GIN-debug] GET    /api/v1/students/:id      --> backend/handler.(*StudentHandler).GetByID-fm (3 handlers)
[GIN-debug] PUT    /api/v1/students/:id      --> backend/handler.(*StudentHandler).Update-fm (3 handlers)
[GIN-debug] DELETE /api/v1/students/:id      --> backend/handler.(*StudentHandler).Delete-fm (3 handlers)
[GIN-debug] GET    /api/v1/students/student/:id --> backend/handler.(*StudentHandler).GetLessonByID-fm (3 handlers)
[GIN-debug] POST   /api/v1/lessons/          --> backend/handler.(*LessonHandler).Create-fm (3 handlers)
[GIN-debug] GET    /api/v1/lessons/          --> backend/handler.(*LessonHandler).List-fm (3 handlers)
[GIN-debug] GET    /api/v1/lessons/:id       --> backend/handler.(*LessonHandler).GetByID-fm (3 handlers)
[GIN-debug] PUT    /api/v1/lessons/:id       --> backend/handler.(*LessonHandler).Update-fm (3 handlers)
[GIN-debug] DELETE /api/v1/lessons/:id       --> backend/handler.(*LessonHandler).Delete-fm (3 handlers)
[GIN-debug] GET    /api/v1/teachers/         --> backend/handler.(*TeacherHandler).List-fm (3 handlers)
[GIN-debug] GET    /api/v1/teachers/:id      --> backend/handler.(*TeacherHandler).GetByID-fm (3 handlers)
[GIN-debug] PUT    /api/v1/teachers/:id      --> backend/handler.(*TeacherHandler).Update-fm (3 handlers)
[GIN-debug] DELETE /api/v1/teachers/:id      --> backend/handler.(*TeacherHandler).Delete-fm (3 handlers)
[GIN-debug] GET    /api/v1/teachers/:id/lessonList --> backend/handler.(*TeacherHandler).GetLessonByID-fm (3 handlers)
[GIN-debug] [WARNING] You trusted all proxies, this is NOT safe. We recommend you to set a value.
Please check https://pkg.go.dev/github.com/gin-gonic/gin#readme-don-t-trust-all-proxies for details.
[GIN-debug] Listening and serving HTTP on :8080
handler/login_handler.go has changed
building...
running...
2026/08/12 11:54:29 &{localhost 8080 dev} &{user user1 3306 lesson db} &{redis 6379  0}
2026/08/12 11:54:29 init redis
2026/08/12 11:54:29 sql Open success
[GIN-debug] [WARNING] Running in "debug" mode. Switch to "release" mode in production.
 - using env:	export GIN_MODE=release
 - using code:	gin.SetMode(gin.ReleaseMode)

[GIN-debug] POST   /api/v1/teacher/login     --> backend/handler.(*AuthHandler).TeacherLogin-fm (2 handlers)
[GIN-debug] POST   /api/v1/student/login     --> backend/handler.(*AuthHandler).StudentLogin-fm (2 handlers)
[GIN-debug] POST   /api/v1/Logout            --> backend/handler.(*AuthHandler).Logout-fm (2 handlers)
[GIN-debug] POST   /api/v1/teacher/create    --> backend/handler.(*TeacherHandler).Create-fm (2 handlers)
[GIN-debug] POST   /api/v1/student/create    --> backend/handler.(*StudentHandler).Create-fm (2 handlers)
[GIN-debug] GET    /api/v1/students/         --> backend/handler.(*StudentHandler).List-fm (3 handlers)
[GIN-debug] GET    /api/v1/students/:id      --> backend/handler.(*StudentHandler).GetByID-fm (3 handlers)
[GIN-debug] PUT    /api/v1/students/:id      --> backend/handler.(*StudentHandler).Update-fm (3 handlers)
[GIN-debug] DELETE /api/v1/students/:id      --> backend/handler.(*StudentHandler).Delete-fm (3 handlers)
[GIN-debug] GET    /api/v1/students/student/:id --> backend/handler.(*StudentHandler).GetLessonByID-fm (3 handlers)
[GIN-debug] POST   /api/v1/lessons/          --> backend/handler.(*LessonHandler).Create-fm (3 handlers)
[GIN-debug] GET    /api/v1/lessons/          --> backend/handler.(*LessonHandler).List-fm (3 handlers)
[GIN-debug] GET    /api/v1/lessons/:id       --> backend/handler.(*LessonHandler).GetByID-fm (3 handlers)
[GIN-debug] PUT    /api/v1/lessons/:id       --> backend/handler.(*LessonHandler).Update-fm (3 handlers)
[GIN-debug] DELETE /api/v1/lessons/:id       --> backend/handler.(*LessonHandler).Delete-fm (3 handlers)
[GIN-debug] GET    /api/v1/teachers/         --> backend/handler.(*TeacherHandler).List-fm (3 handlers)
[GIN-debug] GET    /api/v1/teachers/:id      --> backend/handler.(*TeacherHandler).GetByID-fm (3 handlers)
[GIN-debug] PUT    /api/v1/teachers/:id      --> backend/handler.(*TeacherHandler).Update-fm (3 handlers)
[GIN-debug] DELETE /api/v1/teachers/:id      --> backend/handler.(*TeacherHandler).Delete-fm (3 handlers)
[GIN-debug] GET    /api/v1/teachers/:id/lessonList --> backend/handler.(*TeacherHandler).GetLessonByID-fm (3 handlers)
[GIN-debug] [WARNING] You trusted all proxies, this is NOT safe. We recommend you to set a value.
Please check https://pkg.go.dev/github.com/gin-gonic/gin#readme-don-t-trust-all-proxies for details.
[GIN-debug] Listening and serving HTTP on :8080
2026/08/12 12:17:38 Checking session in Redis with key: lesson_session:f31c9fdbf0ced05a1c7785c893f4bd2f
2026/08/12 12:17:38 Checking session in Redis with key: lesson_session:f31c9fdbf0ced05a1c7785c893f4bd2f
2026/08/12 12:18:06 Checking session in Redis with key: lesson_session:f31c9fdbf0ced05a1c7785c893f4bd2f
2026/08/12 12:18:08 Checking session in Redis with key: lesson_session:f31c9fdbf0ced05a1c7785c893f4bd2f
2026/08/12 12:18:50 Checking session in Redis with key: lesson_session:f31c9fdbf0ced05a1c7785c893f4bd2f
2026/08/12 12:18:54 Checking session in Redis with key: lesson_session:f31c9fdbf0ced05a1c7785c893f4bd2f
2026/08/12 12:19:23 Checking session in Redis with key: lesson_session:f31c9fdbf0ced05a1c7785c893f4bd2f
2026/08/12 12:19:29 Checking session in Redis with key: lesson_session:f31c9fdbf0ced05a1c7785c893f4bd2f
2026/08/12 12:20:12 Checking session in Redis with key: lesson_session:f31c9fdbf0ced05a1c7785c893f4bd2f
2026/08/12 12:20:17 Checking session in Redis with key: lesson_session:f31c9fdbf0ced05a1c7785c893f4bd2f
2026/08/12 12:20:27 Checking session in Redis with key: lesson_session:f31c9fdbf0ced05a1c7785c893f4bd2f
2026/08/12 12:20:30 Checking session in Redis with key: lesson_session:f31c9fdbf0ced05a1c7785c893f4bd2f
2026/08/12 12:20:31 Checking session in Redis with key: lesson_session:f31c9fdbf0ced05a1c7785c893f4bd2f
2026/08/12 12:21:15 Checking session in Redis with key: lesson_session:f31c9fdbf0ced05a1c7785c893f4bd2f
2026/08/12 12:21:15 Checking session in Redis with key: lesson_session:f31c9fdbf0ced05a1c7785c893f4bd2f
2026/08/12 12:21:31 Checking session in Redis with key: lesson_session:f31c9fdbf0ced05a1c7785c893f4bd2f
2026/08/12 12:23:05 Checking session in Redis with key: lesson_session:f31c9fdbf0ced05a1c7785c893f4bd2f
2026/08/12 12:23:05 Checking session in Redis with key: lesson_session:f31c9fdbf0ced05a1c7785c893f4bd2f
2026/08/12 12:23:05 Checking session in Redis with key: lesson_session:f31c9fdbf0ced05a1c7785c893f4bd2f
2026/08/12 12:23:05 Checking session in Redis with key: lesson_session:f31c9fdbf0ced05a1c7785c893f4bd2f
2026/08/12 12:23:16 Checking session in Redis with key: lesson_session:f31c9fdbf0ced05a1c7785c893f4bd2f
2026/08/12 12:23:27 Checking session in Redis with key: lesson_session:f31c9fdbf0ced05a1c7785c893f4bd2f
2026/08/12 12:23:27 Checking session in Redis with key: lesson_session:f31c9fdbf0ced05a1c7785c893f4bd2f
2026/08/12 12:23:45 Checking session in Redis with key: lesson_session:f31c9fdbf0ced05a1c7785c893f4bd2f
2026/08/12 12:23:51 Checking session in Redis with key: lesson_session:f31c9fdbf0ced05a1c7785c893f4bd2f
2026/08/12 12:23:52 Checking session in Redis with key: lesson_session:f31c9fdbf0ced05a1c7785c893f4bd2f
2026/08/12 12:25:11 Checking session in Redis with key: lesson_session:f31c9fdbf0ced05a1c7785c893f4bd2f
2026/08/12 12:25:11 Checking session in Redis with key: lesson_session:f31c9fdbf0ced05a1c7785c893f4bd2f
2026/08/12 12:26:51 Checking session in Redis with key: lesson_session:f31c9fdbf0ced05a1c7785c893f4bd2f
2026/08/12 12:30:47 Checking session in Redis with key: lesson_session:f31c9fdbf0ced05a1c7785c893f4bd2f
2026/08/12 12:31:18 Checking session in Redis with key: lesson_session:f31c9fdbf0ced05a1c7785c893f4bd2f
2026/08/12 12:31:33 Checking session in Redis with key: lesson_session:f31c9fdbf0ced05a1c7785c893f4bd2f
2026/08/12 12:31:33 Checking session in Redis with key: lesson_session:f31c9fdbf0ced05a1c7785c893f4bd2f
2026/08/12 12:31:35 Checking session in Redis with key: lesson_session:f31c9fdbf0ced05a1c7785c893f4bd2f
2026/08/12 12:31:35 Checking session in Redis with key: lesson_session:f31c9fdbf0ced05a1c7785c893f4bd2f
2026/08/12 12:31:37 Checking session in Redis with key: lesson_session:f31c9fdbf0ced05a1c7785c893f4bd2f
2026/08/12 12:31:37 Checking session in Redis with key: lesson_session:f31c9fdbf0ced05a1c7785c893f4bd2f
2026/08/12 12:31:45 Checking session in Redis with key: lesson_session:f31c9fdbf0ced05a1c7785c893f4bd2f
2026/08/12 12:31:45 Checking session in Redis with key: lesson_session:f31c9fdbf0ced05a1c7785c893f4bd2f
2026/08/12 12:45:33 Checking session in Redis with key: lesson_session:f31c9fdbf0ced05a1c7785c893f4bd2f
2026/08/12 12:45:33 Checking session in Redis with key: lesson_session:f31c9fdbf0ced05a1c7785c893f4bd2f
2026/08/12 13:05:23 Checking session in Redis with key: lesson_session:f31c9fdbf0ced05a1c7785c893f4bd2f
2026/08/12 13:05:23 Checking session in Redis with key: lesson_session:f31c9fdbf0ced05a1c7785c893f4bd2f
2026/08/12 13:05:25 Checking session in Redis with key: lesson_session:f31c9fdbf0ced05a1c7785c893f4bd2f
2026/08/12 13:05:25 Checking session in Redis with key: lesson_session:f31c9fdbf0ced05a1c7785c893f4bd2f
Retrieved and deleted value: student:2
2026/08/12 13:05:42 Checking session in Redis with key: lesson_session:ffed64486a956cd9666f7160287ac290
2026/08/12 13:05:42 Checking session in Redis with key: lesson_session:ffed64486a956cd9666f7160287ac290
2026/08/12 13:05:44 Checking session in Redis with key: lesson_session:ffed64486a956cd9666f7160287ac290
2026/08/12 13:05:44 Checking session in Redis with key: lesson_session:ffed64486a956cd9666f7160287ac290
2026/08/12 13:05:48 Checking session in Redis with key: lesson_session:ffed64486a956cd9666f7160287ac290
2026/08/12 13:05:48 Checking session in Redis with key: lesson_session:ffed64486a956cd9666f7160287ac290
2026/08/12 13:06:32 Checking session in Redis with key: lesson_session:ffed64486a956cd9666f7160287ac290
2026/08/12 13:06:32 Checking session in Redis with key: lesson_session:ffed64486a956cd9666f7160287ac290
Retrieved and deleted value: teacher:1
2026/08/12 13:06:48 Checking session in Redis with key: lesson_session:ec9b3c0b28066614cddc4e6724870f91
2026/08/12 13:06:48 Checking session in Redis with key: lesson_session:ec9b3c0b28066614cddc4e6724870f91
2026/08/12 13:06:53 Checking session in Redis with key: lesson_session:ec9b3c0b28066614cddc4e6724870f91
2026/08/12 13:06:53 Checking session in Redis with key: lesson_session:ec9b3c0b28066614cddc4e6724870f91
2026/08/12 13:08:12 Checking session in Redis with key: lesson_session:ec9b3c0b28066614cddc4e6724870f91
2026/08/12 13:08:18 Checking session in Redis with key: lesson_session:ec9b3c0b28066614cddc4e6724870f91
2026/08/12 13:08:37 Checking session in Redis with key: lesson_session:ec9b3c0b28066614cddc4e6724870f91
2026/08/12 13:08:41 Checking session in Redis with key: lesson_session:ec9b3c0b28066614cddc4e6724870f91
router/router.go has changed
building...
# backend/router
router/router.go:33:3: undefined: teacherRoutes
failed to build, error: exit status 1
router/router.go has changed
building...
running...
2026/08/12 13:09:35 &{localhost 8080 dev} &{user user1 3306 lesson db} &{redis 6379  0}
2026/08/12 13:09:35 init redis
2026/08/12 13:09:35 sql Open success
[GIN-debug] [WARNING] Running in "debug" mode. Switch to "release" mode in production.
 - using env:	export GIN_MODE=release
 - using code:	gin.SetMode(gin.ReleaseMode)

[GIN-debug] POST   /api/v1/teacher/login     --> backend/handler.(*AuthHandler).TeacherLogin-fm (2 handlers)
[GIN-debug] POST   /api/v1/student/login     --> backend/handler.(*AuthHandler).StudentLogin-fm (2 handlers)
[GIN-debug] POST   /api/v1/Logout            --> backend/handler.(*AuthHandler).Logout-fm (2 handlers)
[GIN-debug] POST   /api/v1/teacher/create    --> backend/handler.(*TeacherHandler).Create-fm (2 handlers)
[GIN-debug] POST   /api/v1/student/create    --> backend/handler.(*StudentHandler).Create-fm (2 handlers)
[GIN-debug] GET    /api/v1/students/         --> backend/handler.(*StudentHandler).List-fm (3 handlers)
[GIN-debug] GET    /api/v1/students/:id      --> backend/handler.(*StudentHandler).GetByID-fm (3 handlers)
[GIN-debug] PUT    /api/v1/students/:id      --> backend/handler.(*StudentHandler).Update-fm (3 handlers)
[GIN-debug] DELETE /api/v1/students/:id      --> backend/handler.(*StudentHandler).Delete-fm (3 handlers)
[GIN-debug] GET    /api/v1/students/student/:id --> backend/handler.(*StudentHandler).GetLessonByID-fm (3 handlers)
[GIN-debug] GET    /api/v1/students/:id/lessonList --> backend/handler.(*TeacherHandler).GetLessonByID-fm (3 handlers)
[GIN-debug] POST   /api/v1/lessons/          --> backend/handler.(*LessonHandler).Create-fm (3 handlers)
[GIN-debug] GET    /api/v1/lessons/          --> backend/handler.(*LessonHandler).List-fm (3 handlers)
[GIN-debug] GET    /api/v1/lessons/:id       --> backend/handler.(*LessonHandler).GetByID-fm (3 handlers)
[GIN-debug] PUT    /api/v1/lessons/:id       --> backend/handler.(*LessonHandler).Update-fm (3 handlers)
[GIN-debug] DELETE /api/v1/lessons/:id       --> backend/handler.(*LessonHandler).Delete-fm (3 handlers)
[GIN-debug] GET    /api/v1/teachers/         --> backend/handler.(*TeacherHandler).List-fm (3 handlers)
[GIN-debug] GET    /api/v1/teachers/:id      --> backend/handler.(*TeacherHandler).GetByID-fm (3 handlers)
[GIN-debug] PUT    /api/v1/teachers/:id      --> backend/handler.(*TeacherHandler).Update-fm (3 handlers)
[GIN-debug] DELETE /api/v1/teachers/:id      --> backend/handler.(*TeacherHandler).Delete-fm (3 handlers)
[GIN-debug] GET    /api/v1/teachers/:id/lessonList --> backend/handler.(*TeacherHandler).GetLessonByID-fm (3 handlers)
[GIN-debug] [WARNING] You trusted all proxies, this is NOT safe. We recommend you to set a value.
Please check https://pkg.go.dev/github.com/gin-gonic/gin#readme-don-t-trust-all-proxies for details.
[GIN-debug] Listening and serving HTTP on :8080
router/router.go has changed
building...
running...
2026/08/12 13:09:37 &{localhost 8080 dev} &{user user1 3306 lesson db} &{redis 6379  0}
2026/08/12 13:09:37 init redis
2026/08/12 13:09:37 sql Open success
[GIN-debug] [WARNING] Running in "debug" mode. Switch to "release" mode in production.
 - using env:	export GIN_MODE=release
 - using code:	gin.SetMode(gin.ReleaseMode)

[GIN-debug] POST   /api/v1/teacher/login     --> backend/handler.(*AuthHandler).TeacherLogin-fm (2 handlers)
[GIN-debug] POST   /api/v1/student/login     --> backend/handler.(*AuthHandler).StudentLogin-fm (2 handlers)
[GIN-debug] POST   /api/v1/Logout            --> backend/handler.(*AuthHandler).Logout-fm (2 handlers)
[GIN-debug] POST   /api/v1/teacher/create    --> backend/handler.(*TeacherHandler).Create-fm (2 handlers)
[GIN-debug] POST   /api/v1/student/create    --> backend/handler.(*StudentHandler).Create-fm (2 handlers)
[GIN-debug] GET    /api/v1/students/         --> backend/handler.(*StudentHandler).List-fm (3 handlers)
[GIN-debug] GET    /api/v1/students/:id      --> backend/handler.(*StudentHandler).GetByID-fm (3 handlers)
[GIN-debug] PUT    /api/v1/students/:id      --> backend/handler.(*StudentHandler).Update-fm (3 handlers)
[GIN-debug] DELETE /api/v1/students/:id      --> backend/handler.(*StudentHandler).Delete-fm (3 handlers)
[GIN-debug] GET    /api/v1/students/student/:id --> backend/handler.(*StudentHandler).GetLessonByID-fm (3 handlers)
[GIN-debug] GET    /api/v1/students/:id/lessonList --> backend/handler.(*StudentHandler).GetLessonByID-fm (3 handlers)
[GIN-debug] POST   /api/v1/lessons/          --> backend/handler.(*LessonHandler).Create-fm (3 handlers)
[GIN-debug] GET    /api/v1/lessons/          --> backend/handler.(*LessonHandler).List-fm (3 handlers)
[GIN-debug] GET    /api/v1/lessons/:id       --> backend/handler.(*LessonHandler).GetByID-fm (3 handlers)
[GIN-debug] PUT    /api/v1/lessons/:id       --> backend/handler.(*LessonHandler).Update-fm (3 handlers)
[GIN-debug] DELETE /api/v1/lessons/:id       --> backend/handler.(*LessonHandler).Delete-fm (3 handlers)
[GIN-debug] GET    /api/v1/teachers/         --> backend/handler.(*TeacherHandler).List-fm (3 handlers)
[GIN-debug] GET    /api/v1/teachers/:id      --> backend/handler.(*TeacherHandler).GetByID-fm (3 handlers)
[GIN-debug] PUT    /api/v1/teachers/:id      --> backend/handler.(*TeacherHandler).Update-fm (3 handlers)
[GIN-debug] DELETE /api/v1/teachers/:id      --> backend/handler.(*TeacherHandler).Delete-fm (3 handlers)
[GIN-debug] GET    /api/v1/teachers/:id/lessonList --> backend/handler.(*TeacherHandler).GetLessonByID-fm (3 handlers)
[GIN-debug] [WARNING] You trusted all proxies, this is NOT safe. We recommend you to set a value.
Please check https://pkg.go.dev/github.com/gin-gonic/gin#readme-don-t-trust-all-proxies for details.
[GIN-debug] Listening and serving HTTP on :8080
router/router.go has changed
building...
running...
2026/08/12 13:09:40 &{localhost 8080 dev} &{user user1 3306 lesson db} &{redis 6379  0}
2026/08/12 13:09:40 init redis
2026/08/12 13:09:40 sql Open success
[GIN-debug] [WARNING] Running in "debug" mode. Switch to "release" mode in production.
 - using env:	export GIN_MODE=release
 - using code:	gin.SetMode(gin.ReleaseMode)

[GIN-debug] POST   /api/v1/teacher/login     --> backend/handler.(*AuthHandler).TeacherLogin-fm (2 handlers)
[GIN-debug] POST   /api/v1/student/login     --> backend/handler.(*AuthHandler).StudentLogin-fm (2 handlers)
[GIN-debug] POST   /api/v1/Logout            --> backend/handler.(*AuthHandler).Logout-fm (2 handlers)
[GIN-debug] POST   /api/v1/teacher/create    --> backend/handler.(*TeacherHandler).Create-fm (2 handlers)
[GIN-debug] POST   /api/v1/student/create    --> backend/handler.(*StudentHandler).Create-fm (2 handlers)
[GIN-debug] GET    /api/v1/students/         --> backend/handler.(*StudentHandler).List-fm (3 handlers)
[GIN-debug] GET    /api/v1/students/:id      --> backend/handler.(*StudentHandler).GetByID-fm (3 handlers)
[GIN-debug] PUT    /api/v1/students/:id      --> backend/handler.(*StudentHandler).Update-fm (3 handlers)
[GIN-debug] DELETE /api/v1/students/:id      --> backend/handler.(*StudentHandler).Delete-fm (3 handlers)
[GIN-debug] GET    /api/v1/students/student/:id --> backend/handler.(*StudentHandler).GetLessonByID-fm (3 handlers)
[GIN-debug] GET    /api/v1/students/lessonList --> backend/handler.(*StudentHandler).GetLessonByID-fm (3 handlers)
[GIN-debug] POST   /api/v1/lessons/          --> backend/handler.(*LessonHandler).Create-fm (3 handlers)
[GIN-debug] GET    /api/v1/lessons/          --> backend/handler.(*LessonHandler).List-fm (3 handlers)
[GIN-debug] GET    /api/v1/lessons/:id       --> backend/handler.(*LessonHandler).GetByID-fm (3 handlers)
[GIN-debug] PUT    /api/v1/lessons/:id       --> backend/handler.(*LessonHandler).Update-fm (3 handlers)
[GIN-debug] DELETE /api/v1/lessons/:id       --> backend/handler.(*LessonHandler).Delete-fm (3 handlers)
[GIN-debug] GET    /api/v1/teachers/         --> backend/handler.(*TeacherHandler).List-fm (3 handlers)
[GIN-debug] GET    /api/v1/teachers/:id      --> backend/handler.(*TeacherHandler).GetByID-fm (3 handlers)
[GIN-debug] PUT    /api/v1/teachers/:id      --> backend/handler.(*TeacherHandler).Update-fm (3 handlers)
[GIN-debug] DELETE /api/v1/teachers/:id      --> backend/handler.(*TeacherHandler).Delete-fm (3 handlers)
[GIN-debug] GET    /api/v1/teachers/:id/lessonList --> backend/handler.(*TeacherHandler).GetLessonByID-fm (3 handlers)
[GIN-debug] [WARNING] You trusted all proxies, this is NOT safe. We recommend you to set a value.
Please check https://pkg.go.dev/github.com/gin-gonic/gin#readme-don-t-trust-all-proxies for details.
[GIN-debug] Listening and serving HTTP on :8080
router/router.go has changed
building...
# backend/router
router/router.go:33:31: newline in string
router/router.go:33:31: syntax error: unexpected newline in argument list; possibly missing comma or )
router/router.go:34:36: newline in string
failed to build, error: exit status 1
router/router.go has changed
building...
running...
2026/08/12 13:09:43 &{localhost 8080 dev} &{user user1 3306 lesson db} &{redis 6379  0}
2026/08/12 13:09:43 init redis
2026/08/12 13:09:43 sql Open success
[GIN-debug] [WARNING] Running in "debug" mode. Switch to "release" mode in production.
 - using env:	export GIN_MODE=release
 - using code:	gin.SetMode(gin.ReleaseMode)

[GIN-debug] POST   /api/v1/teacher/login     --> backend/handler.(*AuthHandler).TeacherLogin-fm (2 handlers)
[GIN-debug] POST   /api/v1/student/login     --> backend/handler.(*AuthHandler).StudentLogin-fm (2 handlers)
[GIN-debug] POST   /api/v1/Logout            --> backend/handler.(*AuthHandler).Logout-fm (2 handlers)
[GIN-debug] POST   /api/v1/teacher/create    --> backend/handler.(*TeacherHandler).Create-fm (2 handlers)
[GIN-debug] POST   /api/v1/student/create    --> backend/handler.(*StudentHandler).Create-fm (2 handlers)
[GIN-debug] GET    /api/v1/students/         --> backend/handler.(*StudentHandler).List-fm (3 handlers)
[GIN-debug] GET    /api/v1/students/:id      --> backend/handler.(*StudentHandler).GetByID-fm (3 handlers)
[GIN-debug] PUT    /api/v1/students/:id      --> backend/handler.(*StudentHandler).Update-fm (3 handlers)
[GIN-debug] DELETE /api/v1/students/:id      --> backend/handler.(*StudentHandler).Delete-fm (3 handlers)
[GIN-debug] GET    /api/v1/students/student/:id --> backend/handler.(*StudentHandler).GetLessonByID-fm (3 handlers)
[GIN-debug] GET    /api/v1/students/lessonList --> backend/handler.(*StudentHandler).GetLessonByID-fm (3 handlers)
[GIN-debug] POST   /api/v1/lessons/          --> backend/handler.(*LessonHandler).Create-fm (3 handlers)
[GIN-debug] GET    /api/v1/lessons/          --> backend/handler.(*LessonHandler).List-fm (3 handlers)
[GIN-debug] GET    /api/v1/lessons/:id       --> backend/handler.(*LessonHandler).GetByID-fm (3 handlers)
[GIN-debug] PUT    /api/v1/lessons/:id       --> backend/handler.(*LessonHandler).Update-fm (3 handlers)
[GIN-debug] DELETE /api/v1/lessons/:id       --> backend/handler.(*LessonHandler).Delete-fm (3 handlers)
[GIN-debug] GET    /api/v1/teachers/         --> backend/handler.(*TeacherHandler).List-fm (3 handlers)
[GIN-debug] GET    /api/v1/teachers/:id      --> backend/handler.(*TeacherHandler).GetByID-fm (3 handlers)
[GIN-debug] PUT    /api/v1/teachers/:id      --> backend/handler.(*TeacherHandler).Update-fm (3 handlers)
[GIN-debug] DELETE /api/v1/teachers/:id      --> backend/handler.(*TeacherHandler).Delete-fm (3 handlers)
[GIN-debug] GET    /api/v1/teachers/:id/lessonList --> backend/handler.(*TeacherHandler).GetLessonByID-fm (3 handlers)
[GIN-debug] [WARNING] You trusted all proxies, this is NOT safe. We recommend you to set a value.
Please check https://pkg.go.dev/github.com/gin-gonic/gin#readme-don-t-trust-all-proxies for details.
[GIN-debug] Listening and serving HTTP on :8080
router/router.go has changed
building...
running...
2026/08/12 13:09:45 &{localhost 8080 dev} &{user user1 3306 lesson db} &{redis 6379  0}
2026/08/12 13:09:45 init redis
2026/08/12 13:09:45 sql Open success
[GIN-debug] [WARNING] Running in "debug" mode. Switch to "release" mode in production.
 - using env:	export GIN_MODE=release
 - using code:	gin.SetMode(gin.ReleaseMode)

[GIN-debug] POST   /api/v1/teacher/login     --> backend/handler.(*AuthHandler).TeacherLogin-fm (2 handlers)
[GIN-debug] POST   /api/v1/student/login     --> backend/handler.(*AuthHandler).StudentLogin-fm (2 handlers)
[GIN-debug] POST   /api/v1/Logout            --> backend/handler.(*AuthHandler).Logout-fm (2 handlers)
[GIN-debug] POST   /api/v1/teacher/create    --> backend/handler.(*TeacherHandler).Create-fm (2 handlers)
[GIN-debug] POST   /api/v1/student/create    --> backend/handler.(*StudentHandler).Create-fm (2 handlers)
[GIN-debug] GET    /api/v1/students/         --> backend/handler.(*StudentHandler).List-fm (3 handlers)
[GIN-debug] GET    /api/v1/students/:id      --> backend/handler.(*StudentHandler).GetByID-fm (3 handlers)
[GIN-debug] PUT    /api/v1/students/:id      --> backend/handler.(*StudentHandler).Update-fm (3 handlers)
[GIN-debug] DELETE /api/v1/students/:id      --> backend/handler.(*StudentHandler).Delete-fm (3 handlers)
[GIN-debug] GET    /api/v1/students/student/:id --> backend/handler.(*StudentHandler).GetLessonByID-fm (3 handlers)
[GIN-debug] GET    /api/v1/students/lessonList --> backend/handler.(*StudentHandler).GetLessonByID-fm (3 handlers)
[GIN-debug] POST   /api/v1/lessons/          --> backend/handler.(*LessonHandler).Create-fm (3 handlers)
[GIN-debug] GET    /api/v1/lessons/          --> backend/handler.(*LessonHandler).List-fm (3 handlers)
[GIN-debug] GET    /api/v1/lessons/:id       --> backend/handler.(*LessonHandler).GetByID-fm (3 handlers)
[GIN-debug] PUT    /api/v1/lessons/:id       --> backend/handler.(*LessonHandler).Update-fm (3 handlers)
[GIN-debug] DELETE /api/v1/lessons/:id       --> backend/handler.(*LessonHandler).Delete-fm (3 handlers)
[GIN-debug] GET    /api/v1/teachers/         --> backend/handler.(*TeacherHandler).List-fm (3 handlers)
[GIN-debug] GET    /api/v1/teachers/:id      --> backend/handler.(*TeacherHandler).GetByID-fm (3 handlers)
[GIN-debug] PUT    /api/v1/teachers/:id      --> backend/handler.(*TeacherHandler).Update-fm (3 handlers)
[GIN-debug] DELETE /api/v1/teachers/:id      --> backend/handler.(*TeacherHandler).Delete-fm (3 handlers)
[GIN-debug] GET    /api/v1/teachers/:id/lessonList --> backend/handler.(*TeacherHandler).GetLessonByID-fm (3 handlers)
[GIN-debug] [WARNING] You trusted all proxies, this is NOT safe. We recommend you to set a value.
Please check https://pkg.go.dev/github.com/gin-gonic/gin#readme-don-t-trust-all-proxies for details.
[GIN-debug] Listening and serving HTTP on :8080
router/router.go has changed
building...
# backend/router
router/router.go:33:51: studentHandler.GetLessonList undefined (type *handler.StudentHandler has no field or method GetLessonList)
failed to build, error: exit status 1
handler/student_handler.go has changed
building...
# backend/handler
handler/student_handler.go:115:57: syntax error: unexpected EOF, expected }
failed to build, error: exit status 1
handler/student_handler.go has changed
building...
# backend/handler
handler/student_handler.go:121:3: syntax error: unexpected EOF, expected }
failed to build, error: exit status 1
handler/student_handler.go has changed
building...
# backend/handler
handler/student_handler.go:123:38: h.studentService.GetLessonListByStudentID undefined (type *services.StudentService has no field or method GetLessonListByStudentID)
failed to build, error: exit status 1
services/student_service.go has changed
building...
# backend/services
services/student_service.go:86:2: syntax error: unexpected EOF, expected }
failed to build, error: exit status 1
services/student_service.go has changed
building...
# backend/services
services/student_service.go:87:28: syntax error: unexpected EOF, expected }
failed to build, error: exit status 1
services/student_service.go has changed
building...
# backend/services
services/student_service.go:91:17: student.Lessons undefined (type models.Student has no field or method Lessons)
failed to build, error: exit status 1
services/student_service.go has changed
building...
# backend/services
services/student_service.go:94:17: student.Lessons undefined (type models.Student has no field or method Lessons)
failed to build, error: exit status 1
services/student_service.go has changed
building...
# backend/services
services/student_service.go:94:17: student.Lessons undefined (type models.Student has no field or method Lessons)
failed to build, error: exit status 1
services/student_service.go has changed
building...
# backend/services
services/student_service.go:94:17: student.Lessons undefined (type models.Student has no field or method Lessons)
failed to build, error: exit status 1
services/student_service.go has changed
building...
# backend/handler
handler/student_handler.go:123:38: h.studentService.GetLessonListByStudentID undefined (type *services.StudentService has no field or method GetLessonListByStudentID)
failed to build, error: exit status 1
handler/student_handler.go has changed
building...
# backend/handler
handler/student_handler.go:14:2: undefined: lesson
handler/student_handler.go:124:38: h.studentService.GetLessonListByStudentID undefined (type *services.StudentService has no field or method GetLessonListByStudentID)
failed to build, error: exit status 1
handler/student_handler.go has changed
building...
# backend/handler
handler/student_handler.go:124:38: h.studentService.GetLessonListByStudentID undefined (type *services.StudentService has no field or method GetLessonListByStudentID)
failed to build, error: exit status 1
handler/student_handler.go has changed
building...
# backend/handler
handler/student_handler.go:124:38: h.studentService.GetLessonListByStudentID undefined (type *services.StudentService has no field or method GetLessonListByStudentID)
failed to build, error: exit status 1
main.go has changed
building...
# backend/handler
handler/student_handler.go:124:38: h.studentService.GetLessonListByStudentID undefined (type *services.StudentService has no field or method GetLessonListByStudentID)
failed to build, error: exit status 1
handler/student_handler.go has changed
building...
# backend/handler
handler/student_handler.go:124:37: h.lessonService.GetLessonListByStudentID undefined (type *services.LessonService has no field or method GetLessonListByStudentID)
failed to build, error: exit status 1
handler/student_handler.go has changed
building...
# backend/handler
handler/student_handler.go:118:2: declared and not used: id
handler/student_handler.go:124:21: invalid operation: h.lessonService (variable of type *services.LessonService) is not an interface
failed to build, error: exit status 1
services/lesson_service.go has changed
building...
# backend/handler
handler/student_handler.go:118:2: declared and not used: id
handler/student_handler.go:124:21: invalid operation: h.lessonService (variable of type *services.LessonService) is not an interface
failed to build, error: exit status 1
services/lesson_service.go has changed
building...
# backend/services
services/lesson_service.go:107:25: method LessonService.GetAllLessons already declared at services/lesson_service.go:61:25
failed to build, error: exit status 1
services/lesson_service.go has changed
building...
# backend/handler
handler/student_handler.go:118:2: declared and not used: id
handler/student_handler.go:124:21: invalid operation: h.lessonService (variable of type *services.LessonService) is not an interface
failed to build, error: exit status 1
services/lesson_service.go has changed
building...
# backend/handler
handler/student_handler.go:118:2: declared and not used: id
handler/student_handler.go:124:21: invalid operation: h.lessonService (variable of type *services.LessonService) is not an interface
failed to build, error: exit status 1
services/lesson_service.go has changed
building...
# backend/handler
handler/student_handler.go:118:2: declared and not used: id
handler/student_handler.go:124:21: invalid operation: h.lessonService (variable of type *services.LessonService) is not an interface
failed to build, error: exit status 1
services/lesson_service.go has changed
building...
# backend/handler
handler/student_handler.go:118:2: declared and not used: id
handler/student_handler.go:124:21: invalid operation: h.lessonService (variable of type *services.LessonService) is not an interface
failed to build, error: exit status 1
services/lesson_service.go has changed
building...
# backend/handler
handler/student_handler.go:118:2: declared and not used: id
handler/student_handler.go:124:21: invalid operation: h.lessonService (variable of type *services.LessonService) is not an interface
failed to build, error: exit status 1
services/lesson_service.go has changed
building...
# backend/handler
handler/student_handler.go:118:2: declared and not used: id
handler/student_handler.go:124:21: invalid operation: h.lessonService (variable of type *services.LessonService) is not an interface
failed to build, error: exit status 1
services/lesson_service.go has changed
building...
# backend/services
services/lesson_service.go:109:17: syntax error: unexpected ., expected name or (
failed to build, error: exit status 1
services/lesson_service.go has changed
building...
# backend/handler
handler/student_handler.go:118:2: declared and not used: id
handler/student_handler.go:124:21: invalid operation: h.lessonService (variable of type *services.LessonService) is not an interface
failed to build, error: exit status 1
services/lesson_service.go has changed
building...
# backend/handler
handler/student_handler.go:118:2: declared and not used: id
handler/student_handler.go:124:21: invalid operation: h.lessonService (variable of type *services.LessonService) is not an interface
failed to build, error: exit status 1
services/lesson_service.go has changed
building...
# backend/handler
handler/student_handler.go:118:2: declared and not used: id
handler/student_handler.go:124:21: invalid operation: h.lessonService (variable of type *services.LessonService) is not an interface
failed to build, error: exit status 1
services/lesson_service.go has changed
building...
# backend/handler
handler/student_handler.go:118:2: declared and not used: id
handler/student_handler.go:124:21: invalid operation: h.lessonService (variable of type *services.LessonService) is not an interface
failed to build, error: exit status 1
handler/student_handler.go has changed
building...
# backend/handler
handler/student_handler.go:124:53: too many arguments in call to h.lessonService.GetLOpenLessons
	have (int)
	want ()
failed to build, error: exit status 1
handler/student_handler.go has changed
building...
# backend/handler
handler/student_handler.go:118:2: declared and not used: id
failed to build, error: exit status 1
services/lesson_service.go has changed
building...
# backend/handler
handler/student_handler.go:118:2: declared and not used: id
failed to build, error: exit status 1
services/lesson_service.go has changed
building...
# backend/services
services/lesson_service.go:107:17: s.db.WhereIn undefined (type *gorm.DB has no field or method WhereIn)
failed to build, error: exit status 1
services/lesson_service.go has changed
building...
# backend/handler
handler/student_handler.go:118:2: declared and not used: id
failed to build, error: exit status 1
services/lesson_service.go has changed
building...
# backend/handler
handler/student_handler.go:118:2: declared and not used: id
failed to build, error: exit status 1
services/lesson_service.go has changed
building...
# backend/handler
handler/student_handler.go:118:2: declared and not used: id
failed to build, error: exit status 1
services/lesson_service.go has changed
building...
# backend/handler
handler/student_handler.go:118:2: declared and not used: id
failed to build, error: exit status 1
services/lesson_service.go has changed
building...
# backend/handler
handler/student_handler.go:118:2: declared and not used: id
failed to build, error: exit status 1
services/lesson_service.go has changed
building...
# backend/handler
handler/student_handler.go:118:2: declared and not used: id
failed to build, error: exit status 1
handler/student_handler.go has changed
building...
running...
2026/08/12 13:29:42 &{localhost 8080 dev} &{user user1 3306 lesson db} &{redis 6379  0}
2026/08/12 13:29:42 init redis
2026/08/12 13:29:42 sql Open success
[GIN-debug] [WARNING] Running in "debug" mode. Switch to "release" mode in production.
 - using env:	export GIN_MODE=release
 - using code:	gin.SetMode(gin.ReleaseMode)

[GIN-debug] POST   /api/v1/teacher/login     --> backend/handler.(*AuthHandler).TeacherLogin-fm (2 handlers)
[GIN-debug] POST   /api/v1/student/login     --> backend/handler.(*AuthHandler).StudentLogin-fm (2 handlers)
[GIN-debug] POST   /api/v1/Logout            --> backend/handler.(*AuthHandler).Logout-fm (2 handlers)
[GIN-debug] POST   /api/v1/teacher/create    --> backend/handler.(*TeacherHandler).Create-fm (2 handlers)
[GIN-debug] POST   /api/v1/student/create    --> backend/handler.(*StudentHandler).Create-fm (2 handlers)
[GIN-debug] GET    /api/v1/students/         --> backend/handler.(*StudentHandler).List-fm (3 handlers)
[GIN-debug] GET    /api/v1/students/:id      --> backend/handler.(*StudentHandler).GetByID-fm (3 handlers)
[GIN-debug] PUT    /api/v1/students/:id      --> backend/handler.(*StudentHandler).Update-fm (3 handlers)
[GIN-debug] DELETE /api/v1/students/:id      --> backend/handler.(*StudentHandler).Delete-fm (3 handlers)
[GIN-debug] GET    /api/v1/students/student/:id --> backend/handler.(*StudentHandler).GetLessonByID-fm (3 handlers)
[GIN-debug] GET    /api/v1/students/lessonList --> backend/handler.(*StudentHandler).GetLessonList-fm (3 handlers)
[GIN-debug] POST   /api/v1/lessons/          --> backend/handler.(*LessonHandler).Create-fm (3 handlers)
[GIN-debug] GET    /api/v1/lessons/          --> backend/handler.(*LessonHandler).List-fm (3 handlers)
[GIN-debug] GET    /api/v1/lessons/:id       --> backend/handler.(*LessonHandler).GetByID-fm (3 handlers)
[GIN-debug] PUT    /api/v1/lessons/:id       --> backend/handler.(*LessonHandler).Update-fm (3 handlers)
[GIN-debug] DELETE /api/v1/lessons/:id       --> backend/handler.(*LessonHandler).Delete-fm (3 handlers)
[GIN-debug] GET    /api/v1/teachers/         --> backend/handler.(*TeacherHandler).List-fm (3 handlers)
[GIN-debug] GET    /api/v1/teachers/:id      --> backend/handler.(*TeacherHandler).GetByID-fm (3 handlers)
[GIN-debug] PUT    /api/v1/teachers/:id      --> backend/handler.(*TeacherHandler).Update-fm (3 handlers)
[GIN-debug] DELETE /api/v1/teachers/:id      --> backend/handler.(*TeacherHandler).Delete-fm (3 handlers)
[GIN-debug] GET    /api/v1/teachers/:id/lessonList --> backend/handler.(*TeacherHandler).GetLessonByID-fm (3 handlers)
[GIN-debug] [WARNING] You trusted all proxies, this is NOT safe. We recommend you to set a value.
Please check https://pkg.go.dev/github.com/gin-gonic/gin#readme-don-t-trust-all-proxies for details.
[GIN-debug] Listening and serving HTTP on :8080
2026/08/12 13:29:50 Checking session in Redis with key: lesson_session:ec9b3c0b28066614cddc4e6724870f91
2026/08/12 13:29:50 Checking session in Redis with key: lesson_session:ec9b3c0b28066614cddc4e6724870f91
2026/08/12 13:30:54 Checking session in Redis with key: lesson_session:ec9b3c0b28066614cddc4e6724870f91
2026/08/12 13:30:54 Checking session in Redis with key: lesson_session:ec9b3c0b28066614cddc4e6724870f91
2026/08/12 13:32:10 Checking session in Redis with key: lesson_session:ec9b3c0b28066614cddc4e6724870f91
2026/08/12 13:32:12 Checking session in Redis with key: lesson_session:ec9b3c0b28066614cddc4e6724870f91
services/lesson_service.go has changed
building...
running...
2026/08/12 13:33:00 &{localhost 8080 dev} &{user user1 3306 lesson db} &{redis 6379  0}
2026/08/12 13:33:00 init redis
2026/08/12 13:33:00 sql Open success
[GIN-debug] [WARNING] Running in "debug" mode. Switch to "release" mode in production.
 - using env:	export GIN_MODE=release
 - using code:	gin.SetMode(gin.ReleaseMode)

[GIN-debug] POST   /api/v1/teacher/login     --> backend/handler.(*AuthHandler).TeacherLogin-fm (2 handlers)
[GIN-debug] POST   /api/v1/student/login     --> backend/handler.(*AuthHandler).StudentLogin-fm (2 handlers)
[GIN-debug] POST   /api/v1/Logout            --> backend/handler.(*AuthHandler).Logout-fm (2 handlers)
[GIN-debug] POST   /api/v1/teacher/create    --> backend/handler.(*TeacherHandler).Create-fm (2 handlers)
[GIN-debug] POST   /api/v1/student/create    --> backend/handler.(*StudentHandler).Create-fm (2 handlers)
[GIN-debug] GET    /api/v1/students/         --> backend/handler.(*StudentHandler).List-fm (3 handlers)
[GIN-debug] GET    /api/v1/students/:id      --> backend/handler.(*StudentHandler).GetByID-fm (3 handlers)
[GIN-debug] PUT    /api/v1/students/:id      --> backend/handler.(*StudentHandler).Update-fm (3 handlers)
[GIN-debug] DELETE /api/v1/students/:id      --> backend/handler.(*StudentHandler).Delete-fm (3 handlers)
[GIN-debug] GET    /api/v1/students/student/:id --> backend/handler.(*StudentHandler).GetLessonByID-fm (3 handlers)
[GIN-debug] GET    /api/v1/students/lessonList --> backend/handler.(*StudentHandler).GetLessonList-fm (3 handlers)
[GIN-debug] POST   /api/v1/lessons/          --> backend/handler.(*LessonHandler).Create-fm (3 handlers)
[GIN-debug] GET    /api/v1/lessons/          --> backend/handler.(*LessonHandler).List-fm (3 handlers)
[GIN-debug] GET    /api/v1/lessons/:id       --> backend/handler.(*LessonHandler).GetByID-fm (3 handlers)
[GIN-debug] PUT    /api/v1/lessons/:id       --> backend/handler.(*LessonHandler).Update-fm (3 handlers)
[GIN-debug] DELETE /api/v1/lessons/:id       --> backend/handler.(*LessonHandler).Delete-fm (3 handlers)
[GIN-debug] GET    /api/v1/teachers/         --> backend/handler.(*TeacherHandler).List-fm (3 handlers)
[GIN-debug] GET    /api/v1/teachers/:id      --> backend/handler.(*TeacherHandler).GetByID-fm (3 handlers)
[GIN-debug] PUT    /api/v1/teachers/:id      --> backend/handler.(*TeacherHandler).Update-fm (3 handlers)
[GIN-debug] DELETE /api/v1/teachers/:id      --> backend/handler.(*TeacherHandler).Delete-fm (3 handlers)
[GIN-debug] GET    /api/v1/teachers/:id/lessonList --> backend/handler.(*TeacherHandler).GetLessonByID-fm (3 handlers)
[GIN-debug] [WARNING] You trusted all proxies, this is NOT safe. We recommend you to set a value.
Please check https://pkg.go.dev/github.com/gin-gonic/gin#readme-don-t-trust-all-proxies for details.
[GIN-debug] Listening and serving HTTP on :8080
2026/08/12 13:33:43 Checking session in Redis with key: lesson_session:ec9b3c0b28066614cddc4e6724870f91
2026/08/12 13:33:43 Checking session in Redis with key: lesson_session:ec9b3c0b28066614cddc4e6724870f91
2026/08/12 13:33:59 Checking session in Redis with key: lesson_session:ec9b3c0b28066614cddc4e6724870f91
2026/08/12 13:33:59 Checking session in Redis with key: lesson_session:ec9b3c0b28066614cddc4e6724870f91
2026/08/12 13:35:14 Checking session in Redis with key: lesson_session:ec9b3c0b28066614cddc4e6724870f91
2026/08/12 13:35:14 Checking session in Redis with key: lesson_session:ec9b3c0b28066614cddc4e6724870f91
2026/08/12 13:35:41 Checking session in Redis with key: lesson_session:ec9b3c0b28066614cddc4e6724870f91
2026/08/12 13:35:48 Checking session in Redis with key: lesson_session:ec9b3c0b28066614cddc4e6724870f91
2026/08/12 13:35:48 Checking session in Redis with key: lesson_session:ec9b3c0b28066614cddc4e6724870f91
2026/08/12 13:35:59 Checking session in Redis with key: lesson_session:ec9b3c0b28066614cddc4e6724870f91
2026/08/12 13:35:59 Checking session in Redis with key: lesson_session:ec9b3c0b28066614cddc4e6724870f91
2026/08/12 13:37:06 Checking session in Redis with key: lesson_session:ec9b3c0b28066614cddc4e6724870f91
2026/08/12 13:37:09 Checking session in Redis with key: lesson_session:ec9b3c0b28066614cddc4e6724870f91
2026/08/12 13:37:09 Checking session in Redis with key: lesson_session:ec9b3c0b28066614cddc4e6724870f91
2026/08/12 13:37:12 Checking session in Redis with key: lesson_session:ec9b3c0b28066614cddc4e6724870f91
2026/08/12 13:37:12 Checking session in Redis with key: lesson_session:ec9b3c0b28066614cddc4e6724870f91
2026/08/12 13:37:31 Checking session in Redis with key: lesson_session:ec9b3c0b28066614cddc4e6724870f91
2026/08/12 13:37:32 Checking session in Redis with key: lesson_session:ec9b3c0b28066614cddc4e6724870f91
router/router.go has changed
building...
running...
2026/08/12 13:38:53 &{localhost 8080 dev} &{user user1 3306 lesson db} &{redis 6379  0}
2026/08/12 13:38:53 init redis
2026/08/12 13:38:53 sql Open success
[GIN-debug] [WARNING] Running in "debug" mode. Switch to "release" mode in production.
 - using env:	export GIN_MODE=release
 - using code:	gin.SetMode(gin.ReleaseMode)

[GIN-debug] POST   /api/v1/teacher/login     --> backend/handler.(*AuthHandler).TeacherLogin-fm (2 handlers)
[GIN-debug] POST   /api/v1/student/login     --> backend/handler.(*AuthHandler).StudentLogin-fm (2 handlers)
[GIN-debug] POST   /api/v1/Logout            --> backend/handler.(*AuthHandler).Logout-fm (2 handlers)
[GIN-debug] POST   /api/v1/teacher/create    --> backend/handler.(*TeacherHandler).Create-fm (2 handlers)
[GIN-debug] POST   /api/v1/student/create    --> backend/handler.(*StudentHandler).Create-fm (2 handlers)
[GIN-debug] GET    /api/v1/students/         --> backend/handler.(*StudentHandler).List-fm (3 handlers)
[GIN-debug] GET    /api/v1/students/:id      --> backend/handler.(*StudentHandler).GetByID-fm (3 handlers)
[GIN-debug] PUT    /api/v1/students/:id      --> backend/handler.(*StudentHandler).Update-fm (3 handlers)
[GIN-debug] DELETE /api/v1/students/:id      --> backend/handler.(*StudentHandler).Delete-fm (3 handlers)
[GIN-debug] GET    /api/v1/students/student/:id --> backend/handler.(*StudentHandler).GetLessonByID-fm (3 handlers)
[GIN-debug] GET    /api/v1/students/lessonList --> backend/handler.(*StudentHandler).GetLessonList-fm (3 handlers)
[GIN-debug] POST   /api/v1/lessons/          --> backend/handler.(*LessonHandler).Create-fm (3 handlers)
[GIN-debug] GET    /api/v1/lessons/          --> backend/handler.(*LessonHandler).List-fm (3 handlers)
[GIN-debug] GET    /api/v1/lessons/:id       --> backend/handler.(*LessonHandler).GetByID-fm (3 handlers)
[GIN-debug] PUT    /api/v1/lessons/:id       --> backend/handler.(*LessonHandler).Update-fm (3 handlers)
[GIN-debug] DELETE /api/v1/lessons/:id       --> backend/handler.(*LessonHandler).Delete-fm (3 handlers)
[GIN-debug] GET    /api/v1/teachers/         --> backend/handler.(*TeacherHandler).List-fm (3 handlers)
[GIN-debug] GET    /api/v1/teachers/:id      --> backend/handler.(*TeacherHandler).GetByID-fm (3 handlers)
[GIN-debug] PUT    /api/v1/teachers/:id      --> backend/handler.(*TeacherHandler).Update-fm (3 handlers)
[GIN-debug] DELETE /api/v1/teachers/:id      --> backend/handler.(*TeacherHandler).Delete-fm (3 handlers)
[GIN-debug] GET    /api/v1/teachers/:id/lessonList --> backend/handler.(*TeacherHandler).GetLessonByID-fm (3 handlers)
[GIN-debug] [WARNING] You trusted all proxies, this is NOT safe. We recommend you to set a value.
Please check https://pkg.go.dev/github.com/gin-gonic/gin#readme-don-t-trust-all-proxies for details.
[GIN-debug] Listening and serving HTTP on :8080
router/router.go has changed
building...
# backend/router
router/router.go:34:3: undefined: stu
failed to build, error: exit status 1
router/router.go has changed
building...
# backend/router
router/router.go:36:3: undefined: stu
failed to build, error: exit status 1
router/router.go has changed
building...
# backend/router
router/router.go:36:55: studentHandler.GetLessonListByStudentID undefined (type *handler.StudentHandler has no field or method GetLessonListByStudentID)
failed to build, error: exit status 1
router/router.go has changed
building...
# backend/router
router/router.go:36:56: studentHandler.GetLessonListByStudentID undefined (type *handler.StudentHandler has no field or method GetLessonListByStudentID)
failed to build, error: exit status 1
router/router.go has changed
building...
# backend/router
router/router.go:36:42: studentHandler.GetLessonListByStudentID undefined (type *handler.StudentHandler has no field or method GetLessonListByStudentID)
failed to build, error: exit status 1
router/router.go has changed
building...
# backend/router
router/router.go:36:46: studentHandler.GetLessonListByStudentID undefined (type *handler.StudentHandler has no field or method GetLessonListByStudentID)
failed to build, error: exit status 1
router/router.go has changed
building...
# backend/router
router/router.go:36:52: studentHandler.GetLessonListByStudentID undefined (type *handler.StudentHandler has no field or method GetLessonListByStudentID)
failed to build, error: exit status 1
router/router.go has changed
building...
# backend/router
router/router.go:36:52: studentHandler.joinLesson undefined (type *handler.StudentHandler has no field or method joinLesson)
failed to build, error: exit status 1
router/router.go has changed
building...
# backend/router
router/router.go:36:52: studentHandler.JoinLesson undefined (type *handler.StudentHandler has no field or method JoinLesson)
failed to build, error: exit status 1
handler/student_handler.go has changed
building...
# backend/handler
handler/student_handler.go:127:5: syntax error: unexpected EOF, expected name or (
failed to build, error: exit status 1
handler/student_handler.go has changed
building...
# backend/handler
handler/student_handler.go:133:2: syntax error: unexpected EOF, expected }
failed to build, error: exit status 1
handler/student_handler.go has changed
building...
# backend/handler
handler/student_handler.go:137:2: syntax error: unexpected EOF, expected }
failed to build, error: exit status 1
handler/student_handler.go has changed
building...
# backend/handler
handler/student_handler.go:145:2: syntax error: unexpected EOF, expected }
failed to build, error: exit status 1
handler/student_handler.go has changed
building...
# backend/handler
handler/student_handler.go:156:3: syntax error: unexpected EOF, expected }
failed to build, error: exit status 1
handler/student_handler.go has changed
building...
# backend/handler
handler/student_handler.go:158:2: syntax error: unexpected EOF, expected }
failed to build, error: exit status 1
handler/student_handler.go has changed
building...
# backend/handler
handler/student_handler.go:129:7: syntax error: unexpected struct, expected name
handler/student_handler.go:131:13: syntax error: unexpected name int at end of statement
handler/student_handler.go:133:2: syntax error: non-declaration statement outside function body
failed to build, error: exit status 1
handler/student_handler.go has changed
building...
# backend/handler
handler/student_handler.go:129:7: syntax error: unexpected struct, expected name
handler/student_handler.go:131:13: syntax error: unexpected name int at end of statement
handler/student_handler.go:133:2: syntax error: non-declaration statement outside function body
failed to build, error: exit status 1
handler/student_handler.go has changed
building...
# backend/handler
handler/student_handler.go:129:7: syntax error: unexpected struct, expected name
handler/student_handler.go:131:13: syntax error: unexpected name int at end of statement
handler/student_handler.go:133:2: syntax error: non-declaration statement outside function body
failed to build, error: exit status 1
handler/student_handler.go has changed
building...
# backend/handler
handler/student_handler.go:158:2: syntax error: unexpected EOF, expected }
failed to build, error: exit status 1
handler/student_handler.go has changed
building...
# backend/handler
handler/student_handler.go:158:2: syntax error: unexpected EOF, expected }
failed to build, error: exit status 1
handler/student_handler.go has changed
building...
# backend/handler
handler/student_handler.go:158:2: syntax error: unexpected EOF, expected }
failed to build, error: exit status 1
handler/student_handler.go has changed
building...
# backend/handler
handler/student_handler.go:158:2: syntax error: unexpected EOF, expected }
failed to build, error: exit status 1
handler/student_handler.go has changed
building...
# backend/handler
handler/student_handler.go:138:17: assignment mismatch: 2 variables but h.lessonService.GetLessonByID returns 3 values
handler/student_handler.go:158:29: h.studentService.JoinLesson undefined (type *services.StudentService has no field or method JoinLesson)
failed to build, error: exit status 1
handler/student_handler.go has changed
building...
# backend/handler
handler/student_handler.go:138:17: assignment mismatch: 2 variables but h.lessonService.GetLessonByID returns 3 values
handler/student_handler.go:158:29: h.studentService.JoinLesson undefined (type *services.StudentService has no field or method JoinLesson)
failed to build, error: exit status 1
services/lesson_service.go has changed
building...
# backend/handler
handler/student_handler.go:118:37: h.lessonService.GetLOpenLessons undefined (type *services.LessonService has no field or method GetLOpenLessons)
handler/student_handler.go:138:17: assignment mismatch: 2 variables but h.lessonService.GetLessonByID returns 3 values
handler/student_handler.go:158:29: h.studentService.JoinLesson undefined (type *services.StudentService has no field or method JoinLesson)
failed to build, error: exit status 1
handler/student_handler.go has changed
building...
# backend/handler
handler/student_handler.go:118:37: h.lessonService.GetLOpenLessons undefined (type *services.LessonService has no field or method GetLOpenLessons)
handler/student_handler.go:138:48: too many arguments in call to h.lessonService.GetOpenLessons
	have (int)
	want ()
handler/student_handler.go:145:12: lesson.Status undefined (type []models.Lesson has no field or method Status)
handler/student_handler.go:151:33: lesson.Students undefined (type []models.Lesson has no field or method Students)
handler/student_handler.go:158:29: h.studentService.JoinLesson undefined (type *services.StudentService has no field or method JoinLesson)
failed to build, error: exit status 1
handler/student_handler.go has changed
building...
# backend/handler
handler/student_handler.go:118:37: h.lessonService.GetLOpenLessons undefined (type *services.LessonService has no field or method GetLOpenLessons)
handler/student_handler.go:138:17: assignment mismatch: 2 variables but h.lessonService.GetLessonByID returns 3 values
handler/student_handler.go:158:29: h.studentService.JoinLesson undefined (type *services.StudentService has no field or method JoinLesson)
failed to build, error: exit status 1
handler/student_handler.go has changed
building...
# backend/handler
handler/student_handler.go:138:17: assignment mismatch: 2 variables but h.lessonService.GetLessonByID returns 3 values
handler/student_handler.go:158:29: h.studentService.JoinLesson undefined (type *services.StudentService has no field or method JoinLesson)
failed to build, error: exit status 1
handler/student_handler.go has changed
building...
# backend/handler
handler/student_handler.go:138:17: assignment mismatch: 2 variables but h.lessonService.GetLessonByID returns 3 values
handler/student_handler.go:158:29: h.studentService.JoinLesson undefined (type *services.StudentService has no field or method JoinLesson)
failed to build, error: exit status 1
router/router.go has changed
building...
# backend/handler
handler/student_handler.go:138:17: assignment mismatch: 2 variables but h.lessonService.GetLessonByID returns 3 values
handler/student_handler.go:158:29: h.studentService.JoinLesson undefined (type *services.StudentService has no field or method JoinLesson)
failed to build, error: exit status 1
handler/student_handler.go has changed
building...
# backend/handler
handler/student_handler.go:138:17: assignment mismatch: 2 variables but h.lessonService.GetLessonByID returns 3 values
handler/student_handler.go:158:29: h.studentService.JoinLesson undefined (type *services.StudentService has no field or method JoinLesson)
failed to build, error: exit status 1
services/lesson_service.go has changed
building...
# backend/handler
handler/student_handler.go:138:17: assignment mismatch: 2 variables but h.lessonService.GetLessonByID returns 3 values
handler/student_handler.go:158:29: h.studentService.JoinLesson undefined (type *services.StudentService has no field or method JoinLesson)
failed to build, error: exit status 1
services/lesson_service.go has changed
building...
# backend/handler
handler/student_handler.go:138:17: assignment mismatch: 2 variables but h.lessonService.GetLessonByID returns 3 values
handler/student_handler.go:158:29: h.studentService.JoinLesson undefined (type *services.StudentService has no field or method JoinLesson)
failed to build, error: exit status 1
services/lesson_service.go has changed
building...
# backend/handler
handler/student_handler.go:138:17: assignment mismatch: 2 variables but h.lessonService.GetLessonByID returns 3 values
handler/student_handler.go:158:29: h.studentService.JoinLesson undefined (type *services.StudentService has no field or method JoinLesson)
failed to build, error: exit status 1
services/lesson_service.go has changed
building...
# backend/handler
handler/student_handler.go:138:17: assignment mismatch: 2 variables but h.lessonService.GetLessonByID returns 3 values
handler/student_handler.go:158:29: h.studentService.JoinLesson undefined (type *services.StudentService has no field or method JoinLesson)
failed to build, error: exit status 1
services/lesson_service.go has changed
building...
# backend/handler
handler/student_handler.go:138:17: assignment mismatch: 2 variables but h.lessonService.GetLessonByID returns 3 values
handler/student_handler.go:158:29: h.studentService.JoinLesson undefined (type *services.StudentService has no field or method JoinLesson)
failed to build, error: exit status 1
services/lesson_service.go has changed
building...
# backend/handler
handler/student_handler.go:138:17: assignment mismatch: 2 variables but h.lessonService.GetLessonByID returns 3 values
handler/student_handler.go:158:29: h.studentService.JoinLesson undefined (type *services.StudentService has no field or method JoinLesson)
failed to build, error: exit status 1
services/lesson_service.go has changed
building...
# backend/handler
handler/student_handler.go:138:17: assignment mismatch: 2 variables but h.lessonService.GetLessonByID returns 3 values
handler/student_handler.go:158:29: h.studentService.JoinLesson undefined (type *services.StudentService has no field or method JoinLesson)
failed to build, error: exit status 1
services/lesson_service.go has changed
building...
# backend/handler
handler/student_handler.go:138:17: assignment mismatch: 2 variables but h.lessonService.GetLessonByID returns 3 values
handler/student_handler.go:158:29: h.studentService.JoinLesson undefined (type *services.StudentService has no field or method JoinLesson)
failed to build, error: exit status 1
services/lesson_service.go has changed
building...
# backend/handler
handler/student_handler.go:138:17: assignment mismatch: 2 variables but h.lessonService.GetLessonByID returns 3 values
handler/student_handler.go:158:29: h.studentService.JoinLesson undefined (type *services.StudentService has no field or method JoinLesson)
failed to build, error: exit status 1
services/lesson_service.go has changed
building...
# backend/handler
handler/student_handler.go:138:17: assignment mismatch: 2 variables but h.lessonService.GetLessonByID returns 3 values
handler/student_handler.go:158:29: h.studentService.JoinLesson undefined (type *services.StudentService has no field or method JoinLesson)
failed to build, error: exit status 1
services/lesson_service.go has changed
building...
# backend/handler
handler/student_handler.go:138:17: assignment mismatch: 2 variables but h.lessonService.GetLessonByID returns 3 values
handler/student_handler.go:158:29: h.studentService.JoinLesson undefined (type *services.StudentService has no field or method JoinLesson)
failed to build, error: exit status 1
services/lesson_service.go has changed
building...
# backend/handler
handler/student_handler.go:138:17: assignment mismatch: 2 variables but h.lessonService.GetLessonByID returns 3 values
handler/student_handler.go:158:29: h.studentService.JoinLesson undefined (type *services.StudentService has no field or method JoinLesson)
failed to build, error: exit status 1
services/lesson_service.go has changed
building...
# backend/handler
handler/student_handler.go:138:17: assignment mismatch: 2 variables but h.lessonService.GetLessonByID returns 3 values
handler/student_handler.go:158:29: h.studentService.JoinLesson undefined (type *services.StudentService has no field or method JoinLesson)
failed to build, error: exit status 1
services/lesson_service.go has changed
building...
# backend/handler
handler/student_handler.go:138:17: assignment mismatch: 2 variables but h.lessonService.GetLessonByID returns 3 values
handler/student_handler.go:158:29: h.studentService.JoinLesson undefined (type *services.StudentService has no field or method JoinLesson)
failed to build, error: exit status 1
services/lesson_service.go has changed
building...
# backend/handler
handler/student_handler.go:138:17: assignment mismatch: 2 variables but h.lessonService.GetLessonByID returns 3 values
handler/student_handler.go:158:29: h.studentService.JoinLesson undefined (type *services.StudentService has no field or method JoinLesson)
failed to build, error: exit status 1
services/lesson_service.go has changed
building...
# backend/handler
handler/student_handler.go:138:17: assignment mismatch: 2 variables but h.lessonService.GetLessonByID returns 3 values
handler/student_handler.go:158:29: h.studentService.JoinLesson undefined (type *services.StudentService has no field or method JoinLesson)
failed to build, error: exit status 1
services/lesson_service.go has changed
building...
# backend/handler
handler/student_handler.go:138:17: assignment mismatch: 2 variables but h.lessonService.GetLessonByID returns 3 values
handler/student_handler.go:158:29: h.studentService.JoinLesson undefined (type *services.StudentService has no field or method JoinLesson)
failed to build, error: exit status 1
services/lesson_service.go has changed
building...
# backend/handler
handler/student_handler.go:138:17: assignment mismatch: 2 variables but h.lessonService.GetLessonByID returns 3 values
handler/student_handler.go:158:29: h.studentService.JoinLesson undefined (type *services.StudentService has no field or method JoinLesson)
failed to build, error: exit status 1
services/lesson_service.go has changed
building...
# backend/handler
handler/student_handler.go:138:17: assignment mismatch: 2 variables but h.lessonService.GetLessonByID returns 3 values
handler/student_handler.go:158:29: h.studentService.JoinLesson undefined (type *services.StudentService has no field or method JoinLesson)
failed to build, error: exit status 1
services/lesson_service.go has changed
building...
# backend/services
services/lesson_service.go:72:31: syntax error: unexpected ) at end of statement
services/lesson_service.go:72:32: invalid character U+FF09 '）' in identifier
failed to build, error: exit status 1
services/lesson_service.go has changed
building...
# backend/services
services/lesson_service.go:72:31: syntax error: unexpected ) at end of statement
services/lesson_service.go:72:32: invalid character U+FF09 '）' in identifier
failed to build, error: exit status 1
services/lesson_service.go has changed
building...
# backend/services
services/lesson_service.go:72:31: syntax error: unexpected ) at end of statement
services/lesson_service.go:72:32: invalid character U+FF09 '）' in identifier
failed to build, error: exit status 1
services/lesson_service.go has changed
building...
# backend/handler
handler/student_handler.go:138:17: assignment mismatch: 2 variables but h.lessonService.GetLessonByID returns 3 values
handler/student_handler.go:158:29: h.studentService.JoinLesson undefined (type *services.StudentService has no field or method JoinLesson)
failed to build, error: exit status 1
services/lesson_service.go has changed
building...
# backend/handler
handler/student_handler.go:138:17: assignment mismatch: 2 variables but h.lessonService.GetLessonByID returns 3 values
handler/student_handler.go:158:29: h.studentService.JoinLesson undefined (type *services.StudentService has no field or method JoinLesson)
failed to build, error: exit status 1
services/lesson_service.go has changed
building...
# backend/handler
handler/student_handler.go:138:17: assignment mismatch: 2 variables but h.lessonService.GetLessonByID returns 3 values
handler/student_handler.go:158:29: h.studentService.JoinLesson undefined (type *services.StudentService has no field or method JoinLesson)
failed to build, error: exit status 1
services/lesson_service.go has changed
building...
# backend/handler
handler/student_handler.go:138:17: assignment mismatch: 2 variables but h.lessonService.GetLessonByID returns 3 values
handler/student_handler.go:158:29: h.studentService.JoinLesson undefined (type *services.StudentService has no field or method JoinLesson)
failed to build, error: exit status 1
handler/student_handler.go has changed
building...
# backend/handler
handler/student_handler.go:137:17: assignment mismatch: 2 variables but h.lessonService.GetLessonByID returns 3 values
handler/student_handler.go:157:29: h.studentService.JoinLesson undefined (type *services.StudentService has no field or method JoinLesson)
failed to build, error: exit status 1
router/router.go has changed
building...
# backend/handler
handler/student_handler.go:137:17: assignment mismatch: 2 variables but h.lessonService.GetLessonByID returns 3 values
handler/student_handler.go:157:29: h.studentService.JoinLesson undefined (type *services.StudentService has no field or method JoinLesson)
failed to build, error: exit status 1
handler/student_handler.go has changed
building...
# backend/handler
handler/student_handler.go:121:17: assignment mismatch: 2 variables but h.lessonService.GetLessonByID returns 3 values
handler/student_handler.go:141:29: h.studentService.JoinLesson undefined (type *services.StudentService has no field or method JoinLesson)
failed to build, error: exit status 1
services/student_service.go has changed
building...
# backend/handler
handler/student_handler.go:121:17: assignment mismatch: 2 variables but h.lessonService.GetLessonByID returns 3 values
handler/student_handler.go:141:29: h.studentService.JoinLesson undefined (type *services.StudentService has no field or method JoinLesson)
failed to build, error: exit status 1
handler/student_handler.go has changed
building...
# backend/handler
handler/student_handler.go:123:17: assignment mismatch: 2 variables but h.lessonService.GetLessonByID returns 3 values
handler/student_handler.go:143:29: h.studentService.JoinLesson undefined (type *services.StudentService has no field or method JoinLesson)
failed to build, error: exit status 1
handler/student_handler.go has changed
building...
# backend/handler
handler/student_handler.go:123:17: assignment mismatch: 2 variables but h.lessonService.GetLessonByID returns 3 values
handler/student_handler.go:143:29: h.studentService.JoinLesson undefined (type *services.StudentService has no field or method JoinLesson)
failed to build, error: exit status 1
handler/student_handler.go has changed
building...
# backend/handler
handler/student_handler.go:123:17: assignment mismatch: 2 variables but h.lessonService.GetLessonByID returns 3 values
handler/student_handler.go:143:29: h.studentService.JoinLesson undefined (type *services.StudentService has no field or method JoinLesson)
failed to build, error: exit status 1
handler/student_handler.go has changed
building...
# backend/handler
handler/student_handler.go:123:17: assignment mismatch: 2 variables but h.lessonService.GetLessonByID returns 3 values
handler/student_handler.go:143:29: h.studentService.JoinLesson undefined (type *services.StudentService has no field or method JoinLesson)
failed to build, error: exit status 1
handler/student_handler.go has changed
building...
# backend/handler
handler/student_handler.go:123:17: assignment mismatch: 2 variables but h.lessonService.GetLessonByID returns 3 values
handler/student_handler.go:143:29: h.studentService.JoinLesson undefined (type *services.StudentService has no field or method JoinLesson)
failed to build, error: exit status 1
handler/student_handler.go has changed
building...
# backend/handler
handler/student_handler.go:123:17: assignment mismatch: 2 variables but h.lessonService.GetLessonByID returns 3 values
handler/student_handler.go:143:29: h.studentService.JoinLesson undefined (type *services.StudentService has no field or method JoinLesson)
failed to build, error: exit status 1
services/lesson_service.go has changed
building...
# backend/handler
handler/student_handler.go:123:17: assignment mismatch: 2 variables but h.lessonService.GetLessonByID returns 3 values
handler/student_handler.go:143:29: h.studentService.JoinLesson undefined (type *services.StudentService has no field or method JoinLesson)
failed to build, error: exit status 1
handler/student_handler.go has changed
building...
# backend/handler
handler/student_handler.go:123:10: declared and not used: students
handler/student_handler.go:143:29: h.studentService.JoinLesson undefined (type *services.StudentService has no field or method JoinLesson)
failed to build, error: exit status 1
handler/student_handler.go has changed
building...
# backend/handler
handler/student_handler.go:143:29: h.studentService.JoinLesson undefined (type *services.StudentService has no field or method JoinLesson)
failed to build, error: exit status 1
services/student_service.go has changed
building...
# backend/handler
handler/student_handler.go:143:29: h.studentService.JoinLesson undefined (type *services.StudentService has no field or method JoinLesson)
failed to build, error: exit status 1
services/student_service.go has changed
building...
# backend/services
services/student_service.go:71:5: syntax error: unexpected EOF, expected name or (
failed to build, error: exit status 1
services/student_service.go has changed
building...
# backend/services
services/student_service.go:71:89: syntax error: unexpected EOF, expected }
failed to build, error: exit status 1
services/student_service.go has changed
building...
# backend/services
services/student_service.go:71:78: syntax error: unexpected EOF, expected }
failed to build, error: exit status 1
services/student_service.go has changed
building...
# backend/handler
handler/student_handler.go:143:29: h.studentService.JoinLesson undefined (type *services.StudentService has no field or method JoinLesson)
failed to build, error: exit status 1
services/lesson_service.go has changed
building...
# backend/handler
handler/student_handler.go:143:29: h.studentService.JoinLesson undefined (type *services.StudentService has no field or method JoinLesson)
failed to build, error: exit status 1
services/lesson_service.go has changed
building...
# backend/services
services/lesson_service.go:117:88: syntax error: unexpected EOF, expected }
failed to build, error: exit status 1
services/lesson_service.go has changed
building...
# backend/services
services/lesson_service.go:117:25: syntax error: unexpected func, expected name
failed to build, error: exit status 1
services/lesson_service.go has changed
building...
# backend/services
services/lesson_service.go:117:88: syntax error: unexpected EOF, expected }
failed to build, error: exit status 1
services/lesson_service.go has changed
building...
# backend/services
services/lesson_service.go:121:1: missing return
failed to build, error: exit status 1
services/lesson_service.go has changed
building...
# backend/services
services/lesson_service.go:121:1: missing return
failed to build, error: exit status 1
services/lesson_service.go has changed
building...
# backend/services
services/lesson_service.go:121:1: missing return
failed to build, error: exit status 1
services/lesson_service.go has changed
building...
# backend/services
services/lesson_service.go:121:1: missing return
failed to build, error: exit status 1
handler/student_handler.go has changed
building...
# backend/services
services/lesson_service.go:121:1: missing return
failed to build, error: exit status 1
services/lesson_service.go has changed
building...
# backend/services
services/lesson_service.go:122:1: missing return
failed to build, error: exit status 1
handler/student_handler.go has changed
building...
# backend/services
services/lesson_service.go:122:1: missing return
failed to build, error: exit status 1
services/lesson_service.go has changed
building...
# backend/services
services/lesson_service.go:117:66: syntax error: mixed named and unnamed parameters
failed to build, error: exit status 1
services/lesson_service.go has changed
building...
# backend/services
services/lesson_service.go:122:1: missing return
failed to build, error: exit status 1
services/lesson_service.go has changed
building...
# backend/services
services/lesson_service.go:122:1: missing return
failed to build, error: exit status 1
handler/student_handler.go has changed
building...
# backend/services
services/lesson_service.go:122:1: missing return
failed to build, error: exit status 1
handler/student_handler.go has changed
building...
# backend/services
services/lesson_service.go:122:1: missing return
failed to build, error: exit status 1
services/lesson_service.go has changed
building...
# backend/services
services/lesson_service.go:121:3: undefined: c
services/lesson_service.go:121:10: undefined: http
services/lesson_service.go:121:33: undefined: gin
services/lesson_service.go:122:3: not enough return values
	have ()
	want (error)
services/lesson_service.go:127:20: undefined: applyTDO
services/lesson_service.go:128:4: undefined: c
services/lesson_service.go:128:11: undefined: http
services/lesson_service.go:128:34: undefined: gin
services/lesson_service.go:129:4: not enough return values
	have ()
	want (error)
services/lesson_service.go:134:1: missing return
services/lesson_service.go:134:1: too many errors
failed to build, error: exit status 1
services/lesson_service.go has changed
building...
# backend/services
services/lesson_service.go:121:3: not enough return values
	have ()
	want (error)
services/lesson_service.go:126:20: undefined: applyTDO
services/lesson_service.go:127:4: undefined: c
services/lesson_service.go:127:11: undefined: http
services/lesson_service.go:127:34: undefined: gin
services/lesson_service.go:128:4: not enough return values
	have ()
	want (error)
services/lesson_service.go:133:1: missing return
failed to build, error: exit status 1
services/lesson_service.go has changed
building...
# backend/services
services/lesson_service.go:121:16: error.New undefined (type error has no field or method New)
services/lesson_service.go:126:20: undefined: applyTDO
services/lesson_service.go:127:4: undefined: c
services/lesson_service.go:127:11: undefined: http
services/lesson_service.go:127:34: undefined: gin
services/lesson_service.go:128:4: not enough return values
	have ()
	want (error)
services/lesson_service.go:133:1: missing return
failed to build, error: exit status 1
services/lesson_service.go has changed
building...
# backend/services
services/lesson_service.go:121:16: error.New undefined (type error has no field or method New)
services/lesson_service.go:123:3: "課程已經結束或取消，無法加入" (untyped string constant) is not used
services/lesson_service.go:128:20: undefined: applyTDO
services/lesson_service.go:129:4: undefined: c
services/lesson_service.go:129:11: undefined: http
services/lesson_service.go:129:34: undefined: gin
services/lesson_service.go:130:4: not enough return values
	have ()
	want (error)
services/lesson_service.go:135:1: missing return
failed to build, error: exit status 1
services/lesson_service.go has changed
building...
# backend/services
services/lesson_service.go:121:16: error.New undefined (type error has no field or method New)
services/lesson_service.go:126:20: undefined: applyTDO
services/lesson_service.go:127:4: undefined: c
services/lesson_service.go:127:11: undefined: http
services/lesson_service.go:127:34: undefined: gin
services/lesson_service.go:128:4: not enough return values
	have ()
	want (error)
services/lesson_service.go:133:1: missing return
failed to build, error: exit status 1
services/lesson_service.go has changed
building...
# backend/services
services/lesson_service.go:121:16: error.New undefined (type error has no field or method New)
services/lesson_service.go:132:1: missing return
failed to build, error: exit status 1
services/lesson_service.go has changed
building...
# backend/services
services/lesson_service.go:132:1: missing return
failed to build, error: exit status 1
services/lesson_service.go has changed
building...
running...
2026/08/12 13:56:02 &{localhost 8080 dev} &{user user1 3306 lesson db} &{redis 6379  0}
2026/08/12 13:56:02 init redis
2026/08/12 13:56:02 sql Open success
[GIN-debug] [WARNING] Running in "debug" mode. Switch to "release" mode in production.
 - using env:	export GIN_MODE=release
 - using code:	gin.SetMode(gin.ReleaseMode)

[GIN-debug] POST   /api/v1/teacher/login     --> backend/handler.(*AuthHandler).TeacherLogin-fm (2 handlers)
[GIN-debug] POST   /api/v1/student/login     --> backend/handler.(*AuthHandler).StudentLogin-fm (2 handlers)
[GIN-debug] POST   /api/v1/Logout            --> backend/handler.(*AuthHandler).Logout-fm (2 handlers)
[GIN-debug] POST   /api/v1/teacher/create    --> backend/handler.(*TeacherHandler).Create-fm (2 handlers)
[GIN-debug] POST   /api/v1/student/create    --> backend/handler.(*StudentHandler).Create-fm (2 handlers)
[GIN-debug] GET    /api/v1/students/         --> backend/handler.(*StudentHandler).List-fm (3 handlers)
[GIN-debug] GET    /api/v1/students/:id      --> backend/handler.(*StudentHandler).GetByID-fm (3 handlers)
[GIN-debug] PUT    /api/v1/students/:id      --> backend/handler.(*StudentHandler).Update-fm (3 handlers)
[GIN-debug] DELETE /api/v1/students/:id      --> backend/handler.(*StudentHandler).Delete-fm (3 handlers)
[GIN-debug] GET    /api/v1/students/lessonList --> backend/handler.(*StudentHandler).GetLessonList-fm (3 handlers)
[GIN-debug] POST   /api/v1/students/joinLesson --> backend/handler.(*StudentHandler).JoinLesson-fm (3 handlers)
[GIN-debug] POST   /api/v1/lessons/          --> backend/handler.(*LessonHandler).Create-fm (3 handlers)
[GIN-debug] GET    /api/v1/lessons/          --> backend/handler.(*LessonHandler).List-fm (3 handlers)
[GIN-debug] GET    /api/v1/lessons/:id       --> backend/handler.(*LessonHandler).GetByID-fm (3 handlers)
[GIN-debug] PUT    /api/v1/lessons/:id       --> backend/handler.(*LessonHandler).Update-fm (3 handlers)
[GIN-debug] DELETE /api/v1/lessons/:id       --> backend/handler.(*LessonHandler).Delete-fm (3 handlers)
[GIN-debug] GET    /api/v1/teachers/         --> backend/handler.(*TeacherHandler).List-fm (3 handlers)
[GIN-debug] GET    /api/v1/teachers/:id      --> backend/handler.(*TeacherHandler).GetByID-fm (3 handlers)
[GIN-debug] PUT    /api/v1/teachers/:id      --> backend/handler.(*TeacherHandler).Update-fm (3 handlers)
[GIN-debug] DELETE /api/v1/teachers/:id      --> backend/handler.(*TeacherHandler).Delete-fm (3 handlers)
[GIN-debug] GET    /api/v1/teachers/:id/lessonList --> backend/handler.(*TeacherHandler).GetLessonByID-fm (3 handlers)
[GIN-debug] [WARNING] You trusted all proxies, this is NOT safe. We recommend you to set a value.
Please check https://pkg.go.dev/github.com/gin-gonic/gin#readme-don-t-trust-all-proxies for details.
[GIN-debug] Listening and serving HTTP on :8080
services/lesson_service.go has changed
building...
running...
2026/08/12 13:57:13 &{localhost 8080 dev} &{user user1 3306 lesson db} &{redis 6379  0}
2026/08/12 13:57:13 init redis
2026/08/12 13:57:13 sql Open success
[GIN-debug] [WARNING] Running in "debug" mode. Switch to "release" mode in production.
 - using env:	export GIN_MODE=release
 - using code:	gin.SetMode(gin.ReleaseMode)

[GIN-debug] POST   /api/v1/teacher/login     --> backend/handler.(*AuthHandler).TeacherLogin-fm (2 handlers)
[GIN-debug] POST   /api/v1/student/login     --> backend/handler.(*AuthHandler).StudentLogin-fm (2 handlers)
[GIN-debug] POST   /api/v1/Logout            --> backend/handler.(*AuthHandler).Logout-fm (2 handlers)
[GIN-debug] POST   /api/v1/teacher/create    --> backend/handler.(*TeacherHandler).Create-fm (2 handlers)
[GIN-debug] POST   /api/v1/student/create    --> backend/handler.(*StudentHandler).Create-fm (2 handlers)
[GIN-debug] GET    /api/v1/students/         --> backend/handler.(*StudentHandler).List-fm (3 handlers)
[GIN-debug] GET    /api/v1/students/:id      --> backend/handler.(*StudentHandler).GetByID-fm (3 handlers)
[GIN-debug] PUT    /api/v1/students/:id      --> backend/handler.(*StudentHandler).Update-fm (3 handlers)
[GIN-debug] DELETE /api/v1/students/:id      --> backend/handler.(*StudentHandler).Delete-fm (3 handlers)
[GIN-debug] GET    /api/v1/students/lessonList --> backend/handler.(*StudentHandler).GetLessonList-fm (3 handlers)
[GIN-debug] POST   /api/v1/students/joinLesson --> backend/handler.(*StudentHandler).JoinLesson-fm (3 handlers)
[GIN-debug] POST   /api/v1/lessons/          --> backend/handler.(*LessonHandler).Create-fm (3 handlers)
[GIN-debug] GET    /api/v1/lessons/          --> backend/handler.(*LessonHandler).List-fm (3 handlers)
[GIN-debug] GET    /api/v1/lessons/:id       --> backend/handler.(*LessonHandler).GetByID-fm (3 handlers)
[GIN-debug] PUT    /api/v1/lessons/:id       --> backend/handler.(*LessonHandler).Update-fm (3 handlers)
[GIN-debug] DELETE /api/v1/lessons/:id       --> backend/handler.(*LessonHandler).Delete-fm (3 handlers)
[GIN-debug] GET    /api/v1/teachers/         --> backend/handler.(*TeacherHandler).List-fm (3 handlers)
[GIN-debug] GET    /api/v1/teachers/:id      --> backend/handler.(*TeacherHandler).GetByID-fm (3 handlers)
[GIN-debug] PUT    /api/v1/teachers/:id      --> backend/handler.(*TeacherHandler).Update-fm (3 handlers)
[GIN-debug] DELETE /api/v1/teachers/:id      --> backend/handler.(*TeacherHandler).Delete-fm (3 handlers)
[GIN-debug] GET    /api/v1/teachers/:id/lessonList --> backend/handler.(*TeacherHandler).GetLessonByID-fm (3 handlers)
[GIN-debug] [WARNING] You trusted all proxies, this is NOT safe. We recommend you to set a value.
Please check https://pkg.go.dev/github.com/gin-gonic/gin#readme-don-t-trust-all-proxies for details.
[GIN-debug] Listening and serving HTTP on :8080
services/lesson_service.go has changed
building...
# backend/services
services/lesson_service.go:133:64: undefined: student
failed to build, error: exit status 1
services/lesson_service.go has changed
building...
running...
2026/08/12 13:57:19 &{localhost 8080 dev} &{user user1 3306 lesson db} &{redis 6379  0}
2026/08/12 13:57:19 init redis
2026/08/12 13:57:19 sql Open success
[GIN-debug] [WARNING] Running in "debug" mode. Switch to "release" mode in production.
 - using env:	export GIN_MODE=release
 - using code:	gin.SetMode(gin.ReleaseMode)

[GIN-debug] POST   /api/v1/teacher/login     --> backend/handler.(*AuthHandler).TeacherLogin-fm (2 handlers)
[GIN-debug] POST   /api/v1/student/login     --> backend/handler.(*AuthHandler).StudentLogin-fm (2 handlers)
[GIN-debug] POST   /api/v1/Logout            --> backend/handler.(*AuthHandler).Logout-fm (2 handlers)
[GIN-debug] POST   /api/v1/teacher/create    --> backend/handler.(*TeacherHandler).Create-fm (2 handlers)
[GIN-debug] POST   /api/v1/student/create    --> backend/handler.(*StudentHandler).Create-fm (2 handlers)
[GIN-debug] GET    /api/v1/students/         --> backend/handler.(*StudentHandler).List-fm (3 handlers)
[GIN-debug] GET    /api/v1/students/:id      --> backend/handler.(*StudentHandler).GetByID-fm (3 handlers)
[GIN-debug] PUT    /api/v1/students/:id      --> backend/handler.(*StudentHandler).Update-fm (3 handlers)
[GIN-debug] DELETE /api/v1/students/:id      --> backend/handler.(*StudentHandler).Delete-fm (3 handlers)
[GIN-debug] GET    /api/v1/students/lessonList --> backend/handler.(*StudentHandler).GetLessonList-fm (3 handlers)
[GIN-debug] POST   /api/v1/students/joinLesson --> backend/handler.(*StudentHandler).JoinLesson-fm (3 handlers)
[GIN-debug] POST   /api/v1/lessons/          --> backend/handler.(*LessonHandler).Create-fm (3 handlers)
[GIN-debug] GET    /api/v1/lessons/          --> backend/handler.(*LessonHandler).List-fm (3 handlers)
[GIN-debug] GET    /api/v1/lessons/:id       --> backend/handler.(*LessonHandler).GetByID-fm (3 handlers)
[GIN-debug] PUT    /api/v1/lessons/:id       --> backend/handler.(*LessonHandler).Update-fm (3 handlers)
[GIN-debug] DELETE /api/v1/lessons/:id       --> backend/handler.(*LessonHandler).Delete-fm (3 handlers)
[GIN-debug] GET    /api/v1/teachers/         --> backend/handler.(*TeacherHandler).List-fm (3 handlers)
[GIN-debug] GET    /api/v1/teachers/:id      --> backend/handler.(*TeacherHandler).GetByID-fm (3 handlers)
[GIN-debug] PUT    /api/v1/teachers/:id      --> backend/handler.(*TeacherHandler).Update-fm (3 handlers)
[GIN-debug] DELETE /api/v1/teachers/:id      --> backend/handler.(*TeacherHandler).Delete-fm (3 handlers)
[GIN-debug] GET    /api/v1/teachers/:id/lessonList --> backend/handler.(*TeacherHandler).GetLessonByID-fm (3 handlers)
[GIN-debug] [WARNING] You trusted all proxies, this is NOT safe. We recommend you to set a value.
Please check https://pkg.go.dev/github.com/gin-gonic/gin#readme-don-t-trust-all-proxies for details.
[GIN-debug] Listening and serving HTTP on :8080
services/lesson_service.go has changed
building...
running...
2026/08/12 13:57:32 &{localhost 8080 dev} &{user user1 3306 lesson db} &{redis 6379  0}
2026/08/12 13:57:32 init redis
2026/08/12 13:57:32 sql Open success
[GIN-debug] POST   /api/v1/student/login     --> backend/handler.(*AuthHandler).StudentLogin-fm (2 handlers)
[GIN-debug] POST   /api/v1/Logout            --> backend/handler.(*AuthHandler).Logout-fm (2 handlers)
[GIN-debug] POST   /api/v1/teacher/create    --> backend/handler.(*TeacherHandler).Create-fm (2 handlers)
[GIN-debug] POST   /api/v1/student/create    --> backend/handler.(*StudentHandler).Create-fm (2 handlers)
[GIN-debug] GET    /api/v1/students/         --> backend/handler.(*StudentHandler).List-fm (3 handlers)
[GIN-debug] GET    /api/v1/students/:id      --> backend/handler.(*StudentHandler).GetByID-fm (3 handlers)
[GIN-debug] PUT    /api/v1/students/:id      --> backend/handler.(*StudentHandler).Update-fm (3 handlers)
[GIN-debug] DELETE /api/v1/students/:id      --> backend/handler.(*StudentHandler).Delete-fm (3 handlers)
[GIN-debug] GET    /api/v1/students/lessonList --> backend/handler.(*StudentHandler).GetLessonList-fm (3 handlers)
[GIN-debug] POST   /api/v1/students/joinLesson --> backend/handler.(*StudentHandler).JoinLesson-fm (3 handlers)
[GIN-debug] POST   /api/v1/lessons/          --> backend/handler.(*LessonHandler).Create-fm (3 handlers)
[GIN-debug] GET    /api/v1/lessons/          --> backend/handler.(*LessonHandler).List-fm (3 handlers)
[GIN-debug] GET    /api/v1/lessons/:id       --> backend/handler.(*LessonHandler).GetByID-fm (3 handlers)
[GIN-debug] PUT    /api/v1/lessons/:id       --> backend/handler.(*LessonHandler).Update-fm (3 handlers)
[GIN-debug] DELETE /api/v1/lessons/:id       --> backend/handler.(*LessonHandler).Delete-fm (3 handlers)
[GIN-debug] GET    /api/v1/teachers/         --> backend/handler.(*TeacherHandler).List-fm (3 handlers)
[GIN-debug] GET    /api/v1/teachers/:id      --> backend/handler.(*TeacherHandler).GetByID-fm (3 handlers)
[GIN-debug] PUT    /api/v1/teachers/:id      --> backend/handler.(*TeacherHandler).Update-fm (3 handlers)
[GIN-debug] DELETE /api/v1/teachers/:id      --> backend/handler.(*TeacherHandler).Delete-fm (3 handlers)
[GIN-debug] GET    /api/v1/teachers/:id/lessonList --> backend/handler.(*TeacherHandler).GetLessonByID-fm (3 handlers)
[GIN-debug] [WARNING] You trusted all proxies, this is NOT safe. We recommend you to set a value.
Please check https://pkg.go.dev/github.com/gin-gonic/gin#readme-don-t-trust-all-proxies for details.
[GIN-debug] [WARNING] Running in "debug" mode. Switch to "release" mode in production.
 - using env:	export GIN_MODE=release
 - using code:	gin.SetMode(gin.ReleaseMode)

[GIN-debug] POST   /api/v1/teacher/login     --> backend/handler.(*AuthHandler).TeacherLogin-fm (2 handlers)
[GIN-debug] Listening and serving HTTP on :8080
services/lesson_service.go has changed
building...
running...
2026/08/12 13:57:35 &{localhost 8080 dev} &{user user1 3306 lesson db} &{redis 6379  0}
2026/08/12 13:57:35 init redis
2026/08/12 13:57:35 sql Open success
[GIN-debug] [WARNING] Running in "debug" mode. Switch to "release" mode in production.
 - using env:	export GIN_MODE=release
 - using code:	gin.SetMode(gin.ReleaseMode)

[GIN-debug] POST   /api/v1/teacher/login     --> backend/handler.(*AuthHandler).TeacherLogin-fm (2 handlers)
[GIN-debug] POST   /api/v1/student/login     --> backend/handler.(*AuthHandler).StudentLogin-fm (2 handlers)
[GIN-debug] POST   /api/v1/Logout            --> backend/handler.(*AuthHandler).Logout-fm (2 handlers)
[GIN-debug] POST   /api/v1/teacher/create    --> backend/handler.(*TeacherHandler).Create-fm (2 handlers)
[GIN-debug] POST   /api/v1/student/create    --> backend/handler.(*StudentHandler).Create-fm (2 handlers)
[GIN-debug] GET    /api/v1/students/         --> backend/handler.(*StudentHandler).List-fm (3 handlers)
[GIN-debug] GET    /api/v1/students/:id      --> backend/handler.(*StudentHandler).GetByID-fm (3 handlers)
[GIN-debug] PUT    /api/v1/students/:id      --> backend/handler.(*StudentHandler).Update-fm (3 handlers)
[GIN-debug] DELETE /api/v1/students/:id      --> backend/handler.(*StudentHandler).Delete-fm (3 handlers)
[GIN-debug] GET    /api/v1/students/lessonList --> backend/handler.(*StudentHandler).GetLessonList-fm (3 handlers)
[GIN-debug] POST   /api/v1/students/joinLesson --> backend/handler.(*StudentHandler).JoinLesson-fm (3 handlers)
[GIN-debug] POST   /api/v1/lessons/          --> backend/handler.(*LessonHandler).Create-fm (3 handlers)
[GIN-debug] GET    /api/v1/lessons/          --> backend/handler.(*LessonHandler).List-fm (3 handlers)
[GIN-debug] GET    /api/v1/lessons/:id       --> backend/handler.(*LessonHandler).GetByID-fm (3 handlers)
[GIN-debug] PUT    /api/v1/lessons/:id       --> backend/handler.(*LessonHandler).Update-fm (3 handlers)
[GIN-debug] DELETE /api/v1/lessons/:id       --> backend/handler.(*LessonHandler).Delete-fm (3 handlers)
[GIN-debug] GET    /api/v1/teachers/         --> backend/handler.(*TeacherHandler).List-fm (3 handlers)
[GIN-debug] GET    /api/v1/teachers/:id      --> backend/handler.(*TeacherHandler).GetByID-fm (3 handlers)
[GIN-debug] PUT    /api/v1/teachers/:id      --> backend/handler.(*TeacherHandler).Update-fm (3 handlers)
[GIN-debug] DELETE /api/v1/teachers/:id      --> backend/handler.(*TeacherHandler).Delete-fm (3 handlers)
[GIN-debug] GET    /api/v1/teachers/:id/lessonList --> backend/handler.(*TeacherHandler).GetLessonByID-fm (3 handlers)
[GIN-debug] [WARNING] You trusted all proxies, this is NOT safe. We recommend you to set a value.
Please check https://pkg.go.dev/github.com/gin-gonic/gin#readme-don-t-trust-all-proxies for details.
[GIN-debug] Listening and serving HTTP on :8080
2026/08/12 13:58:07 Checking session in Redis with key: lesson_session:ec9b3c0b28066614cddc4e6724870f91
2026/08/12 13:58:08 Checking session in Redis with key: lesson_session:ec9b3c0b28066614cddc4e6724870f91
2026/08/12 13:58:38 Checking session in Redis with key: lesson_session:ec9b3c0b28066614cddc4e6724870f91
2026/08/12 13:58:41 Checking session in Redis with key: lesson_session:ec9b3c0b28066614cddc4e6724870f91
2026/08/12 13:58:59 Checking session in Redis with key: lesson_session:ec9b3c0b28066614cddc4e6724870f91
2026/08/12 13:59:03 Checking session in Redis with key: lesson_session:ec9b3c0b28066614cddc4e6724870f91
2026/08/12 13:59:37 Checking session in Redis with key: lesson_session:ec9b3c0b28066614cddc4e6724870f91
2026/08/12 13:59:48 Checking session in Redis with key: lesson_session:ec9b3c0b28066614cddc4e6724870f91
2026/08/12 14:00:16 Checking session in Redis with key: lesson_session:ec9b3c0b28066614cddc4e6724870f91
2026/08/12 14:00:16 Checking session in Redis with key: lesson_session:ec9b3c0b28066614cddc4e6724870f91
2026/08/12 14:01:25 Checking session in Redis with key: lesson_session:ec9b3c0b28066614cddc4e6724870f91
2026/08/12 14:02:27 Checking session in Redis with key: lesson_session:ec9b3c0b28066614cddc4e6724870f91
2026/08/12 14:02:27 Checking session in Redis with key: lesson_session:ec9b3c0b28066614cddc4e6724870f91
services/lesson_service.go has changed
building...
# backend/services
services/lesson_service.go:110:17: syntax error: unexpected ., expected name or (
failed to build, error: exit status 1
services/lesson_service.go has changed
building...
running...
2026/08/12 14:03:38 &{localhost 8080 dev} &{user user1 3306 lesson db} &{redis 6379  0}
2026/08/12 14:03:38 init redis
2026/08/12 14:03:38 sql Open success
[GIN-debug] [WARNING] Running in "debug" mode. Switch to "release" mode in production.
 - using env:	export GIN_MODE=release
 - using code:	gin.SetMode(gin.ReleaseMode)

[GIN-debug] POST   /api/v1/teacher/login     --> backend/handler.(*AuthHandler).TeacherLogin-fm (2 handlers)
[GIN-debug] POST   /api/v1/student/login     --> backend/handler.(*AuthHandler).StudentLogin-fm (2 handlers)
[GIN-debug] POST   /api/v1/Logout            --> backend/handler.(*AuthHandler).Logout-fm (2 handlers)
[GIN-debug] POST   /api/v1/teacher/create    --> backend/handler.(*TeacherHandler).Create-fm (2 handlers)
[GIN-debug] POST   /api/v1/student/create    --> backend/handler.(*StudentHandler).Create-fm (2 handlers)
[GIN-debug] GET    /api/v1/students/         --> backend/handler.(*StudentHandler).List-fm (3 handlers)
[GIN-debug] GET    /api/v1/students/:id      --> backend/handler.(*StudentHandler).GetByID-fm (3 handlers)
[GIN-debug] PUT    /api/v1/students/:id      --> backend/handler.(*StudentHandler).Update-fm (3 handlers)
[GIN-debug] DELETE /api/v1/students/:id      --> backend/handler.(*StudentHandler).Delete-fm (3 handlers)
[GIN-debug] GET    /api/v1/students/lessonList --> backend/handler.(*StudentHandler).GetLessonList-fm (3 handlers)
[GIN-debug] POST   /api/v1/students/joinLesson --> backend/handler.(*StudentHandler).JoinLesson-fm (3 handlers)
[GIN-debug] POST   /api/v1/lessons/          --> backend/handler.(*LessonHandler).Create-fm (3 handlers)
[GIN-debug] GET    /api/v1/lessons/          --> backend/handler.(*LessonHandler).List-fm (3 handlers)
[GIN-debug] GET    /api/v1/lessons/:id       --> backend/handler.(*LessonHandler).GetByID-fm (3 handlers)
[GIN-debug] PUT    /api/v1/lessons/:id       --> backend/handler.(*LessonHandler).Update-fm (3 handlers)
[GIN-debug] DELETE /api/v1/lessons/:id       --> backend/handler.(*LessonHandler).Delete-fm (3 handlers)
[GIN-debug] GET    /api/v1/teachers/         --> backend/handler.(*TeacherHandler).List-fm (3 handlers)
[GIN-debug] GET    /api/v1/teachers/:id      --> backend/handler.(*TeacherHandler).GetByID-fm (3 handlers)
[GIN-debug] PUT    /api/v1/teachers/:id      --> backend/handler.(*TeacherHandler).Update-fm (3 handlers)
[GIN-debug] DELETE /api/v1/teachers/:id      --> backend/handler.(*TeacherHandler).Delete-fm (3 handlers)
[GIN-debug] GET    /api/v1/teachers/:id/lessonList --> backend/handler.(*TeacherHandler).GetLessonByID-fm (3 handlers)
[GIN-debug] [WARNING] You trusted all proxies, this is NOT safe. We recommend you to set a value.
Please check https://pkg.go.dev/github.com/gin-gonic/gin#readme-don-t-trust-all-proxies for details.
[GIN-debug] Listening and serving HTTP on :8080
services/lesson_service.go has changed
building...
running...
2026/08/12 14:03:43 &{localhost 8080 dev} &{user user1 3306 lesson db} &{redis 6379  0}
2026/08/12 14:03:43 init redis
2026/08/12 14:03:43 sql Open success
[GIN-debug] [WARNING] Running in "debug" mode. Switch to "release" mode in production.
 - using env:	export GIN_MODE=release
 - using code:	gin.SetMode(gin.ReleaseMode)

[GIN-debug] POST   /api/v1/teacher/login     --> backend/handler.(*AuthHandler).TeacherLogin-fm (2 handlers)
[GIN-debug] POST   /api/v1/student/login     --> backend/handler.(*AuthHandler).StudentLogin-fm (2 handlers)
[GIN-debug] POST   /api/v1/Logout            --> backend/handler.(*AuthHandler).Logout-fm (2 handlers)
[GIN-debug] POST   /api/v1/teacher/create    --> backend/handler.(*TeacherHandler).Create-fm (2 handlers)
[GIN-debug] POST   /api/v1/student/create    --> backend/handler.(*StudentHandler).Create-fm (2 handlers)
[GIN-debug] GET    /api/v1/students/         --> backend/handler.(*StudentHandler).List-fm (3 handlers)
[GIN-debug] GET    /api/v1/students/:id      --> backend/handler.(*StudentHandler).GetByID-fm (3 handlers)
[GIN-debug] PUT    /api/v1/students/:id      --> backend/handler.(*StudentHandler).Update-fm (3 handlers)
[GIN-debug] DELETE /api/v1/students/:id      --> backend/handler.(*StudentHandler).Delete-fm (3 handlers)
[GIN-debug] GET    /api/v1/students/lessonList --> backend/handler.(*StudentHandler).GetLessonList-fm (3 handlers)
[GIN-debug] POST   /api/v1/students/joinLesson --> backend/handler.(*StudentHandler).JoinLesson-fm (3 handlers)
[GIN-debug] POST   /api/v1/lessons/          --> backend/handler.(*LessonHandler).Create-fm (3 handlers)
[GIN-debug] GET    /api/v1/lessons/          --> backend/handler.(*LessonHandler).List-fm (3 handlers)
[GIN-debug] GET    /api/v1/lessons/:id       --> backend/handler.(*LessonHandler).GetByID-fm (3 handlers)
[GIN-debug] PUT    /api/v1/lessons/:id       --> backend/handler.(*LessonHandler).Update-fm (3 handlers)
[GIN-debug] DELETE /api/v1/lessons/:id       --> backend/handler.(*LessonHandler).Delete-fm (3 handlers)
[GIN-debug] GET    /api/v1/teachers/         --> backend/handler.(*TeacherHandler).List-fm (3 handlers)
[GIN-debug] GET    /api/v1/teachers/:id      --> backend/handler.(*TeacherHandler).GetByID-fm (3 handlers)
[GIN-debug] PUT    /api/v1/teachers/:id      --> backend/handler.(*TeacherHandler).Update-fm (3 handlers)
[GIN-debug] DELETE /api/v1/teachers/:id      --> backend/handler.(*TeacherHandler).Delete-fm (3 handlers)
[GIN-debug] GET    /api/v1/teachers/:id/lessonList --> backend/handler.(*TeacherHandler).GetLessonByID-fm (3 handlers)
[GIN-debug] [WARNING] You trusted all proxies, this is NOT safe. We recommend you to set a value.
Please check https://pkg.go.dev/github.com/gin-gonic/gin#readme-don-t-trust-all-proxies for details.
[GIN-debug] Listening and serving HTTP on :8080
services/lesson_service.go has changed
building...
running...
2026/08/12 14:03:57 &{localhost 8080 dev} &{user user1 3306 lesson db} &{redis 6379  0}
2026/08/12 14:03:57 init redis
2026/08/12 14:03:57 sql Open success
[GIN-debug] [WARNING] Running in "debug" mode. Switch to "release" mode in production.
 - using env:	export GIN_MODE=release
 - using code:	gin.SetMode(gin.ReleaseMode)

[GIN-debug] POST   /api/v1/teacher/login     --> backend/handler.(*AuthHandler).TeacherLogin-fm (2 handlers)
[GIN-debug] POST   /api/v1/student/login     --> backend/handler.(*AuthHandler).StudentLogin-fm (2 handlers)
[GIN-debug] POST   /api/v1/Logout            --> backend/handler.(*AuthHandler).Logout-fm (2 handlers)
[GIN-debug] POST   /api/v1/teacher/create    --> backend/handler.(*TeacherHandler).Create-fm (2 handlers)
[GIN-debug] POST   /api/v1/student/create    --> backend/handler.(*StudentHandler).Create-fm (2 handlers)
[GIN-debug] GET    /api/v1/students/         --> backend/handler.(*StudentHandler).List-fm (3 handlers)
[GIN-debug] GET    /api/v1/students/:id      --> backend/handler.(*StudentHandler).GetByID-fm (3 handlers)
[GIN-debug] PUT    /api/v1/students/:id      --> backend/handler.(*StudentHandler).Update-fm (3 handlers)
[GIN-debug] DELETE /api/v1/students/:id      --> backend/handler.(*StudentHandler).Delete-fm (3 handlers)
[GIN-debug] GET    /api/v1/students/lessonList --> backend/handler.(*StudentHandler).GetLessonList-fm (3 handlers)
[GIN-debug] POST   /api/v1/students/joinLesson --> backend/handler.(*StudentHandler).JoinLesson-fm (3 handlers)
[GIN-debug] POST   /api/v1/lessons/          --> backend/handler.(*LessonHandler).Create-fm (3 handlers)
[GIN-debug] GET    /api/v1/lessons/          --> backend/handler.(*LessonHandler).List-fm (3 handlers)
[GIN-debug] GET    /api/v1/lessons/:id       --> backend/handler.(*LessonHandler).GetByID-fm (3 handlers)
[GIN-debug] PUT    /api/v1/lessons/:id       --> backend/handler.(*LessonHandler).Update-fm (3 handlers)
[GIN-debug] DELETE /api/v1/lessons/:id       --> backend/handler.(*LessonHandler).Delete-fm (3 handlers)
[GIN-debug] GET    /api/v1/teachers/         --> backend/handler.(*TeacherHandler).List-fm (3 handlers)
[GIN-debug] GET    /api/v1/teachers/:id      --> backend/handler.(*TeacherHandler).GetByID-fm (3 handlers)
[GIN-debug] PUT    /api/v1/teachers/:id      --> backend/handler.(*TeacherHandler).Update-fm (3 handlers)
[GIN-debug] DELETE /api/v1/teachers/:id      --> backend/handler.(*TeacherHandler).Delete-fm (3 handlers)
[GIN-debug] GET    /api/v1/teachers/:id/lessonList --> backend/handler.(*TeacherHandler).GetLessonByID-fm (3 handlers)
[GIN-debug] [WARNING] You trusted all proxies, this is NOT safe. We recommend you to set a value.
Please check https://pkg.go.dev/github.com/gin-gonic/gin#readme-don-t-trust-all-proxies for details.
[GIN-debug] Listening and serving HTTP on :8080
services/lesson_service.go has changed
building...
# backend/services
services/lesson_service.go:107:48: syntax error: unexpected ], expected type
failed to build, error: exit status 1
services/lesson_service.go has changed
building...
# backend/services
services/lesson_service.go:107:48: syntax error: unexpected ], expected type
failed to build, error: exit status 1
services/lesson_service.go has changed
building...
# backend/services
services/lesson_service.go:107:48: syntax error: unexpected ], expected type
failed to build, error: exit status 1
services/lesson_service.go has changed
building...
# backend/services
services/lesson_service.go:107:48: syntax error: unexpected ], expected type
failed to build, error: exit status 1
services/lesson_service.go has changed
building...
# backend/services
services/lesson_service.go:107:48: syntax error: unexpected ], expected type
failed to build, error: exit status 1
services/lesson_service.go has changed
building...
# backend/services
services/lesson_service.go:107:54: syntax error: unexpected comma, expected type
failed to build, error: exit status 1
services/lesson_service.go has changed
building...
# backend/services
services/lesson_service.go:107:52: syntax error: unexpected comma, expected type
failed to build, error: exit status 1
services/lesson_service.go has changed
building...
# backend/services
services/lesson_service.go:107:55: syntax error: unexpected comma, expected [
services/lesson_service.go:108:15: syntax error: unexpected ] in parameter list; possibly missing comma or )
failed to build, error: exit status 1
services/lesson_service.go has changed
building...
# backend/services
services/lesson_service.go:107:60: syntax error: unexpected comma, expected type
failed to build, error: exit status 1
services/lesson_service.go has changed
building...
# backend/services
services/lesson_service.go:107:63: syntax error: unexpected comma, expected type
failed to build, error: exit status 1
services/lesson_service.go has changed
building...
# backend/services
services/lesson_service.go:107:52: syntax error: unexpected comma, expected type
failed to build, error: exit status 1
services/lesson_service.go has changed
building...
# backend/services
services/lesson_service.go:107:48: syntax error: unexpected ], expected type
failed to build, error: exit status 1
services/lesson_service.go has changed
building...
# backend/services
services/lesson_service.go:107:48: syntax error: unexpected ], expected type
failed to build, error: exit status 1
services/lesson_service.go has changed
building...
# backend/services
services/lesson_service.go:107:48: syntax error: unexpected ], expected type
failed to build, error: exit status 1
services/lesson_service.go has changed
building...
# backend/services
services/lesson_service.go:107:48: syntax error: unexpected ], expected type
failed to build, error: exit status 1
services/lesson_service.go has changed
building...
# backend/services
services/lesson_service.go:107:48: undefined: ini
services/lesson_service.go:107:53: invalid array length string
failed to build, error: exit status 1
services/lesson_service.go has changed
building...
# backend/services
services/lesson_service.go:117:9: cannot use lessons (variable of type []models.Lesson) as map[int]map[string]string value in return statement
failed to build, error: exit status 1
services/lesson_service.go has changed
building...
# backend/services
services/lesson_service.go:117:9: cannot use lessons (variable of type []models.Lesson) as map[int]map[string]string value in return statement
failed to build, error: exit status 1
services/lesson_service.go has changed
building...
# backend/services
services/lesson_service.go:119:9: cannot use lessons (variable of type []models.Lesson) as map[int]map[string]string value in return statement
failed to build, error: exit status 1
services/lesson_service.go has changed
building...
# backend/services
services/lesson_service.go:123:47: syntax error: unexpected name int in argument list; possibly missing comma or )
failed to build, error: exit status 1
services/lesson_service.go has changed
building...
# backend/services
services/lesson_service.go:123:47: syntax error: unexpected name int in argument list; possibly missing comma or )
failed to build, error: exit status 1
services/lesson_service.go has changed
building...
# backend/services
services/lesson_service.go:119:2: syntax error: unexpected return, expected name or (
services/lesson_service.go:123:47: syntax error: unexpected name int in argument list; possibly missing comma or )
failed to build, error: exit status 1
services/lesson_service.go has changed
building...
# backend/services
services/lesson_service.go:115:25: syntax error: unexpected newline, expected { after for clause
services/lesson_service.go:122:47: syntax error: unexpected name int in argument list; possibly missing comma or )
failed to build, error: exit status 1
services/lesson_service.go has changed
building...
# backend/services
services/lesson_service.go:115:25: syntax error: unexpected newline, expected { after for clause
services/lesson_service.go:122:47: syntax error: unexpected name int in argument list; possibly missing comma or )
failed to build, error: exit status 1
services/lesson_service.go has changed
building...
# backend/services
services/lesson_service.go:115:25: syntax error: unexpected newline, expected { after for clause
services/lesson_service.go:122:47: syntax error: unexpected name int in argument list; possibly missing comma or )
failed to build, error: exit status 1
services/lesson_service.go has changed
building...
# backend/services
services/lesson_service.go:115:25: syntax error: unexpected newline, expected { after for clause
services/lesson_service.go:123:47: syntax error: unexpected name int in argument list; possibly missing comma or )
failed to build, error: exit status 1
services/lesson_service.go has changed
building...
# backend/services
services/lesson_service.go:115:6: declared and not used: i
services/lesson_service.go:122:9: cannot use lessons (variable of type []models.Lesson) as map[int]map[string]string value in return statement
failed to build, error: exit status 1
services/lesson_service.go has changed
building...
# backend/services
services/lesson_service.go:115:6: declared and not used: i
services/lesson_service.go:122:9: cannot use lessons (variable of type []models.Lesson) as map[int]map[string]string value in return statement
failed to build, error: exit status 1
services/lesson_service.go has changed
building...
# backend/services
services/lesson_service.go:117:2: syntax error: unexpected for, expected name
services/lesson_service.go:124:2: syntax error: non-declaration statement outside function body
failed to build, error: exit status 1
services/lesson_service.go has changed
building...
# backend/services
services/lesson_service.go:115:8: syntax error: unexpected newline, expected type
failed to build, error: exit status 1
services/lesson_service.go has changed
building...
# backend/services
services/lesson_service.go:115:6: declared and not used: lessonMap
services/lesson_service.go:117:6: declared and not used: i
services/lesson_service.go:124:9: cannot use lessons (variable of type []models.Lesson) as map[int]map[string]string value in return statement
failed to build, error: exit status 1
services/lesson_service.go has changed
building...
# backend/services
services/lesson_service.go:117:6: declared and not used: i
services/lesson_service.go:124:9: cannot use lessons (variable of type []models.Lesson) as map[int]map[string]string value in return statement
failed to build, error: exit status 1
services/lesson_service.go has changed
building...
# backend/services
services/lesson_service.go:109:6: declared and not used: lessonMap
services/lesson_service.go:119:6: declared and not used: i
services/lesson_service.go:126:9: cannot use lessons (variable of type []models.Lesson) as map[int]map[string]string value in return statement
failed to build, error: exit status 1
services/lesson_service.go has changed
building...
# backend/services
services/lesson_service.go:119:6: declared and not used: i
failed to build, error: exit status 1
services/lesson_service.go has changed
building...
# backend/services
services/lesson_service.go:119:6: declared and not used: i
failed to build, error: exit status 1
services/lesson_service.go has changed
building...
# backend/services
services/lesson_service.go:130:47: syntax error: unexpected name int in argument list; possibly missing comma or )
failed to build, error: exit status 1
services/lesson_service.go has changed
building...
# backend/services
services/lesson_service.go:121:29: lessons[i].Name undefined (type models.Lesson has no field or method Name)
failed to build, error: exit status 1
services/lesson_service.go has changed
building...
# backend/services
services/lesson_service.go:123:29: lessons[i].Name undefined (type models.Lesson has no field or method Name)
failed to build, error: exit status 1
services/lesson_service.go has changed
building...
running...
2026/08/12 14:07:00 &{localhost 8080 dev} &{user user1 3306 lesson db} &{redis 6379  0}
2026/08/12 14:07:00 init redis
2026/08/12 14:07:00 sql Open success
[GIN-debug] [WARNING] Running in "debug" mode. Switch to "release" mode in production.
 - using env:	export GIN_MODE=release
 - using code:	gin.SetMode(gin.ReleaseMode)

[GIN-debug] POST   /api/v1/teacher/login     --> backend/handler.(*AuthHandler).TeacherLogin-fm (2 handlers)
[GIN-debug] POST   /api/v1/student/login     --> backend/handler.(*AuthHandler).StudentLogin-fm (2 handlers)
[GIN-debug] POST   /api/v1/Logout            --> backend/handler.(*AuthHandler).Logout-fm (2 handlers)
[GIN-debug] POST   /api/v1/teacher/create    --> backend/handler.(*TeacherHandler).Create-fm (2 handlers)
[GIN-debug] POST   /api/v1/student/create    --> backend/handler.(*StudentHandler).Create-fm (2 handlers)
[GIN-debug] GET    /api/v1/students/         --> backend/handler.(*StudentHandler).List-fm (3 handlers)
[GIN-debug] GET    /api/v1/students/:id      --> backend/handler.(*StudentHandler).GetByID-fm (3 handlers)
[GIN-debug] PUT    /api/v1/students/:id      --> backend/handler.(*StudentHandler).Update-fm (3 handlers)
[GIN-debug] DELETE /api/v1/students/:id      --> backend/handler.(*StudentHandler).Delete-fm (3 handlers)
[GIN-debug] GET    /api/v1/students/lessonList --> backend/handler.(*StudentHandler).GetLessonList-fm (3 handlers)
[GIN-debug] POST   /api/v1/students/joinLesson --> backend/handler.(*StudentHandler).JoinLesson-fm (3 handlers)
[GIN-debug] POST   /api/v1/lessons/          --> backend/handler.(*LessonHandler).Create-fm (3 handlers)
[GIN-debug] GET    /api/v1/lessons/          --> backend/handler.(*LessonHandler).List-fm (3 handlers)
[GIN-debug] GET    /api/v1/lessons/:id       --> backend/handler.(*LessonHandler).GetByID-fm (3 handlers)
[GIN-debug] PUT    /api/v1/lessons/:id       --> backend/handler.(*LessonHandler).Update-fm (3 handlers)
[GIN-debug] DELETE /api/v1/lessons/:id       --> backend/handler.(*LessonHandler).Delete-fm (3 handlers)
[GIN-debug] GET    /api/v1/teachers/         --> backend/handler.(*TeacherHandler).List-fm (3 handlers)
[GIN-debug] GET    /api/v1/teachers/:id      --> backend/handler.(*TeacherHandler).GetByID-fm (3 handlers)
[GIN-debug] PUT    /api/v1/teachers/:id      --> backend/handler.(*TeacherHandler).Update-fm (3 handlers)
[GIN-debug] DELETE /api/v1/teachers/:id      --> backend/handler.(*TeacherHandler).Delete-fm (3 handlers)
[GIN-debug] GET    /api/v1/teachers/:id/lessonList --> backend/handler.(*TeacherHandler).GetLessonByID-fm (3 handlers)
[GIN-debug] [WARNING] You trusted all proxies, this is NOT safe. We recommend you to set a value.
Please check https://pkg.go.dev/github.com/gin-gonic/gin#readme-don-t-trust-all-proxies for details.
[GIN-debug] Listening and serving HTTP on :8080
services/lesson_service.go has changed
building...
# backend/services
services/lesson_service.go:126:8: syntax error: unexpected newline in composite literal; possibly missing comma or }
failed to build, error: exit status 1
services/lesson_service.go has changed
building...
running...
2026/08/12 14:07:12 &{localhost 8080 dev} &{user user1 3306 lesson db} &{redis 6379  0}
2026/08/12 14:07:12 init redis
2026/08/12 14:07:12 sql Open success
[GIN-debug] [WARNING] Running in "debug" mode. Switch to "release" mode in production.
 - using env:	export GIN_MODE=release
 - using code:	gin.SetMode(gin.ReleaseMode)

[GIN-debug] POST   /api/v1/teacher/login     --> backend/handler.(*AuthHandler).TeacherLogin-fm (2 handlers)
[GIN-debug] POST   /api/v1/student/login     --> backend/handler.(*AuthHandler).StudentLogin-fm (2 handlers)
[GIN-debug] POST   /api/v1/Logout            --> backend/handler.(*AuthHandler).Logout-fm (2 handlers)
[GIN-debug] POST   /api/v1/teacher/create    --> backend/handler.(*TeacherHandler).Create-fm (2 handlers)
[GIN-debug] POST   /api/v1/student/create    --> backend/handler.(*StudentHandler).Create-fm (2 handlers)
[GIN-debug] GET    /api/v1/students/         --> backend/handler.(*StudentHandler).List-fm (3 handlers)
[GIN-debug] GET    /api/v1/students/:id      --> backend/handler.(*StudentHandler).GetByID-fm (3 handlers)
[GIN-debug] PUT    /api/v1/students/:id      --> backend/handler.(*StudentHandler).Update-fm (3 handlers)
[GIN-debug] DELETE /api/v1/students/:id      --> backend/handler.(*StudentHandler).Delete-fm (3 handlers)
[GIN-debug] GET    /api/v1/students/lessonList --> backend/handler.(*StudentHandler).GetLessonList-fm (3 handlers)
[GIN-debug] POST   /api/v1/students/joinLesson --> backend/handler.(*StudentHandler).JoinLesson-fm (3 handlers)
[GIN-debug] POST   /api/v1/lessons/          --> backend/handler.(*LessonHandler).Create-fm (3 handlers)
[GIN-debug] GET    /api/v1/lessons/          --> backend/handler.(*LessonHandler).List-fm (3 handlers)
[GIN-debug] GET    /api/v1/lessons/:id       --> backend/handler.(*LessonHandler).GetByID-fm (3 handlers)
[GIN-debug] PUT    /api/v1/lessons/:id       --> backend/handler.(*LessonHandler).Update-fm (3 handlers)
[GIN-debug] DELETE /api/v1/lessons/:id       --> backend/handler.(*LessonHandler).Delete-fm (3 handlers)
[GIN-debug] GET    /api/v1/teachers/         --> backend/handler.(*TeacherHandler).List-fm (3 handlers)
[GIN-debug] GET    /api/v1/teachers/:id      --> backend/handler.(*TeacherHandler).GetByID-fm (3 handlers)
[GIN-debug] PUT    /api/v1/teachers/:id      --> backend/handler.(*TeacherHandler).Update-fm (3 handlers)
[GIN-debug] DELETE /api/v1/teachers/:id      --> backend/handler.(*TeacherHandler).Delete-fm (3 handlers)
[GIN-debug] GET    /api/v1/teachers/:id/lessonList --> backend/handler.(*TeacherHandler).GetLessonByID-fm (3 handlers)
[GIN-debug] [WARNING] You trusted all proxies, this is NOT safe. We recommend you to set a value.
Please check https://pkg.go.dev/github.com/gin-gonic/gin#readme-don-t-trust-all-proxies for details.
[GIN-debug] Listening and serving HTTP on :8080
router/router.go has changed
building...
running...
2026/08/12 14:07:34 &{localhost 8080 dev} &{user user1 3306 lesson db} &{redis 6379  0}
2026/08/12 14:07:34 init redis
2026/08/12 14:07:34 sql Open success
[GIN-debug] POST   /api/v1/teacher/login     --> backend/handler.(*AuthHandler).TeacherLogin-fm (2 handlers)
[GIN-debug] POST   /api/v1/student/login     --> backend/handler.(*AuthHandler).StudentLogin-fm (2 handlers)
[GIN-debug] POST   /api/v1/Logout            --> backend/handler.(*AuthHandler).Logout-fm (2 handlers)
[GIN-debug] POST   /api/v1/teacher/create    --> backend/handler.(*TeacherHandler).Create-fm (2 handlers)
[GIN-debug] POST   /api/v1/student/create    --> backend/handler.(*StudentHandler).Create-fm (2 handlers)
[GIN-debug] GET    /api/v1/students/         --> backend/handler.(*StudentHandler).List-fm (3 handlers)
[GIN-debug] GET    /api/v1/students/:id      --> backend/handler.(*StudentHandler).GetByID-fm (3 handlers)
[GIN-debug] PUT    /api/v1/students/:id      --> backend/handler.(*StudentHandler).Update-fm (3 handlers)
[GIN-debug] DELETE /api/v1/students/:id      --> backend/handler.(*StudentHandler).Delete-fm (3 handlers)
[GIN-debug] GET    /api/v1/students/lessonList --> backend/handler.(*StudentHandler).GetLessonList-fm (3 handlers)
[GIN-debug] POST   /api/v1/students/joinLesson --> backend/handler.(*StudentHandler).JoinLesson-fm (3 handlers)
[GIN-debug] POST   /api/v1/lessons/          --> backend/handler.(*LessonHandler).Create-fm (3 handlers)
[GIN-debug] GET    /api/v1/lessons/          --> backend/handler.(*LessonHandler).List-fm (3 handlers)
[GIN-debug] GET    /api/v1/lessons/:id       --> backend/handler.(*LessonHandler).GetByID-fm (3 handlers)
[GIN-debug] PUT    /api/v1/lessons/:id       --> backend/handler.(*LessonHandler).Update-fm (3 handlers)
[GIN-debug] DELETE /api/v1/lessons/:id       --> backend/handler.(*LessonHandler).Delete-fm (3 handlers)
[GIN-debug] GET    /api/v1/teachers/         --> backend/handler.(*TeacherHandler).List-fm (3 handlers)
[GIN-debug] GET    /api/v1/teachers/:id      --> backend/handler.(*TeacherHandler).GetByID-fm (3 handlers)
[GIN-debug] PUT    /api/v1/teachers/:id      --> backend/handler.(*TeacherHandler).Update-fm (3 handlers)
[GIN-debug] DELETE /api/v1/teachers/:id      --> backend/handler.(*TeacherHandler).Delete-fm (3 handlers)
[GIN-debug] [WARNING] Running in "debug" mode. Switch to "release" mode in production.
 - using env:	export GIN_MODE=release
 - using code:	gin.SetMode(gin.ReleaseMode)

[GIN-debug] GET    /api/v1/teachers/:id/lessonList --> backend/handler.(*TeacherHandler).GetLessonByID-fm (3 handlers)
[GIN-debug] [WARNING] You trusted all proxies, this is NOT safe. We recommend you to set a value.
Please check https://pkg.go.dev/github.com/gin-gonic/gin#readme-don-t-trust-all-proxies for details.
[GIN-debug] Listening and serving HTTP on :8080
router/router.go has changed
building...
running...
2026/08/12 14:07:36 &{localhost 8080 dev} &{user user1 3306 lesson db} &{redis 6379  0}
2026/08/12 14:07:36 init redis
2026/08/12 14:07:36 sql Open success
[GIN-debug] [WARNING] Running in "debug" mode. Switch to "release" mode in production.
 - using env:	export GIN_MODE=release
 - using code:	gin.SetMode(gin.ReleaseMode)

[GIN-debug] POST   /api/v1/teacher/login     --> backend/handler.(*AuthHandler).TeacherLogin-fm (2 handlers)
[GIN-debug] POST   /api/v1/student/login     --> backend/handler.(*AuthHandler).StudentLogin-fm (2 handlers)
[GIN-debug] POST   /api/v1/Logout            --> backend/handler.(*AuthHandler).Logout-fm (2 handlers)
[GIN-debug] POST   /api/v1/teacher/create    --> backend/handler.(*TeacherHandler).Create-fm (2 handlers)
[GIN-debug] POST   /api/v1/student/create    --> backend/handler.(*StudentHandler).Create-fm (2 handlers)
[GIN-debug] GET    /api/v1/students/         --> backend/handler.(*StudentHandler).List-fm (3 handlers)
[GIN-debug] GET    /api/v1/students/:id      --> backend/handler.(*StudentHandler).GetByID-fm (3 handlers)
[GIN-debug] PUT    /api/v1/students/:id      --> backend/handler.(*StudentHandler).Update-fm (3 handlers)
[GIN-debug] DELETE /api/v1/students/:id      --> backend/handler.(*StudentHandler).Delete-fm (3 handlers)
[GIN-debug] GET    /api/v1/students/:id/lessonList --> backend/handler.(*StudentHandler).GetLessonList-fm (3 handlers)
[GIN-debug] POST   /api/v1/students/joinLesson --> backend/handler.(*StudentHandler).JoinLesson-fm (3 handlers)
[GIN-debug] POST   /api/v1/lessons/          --> backend/handler.(*LessonHandler).Create-fm (3 handlers)
[GIN-debug] GET    /api/v1/lessons/          --> backend/handler.(*LessonHandler).List-fm (3 handlers)
[GIN-debug] GET    /api/v1/lessons/:id       --> backend/handler.(*LessonHandler).GetByID-fm (3 handlers)
[GIN-debug] PUT    /api/v1/lessons/:id       --> backend/handler.(*LessonHandler).Update-fm (3 handlers)
[GIN-debug] DELETE /api/v1/lessons/:id       --> backend/handler.(*LessonHandler).Delete-fm (3 handlers)
[GIN-debug] GET    /api/v1/teachers/         --> backend/handler.(*TeacherHandler).List-fm (3 handlers)
[GIN-debug] GET    /api/v1/teachers/:id      --> backend/handler.(*TeacherHandler).GetByID-fm (3 handlers)
[GIN-debug] PUT    /api/v1/teachers/:id      --> backend/handler.(*TeacherHandler).Update-fm (3 handlers)
[GIN-debug] DELETE /api/v1/teachers/:id      --> backend/handler.(*TeacherHandler).Delete-fm (3 handlers)
[GIN-debug] GET    /api/v1/teachers/:id/lessonList --> backend/handler.(*TeacherHandler).GetLessonByID-fm (3 handlers)
[GIN-debug] [WARNING] You trusted all proxies, this is NOT safe. We recommend you to set a value.
Please check https://pkg.go.dev/github.com/gin-gonic/gin#readme-don-t-trust-all-proxies for details.
[GIN-debug] Listening and serving HTTP on :8080
services/lesson_service.go has changed
building...
# backend/handler
handler/student_handler.go:101:21: not enough arguments in call to h.lessonService.GetOpenLessons
	have ()
	want (int)
failed to build, error: exit status 1
handler/student_handler.go has changed
building...
# backend/handler
handler/student_handler.go:101:21: not enough arguments in call to h.lessonService.GetOpenLessons
	have ()
	want (int)
failed to build, error: exit status 1
handler/student_handler.go has changed
building...
# backend/handler
handler/student_handler.go:100:2: undefined: stud
handler/student_handler.go:101:21: not enough arguments in call to h.lessonService.GetOpenLessons
	have ()
	want (int)
failed to build, error: exit status 1
handler/student_handler.go has changed
building...
# backend/handler
handler/student_handler.go:100:2: declared and not used: studentID
handler/student_handler.go:101:21: not enough arguments in call to h.lessonService.GetOpenLessons
	have ()
	want (int)
failed to build, error: exit status 1
handler/student_handler.go has changed
building...
# backend/handler
handler/student_handler.go:100:47: syntax error: unexpected literal `` at end of statement
failed to build, error: exit status 1
handler/student_handler.go has changed
building...
# backend/handler
handler/student_handler.go:100:2: declared and not used: studentID
handler/student_handler.go:105:21: not enough arguments in call to h.lessonService.GetOpenLessons
	have ()
	want (int)
failed to build, error: exit status 1
handler/student_handler.go has changed
building...
running...
2026/08/12 14:08:14 &{localhost 8080 dev} &{user user1 3306 lesson db} &{redis 6379  0}
2026/08/12 14:08:14 init redis
2026/08/12 14:08:14 sql Open success
[GIN-debug] [WARNING] Running in "debug" mode. Switch to "release" mode in production.
 - using env:	export GIN_MODE=release
 - using code:	gin.SetMode(gin.ReleaseMode)

[GIN-debug] POST   /api/v1/teacher/login     --> backend/handler.(*AuthHandler).TeacherLogin-fm (2 handlers)
[GIN-debug] POST   /api/v1/student/login     --> backend/handler.(*AuthHandler).StudentLogin-fm (2 handlers)
[GIN-debug] POST   /api/v1/Logout            --> backend/handler.(*AuthHandler).Logout-fm (2 handlers)
[GIN-debug] POST   /api/v1/teacher/create    --> backend/handler.(*TeacherHandler).Create-fm (2 handlers)
[GIN-debug] POST   /api/v1/student/create    --> backend/handler.(*StudentHandler).Create-fm (2 handlers)
[GIN-debug] GET    /api/v1/students/         --> backend/handler.(*StudentHandler).List-fm (3 handlers)
[GIN-debug] GET    /api/v1/students/:id      --> backend/handler.(*StudentHandler).GetByID-fm (3 handlers)
[GIN-debug] PUT    /api/v1/students/:id      --> backend/handler.(*StudentHandler).Update-fm (3 handlers)
[GIN-debug] DELETE /api/v1/students/:id      --> backend/handler.(*StudentHandler).Delete-fm (3 handlers)
[GIN-debug] GET    /api/v1/students/:id/lessonList --> backend/handler.(*StudentHandler).GetLessonList-fm (3 handlers)
[GIN-debug] POST   /api/v1/students/joinLesson --> backend/handler.(*StudentHandler).JoinLesson-fm (3 handlers)
[GIN-debug] POST   /api/v1/lessons/          --> backend/handler.(*LessonHandler).Create-fm (3 handlers)
[GIN-debug] GET    /api/v1/lessons/          --> backend/handler.(*LessonHandler).List-fm (3 handlers)
[GIN-debug] GET    /api/v1/lessons/:id       --> backend/handler.(*LessonHandler).GetByID-fm (3 handlers)
[GIN-debug] PUT    /api/v1/lessons/:id       --> backend/handler.(*LessonHandler).Update-fm (3 handlers)
[GIN-debug] DELETE /api/v1/lessons/:id       --> backend/handler.(*LessonHandler).Delete-fm (3 handlers)
[GIN-debug] GET    /api/v1/teachers/         --> backend/handler.(*TeacherHandler).List-fm (3 handlers)
[GIN-debug] GET    /api/v1/teachers/:id      --> backend/handler.(*TeacherHandler).GetByID-fm (3 handlers)
[GIN-debug] PUT    /api/v1/teachers/:id      --> backend/handler.(*TeacherHandler).Update-fm (3 handlers)
[GIN-debug] DELETE /api/v1/teachers/:id      --> backend/handler.(*TeacherHandler).Delete-fm (3 handlers)
[GIN-debug] GET    /api/v1/teachers/:id/lessonList --> backend/handler.(*TeacherHandler).GetLessonByID-fm (3 handlers)
[GIN-debug] [WARNING] You trusted all proxies, this is NOT safe. We recommend you to set a value.
Please check https://pkg.go.dev/github.com/gin-gonic/gin#readme-don-t-trust-all-proxies for details.
[GIN-debug] Listening and serving HTTP on :8080
handler/student_handler.go has changed
building...
running...
2026/08/12 14:08:17 &{localhost 8080 dev} &{user user1 3306 lesson db} &{redis 6379  0}
2026/08/12 14:08:17 init redis
2026/08/12 14:08:17 sql Open success
[GIN-debug] [WARNING] Running in "debug" mode. Switch to "release" mode in production.
 - using env:	export GIN_MODE=release
 - using code:	gin.SetMode(gin.ReleaseMode)

[GIN-debug] POST   /api/v1/teacher/login     --> backend/handler.(*AuthHandler).TeacherLogin-fm (2 handlers)
[GIN-debug] POST   /api/v1/student/login     --> backend/handler.(*AuthHandler).StudentLogin-fm (2 handlers)
[GIN-debug] POST   /api/v1/Logout            --> backend/handler.(*AuthHandler).Logout-fm (2 handlers)
[GIN-debug] POST   /api/v1/teacher/create    --> backend/handler.(*TeacherHandler).Create-fm (2 handlers)
[GIN-debug] POST   /api/v1/student/create    --> backend/handler.(*StudentHandler).Create-fm (2 handlers)
[GIN-debug] GET    /api/v1/students/         --> backend/handler.(*StudentHandler).List-fm (3 handlers)
[GIN-debug] GET    /api/v1/students/:id      --> backend/handler.(*StudentHandler).GetByID-fm (3 handlers)
[GIN-debug] PUT    /api/v1/students/:id      --> backend/handler.(*StudentHandler).Update-fm (3 handlers)
[GIN-debug] DELETE /api/v1/students/:id      --> backend/handler.(*StudentHandler).Delete-fm (3 handlers)
[GIN-debug] GET    /api/v1/students/:id/lessonList --> backend/handler.(*StudentHandler).GetLessonList-fm (3 handlers)
[GIN-debug] POST   /api/v1/students/joinLesson --> backend/handler.(*StudentHandler).JoinLesson-fm (3 handlers)
[GIN-debug] POST   /api/v1/lessons/          --> backend/handler.(*LessonHandler).Create-fm (3 handlers)
[GIN-debug] GET    /api/v1/lessons/          --> backend/handler.(*LessonHandler).List-fm (3 handlers)
[GIN-debug] GET    /api/v1/lessons/:id       --> backend/handler.(*LessonHandler).GetByID-fm (3 handlers)
[GIN-debug] PUT    /api/v1/lessons/:id       --> backend/handler.(*LessonHandler).Update-fm (3 handlers)
[GIN-debug] DELETE /api/v1/lessons/:id       --> backend/handler.(*LessonHandler).Delete-fm (3 handlers)
[GIN-debug] GET    /api/v1/teachers/         --> backend/handler.(*TeacherHandler).List-fm (3 handlers)
[GIN-debug] GET    /api/v1/teachers/:id      --> backend/handler.(*TeacherHandler).GetByID-fm (3 handlers)
[GIN-debug] PUT    /api/v1/teachers/:id      --> backend/handler.(*TeacherHandler).Update-fm (3 handlers)
[GIN-debug] DELETE /api/v1/teachers/:id      --> backend/handler.(*TeacherHandler).Delete-fm (3 handlers)
[GIN-debug] GET    /api/v1/teachers/:id/lessonList --> backend/handler.(*TeacherHandler).GetLessonByID-fm (3 handlers)
[GIN-debug] [WARNING] You trusted all proxies, this is NOT safe. We recommend you to set a value.
Please check https://pkg.go.dev/github.com/gin-gonic/gin#readme-don-t-trust-all-proxies for details.
[GIN-debug] Listening and serving HTTP on :8080
handler/student_handler.go has changed
building...
running...
2026/08/12 14:08:19 &{localhost 8080 dev} &{user user1 3306 lesson db} &{redis 6379  0}
2026/08/12 14:08:19 init redis
2026/08/12 14:08:19 sql Open success
[GIN-debug] [WARNING] Running in "debug" mode. Switch to "release" mode in production.
 - using env:	export GIN_MODE=release
 - using code:	gin.SetMode(gin.ReleaseMode)

[GIN-debug] POST   /api/v1/teacher/login     --> backend/handler.(*AuthHandler).TeacherLogin-fm (2 handlers)
[GIN-debug] POST   /api/v1/student/login     --> backend/handler.(*AuthHandler).StudentLogin-fm (2 handlers)
[GIN-debug] POST   /api/v1/Logout            --> backend/handler.(*AuthHandler).Logout-fm (2 handlers)
[GIN-debug] POST   /api/v1/teacher/create    --> backend/handler.(*TeacherHandler).Create-fm (2 handlers)
[GIN-debug] POST   /api/v1/student/create    --> backend/handler.(*StudentHandler).Create-fm (2 handlers)
[GIN-debug] GET    /api/v1/students/         --> backend/handler.(*StudentHandler).List-fm (3 handlers)
[GIN-debug] GET    /api/v1/students/:id      --> backend/handler.(*StudentHandler).GetByID-fm (3 handlers)
[GIN-debug] PUT    /api/v1/students/:id      --> backend/handler.(*StudentHandler).Update-fm (3 handlers)
[GIN-debug] DELETE /api/v1/students/:id      --> backend/handler.(*StudentHandler).Delete-fm (3 handlers)
[GIN-debug] GET    /api/v1/students/:id/lessonList --> backend/handler.(*StudentHandler).GetLessonList-fm (3 handlers)
[GIN-debug] POST   /api/v1/students/joinLesson --> backend/handler.(*StudentHandler).JoinLesson-fm (3 handlers)
[GIN-debug] POST   /api/v1/lessons/          --> backend/handler.(*LessonHandler).Create-fm (3 handlers)
[GIN-debug] GET    /api/v1/lessons/          --> backend/handler.(*LessonHandler).List-fm (3 handlers)
[GIN-debug] GET    /api/v1/lessons/:id       --> backend/handler.(*LessonHandler).GetByID-fm (3 handlers)
[GIN-debug] PUT    /api/v1/lessons/:id       --> backend/handler.(*LessonHandler).Update-fm (3 handlers)
[GIN-debug] DELETE /api/v1/lessons/:id       --> backend/handler.(*LessonHandler).Delete-fm (3 handlers)
[GIN-debug] GET    /api/v1/teachers/         --> backend/handler.(*TeacherHandler).List-fm (3 handlers)
[GIN-debug] GET    /api/v1/teachers/:id      --> backend/handler.(*TeacherHandler).GetByID-fm (3 handlers)
[GIN-debug] PUT    /api/v1/teachers/:id      --> backend/handler.(*TeacherHandler).Update-fm (3 handlers)
[GIN-debug] DELETE /api/v1/teachers/:id      --> backend/handler.(*TeacherHandler).Delete-fm (3 handlers)
[GIN-debug] GET    /api/v1/teachers/:id/lessonList --> backend/handler.(*TeacherHandler).GetLessonByID-fm (3 handlers)
[GIN-debug] [WARNING] You trusted all proxies, this is NOT safe. We recommend you to set a value.
Please check https://pkg.go.dev/github.com/gin-gonic/gin#readme-don-t-trust-all-proxies for details.
[GIN-debug] Listening and serving HTTP on :8080
handler/student_handler.go has changed
building...
running...
2026/08/12 14:08:21 &{localhost 8080 dev} &{user user1 3306 lesson db} &{redis 6379  0}
2026/08/12 14:08:21 init redis
2026/08/12 14:08:21 sql Open success
[GIN-debug] [WARNING] Running in "debug" mode. Switch to "release" mode in production.
 - using env:	export GIN_MODE=release
 - using code:	gin.SetMode(gin.ReleaseMode)

[GIN-debug] POST   /api/v1/teacher/login     --> backend/handler.(*AuthHandler).TeacherLogin-fm (2 handlers)
[GIN-debug] POST   /api/v1/student/login     --> backend/handler.(*AuthHandler).StudentLogin-fm (2 handlers)
[GIN-debug] POST   /api/v1/Logout            --> backend/handler.(*AuthHandler).Logout-fm (2 handlers)
[GIN-debug] POST   /api/v1/teacher/create    --> backend/handler.(*TeacherHandler).Create-fm (2 handlers)
[GIN-debug] POST   /api/v1/student/create    --> backend/handler.(*StudentHandler).Create-fm (2 handlers)
[GIN-debug] GET    /api/v1/students/         --> backend/handler.(*StudentHandler).List-fm (3 handlers)
[GIN-debug] GET    /api/v1/students/:id      --> backend/handler.(*StudentHandler).GetByID-fm (3 handlers)
[GIN-debug] PUT    /api/v1/students/:id      --> backend/handler.(*StudentHandler).Update-fm (3 handlers)
[GIN-debug] DELETE /api/v1/students/:id      --> backend/handler.(*StudentHandler).Delete-fm (3 handlers)
[GIN-debug] GET    /api/v1/students/:id/lessonList --> backend/handler.(*StudentHandler).GetLessonList-fm (3 handlers)
[GIN-debug] POST   /api/v1/students/joinLesson --> backend/handler.(*StudentHandler).JoinLesson-fm (3 handlers)
[GIN-debug] POST   /api/v1/lessons/          --> backend/handler.(*LessonHandler).Create-fm (3 handlers)
[GIN-debug] GET    /api/v1/lessons/          --> backend/handler.(*LessonHandler).List-fm (3 handlers)
[GIN-debug] GET    /api/v1/lessons/:id       --> backend/handler.(*LessonHandler).GetByID-fm (3 handlers)
[GIN-debug] PUT    /api/v1/lessons/:id       --> backend/handler.(*LessonHandler).Update-fm (3 handlers)
[GIN-debug] DELETE /api/v1/lessons/:id       --> backend/handler.(*LessonHandler).Delete-fm (3 handlers)
[GIN-debug] GET    /api/v1/teachers/         --> backend/handler.(*TeacherHandler).List-fm (3 handlers)
[GIN-debug] GET    /api/v1/teachers/:id      --> backend/handler.(*TeacherHandler).GetByID-fm (3 handlers)
[GIN-debug] PUT    /api/v1/teachers/:id      --> backend/handler.(*TeacherHandler).Update-fm (3 handlers)
[GIN-debug] DELETE /api/v1/teachers/:id      --> backend/handler.(*TeacherHandler).Delete-fm (3 handlers)
[GIN-debug] GET    /api/v1/teachers/:id/lessonList --> backend/handler.(*TeacherHandler).GetLessonByID-fm (3 handlers)
[GIN-debug] [WARNING] You trusted all proxies, this is NOT safe. We recommend you to set a value.
Please check https://pkg.go.dev/github.com/gin-gonic/gin#readme-don-t-trust-all-proxies for details.
[GIN-debug] Listening and serving HTTP on :8080
handler/student_handler.go has changed
building...
running...
2026/08/12 14:08:22 &{localhost 8080 dev} &{user user1 3306 lesson db} &{redis 6379  0}
2026/08/12 14:08:22 init redis
2026/08/12 14:08:22 sql Open success
[GIN-debug] [WARNING] Running in "debug" mode. Switch to "release" mode in production.
 - using env:	export GIN_MODE=release
 - using code:	gin.SetMode(gin.ReleaseMode)

[GIN-debug] POST   /api/v1/teacher/login     --> backend/handler.(*AuthHandler).TeacherLogin-fm (2 handlers)
[GIN-debug] POST   /api/v1/student/login     --> backend/handler.(*AuthHandler).StudentLogin-fm (2 handlers)
[GIN-debug] POST   /api/v1/Logout            --> backend/handler.(*AuthHandler).Logout-fm (2 handlers)
[GIN-debug] POST   /api/v1/teacher/create    --> backend/handler.(*TeacherHandler).Create-fm (2 handlers)
[GIN-debug] POST   /api/v1/student/create    --> backend/handler.(*StudentHandler).Create-fm (2 handlers)
[GIN-debug] GET    /api/v1/students/         --> backend/handler.(*StudentHandler).List-fm (3 handlers)
[GIN-debug] GET    /api/v1/students/:id      --> backend/handler.(*StudentHandler).GetByID-fm (3 handlers)
[GIN-debug] PUT    /api/v1/students/:id      --> backend/handler.(*StudentHandler).Update-fm (3 handlers)
[GIN-debug] DELETE /api/v1/students/:id      --> backend/handler.(*StudentHandler).Delete-fm (3 handlers)
[GIN-debug] GET    /api/v1/students/:id/lessonList --> backend/handler.(*StudentHandler).GetLessonList-fm (3 handlers)[GIN-debug] DELETE /api/v1/teachers/:id      --> backend/handler.(*TeacherHandler).Delete-fm (3 handlers)
[GIN-debug] GET    /api/v1/teachers/:id/lessonList --> backend/handler.(*TeacherHandler).GetLessonByID-fm (3 handlers)
[GIN-debug] [WARNING] You trusted all proxies, this is NOT safe. We recommend you to set a value.
Please check https://pkg.go.dev/github.com/gin-gonic/gin#readme-don-t-trust-all-proxies for details.
[GIN-debug] Listening and serving HTTP on :8080

[GIN-debug] POST   /api/v1/students/joinLesson --> backend/handler.(*StudentHandler).JoinLesson-fm (3 handlers)
[GIN-debug] POST   /api/v1/lessons/          --> backend/handler.(*LessonHandler).Create-fm (3 handlers)
[GIN-debug] GET    /api/v1/lessons/          --> backend/handler.(*LessonHandler).List-fm (3 handlers)
[GIN-debug] GET    /api/v1/lessons/:id       --> backend/handler.(*LessonHandler).GetByID-fm (3 handlers)
[GIN-debug] PUT    /api/v1/lessons/:id       --> backend/handler.(*LessonHandler).Update-fm (3 handlers)
[GIN-debug] DELETE /api/v1/lessons/:id       --> backend/handler.(*LessonHandler).Delete-fm (3 handlers)
[GIN-debug] GET    /api/v1/teachers/         --> backend/handler.(*TeacherHandler).List-fm (3 handlers)
[GIN-debug] GET    /api/v1/teachers/:id      --> backend/handler.(*TeacherHandler).GetByID-fm (3 handlers)
[GIN-debug] PUT    /api/v1/teachers/:id      --> backend/handler.(*TeacherHandler).Update-fm (3 handlers)
2026/08/12 14:08:47 Checking session in Redis with key: lesson_session:ec9b3c0b28066614cddc4e6724870f91
2026/08/12 14:08:51 Checking session in Redis with key: lesson_session:ec9b3c0b28066614cddc4e6724870f91
services/lesson_service.go has changed
building...
running...
2026/08/12 14:13:29 &{localhost 8080 dev} &{user user1 3306 lesson db} &{redis 6379  0}
2026/08/12 14:13:29 init redis
2026/08/12 14:13:29 sql Open success
[GIN-debug] [WARNING] Running in "debug" mode. Switch to "release" mode in production.
 - using env:	export GIN_MODE=release
 - using code:	gin.SetMode(gin.ReleaseMode)

[GIN-debug] POST   /api/v1/teacher/login     --> backend/handler.(*AuthHandler).TeacherLogin-fm (2 handlers)
[GIN-debug] POST   /api/v1/student/login     --> backend/handler.(*AuthHandler).StudentLogin-fm (2 handlers)
[GIN-debug] POST   /api/v1/Logout            --> backend/handler.(*AuthHandler).Logout-fm (2 handlers)
[GIN-debug] POST   /api/v1/teacher/create    --> backend/handler.(*TeacherHandler).Create-fm (2 handlers)
[GIN-debug] POST   /api/v1/student/create    --> backend/handler.(*StudentHandler).Create-fm (2 handlers)
[GIN-debug] GET    /api/v1/students/         --> backend/handler.(*StudentHandler).List-fm (3 handlers)
[GIN-debug] GET    /api/v1/students/:id      --> backend/handler.(*StudentHandler).GetByID-fm (3 handlers)
[GIN-debug] PUT    /api/v1/students/:id      --> backend/handler.(*StudentHandler).Update-fm (3 handlers)
[GIN-debug] DELETE /api/v1/students/:id      --> backend/handler.(*StudentHandler).Delete-fm (3 handlers)
[GIN-debug] GET    /api/v1/students/:id/lessonList --> backend/handler.(*StudentHandler).GetLessonList-fm (3 handlers)
[GIN-debug] POST   /api/v1/students/joinLesson --> backend/handler.(*StudentHandler).JoinLesson-fm (3 handlers)
[GIN-debug] POST   /api/v1/lessons/          --> backend/handler.(*LessonHandler).Create-fm (3 handlers)
[GIN-debug] GET    /api/v1/lessons/          --> backend/handler.(*LessonHandler).List-fm (3 handlers)
[GIN-debug] GET    /api/v1/lessons/:id       --> backend/handler.(*LessonHandler).GetByID-fm (3 handlers)
[GIN-debug] PUT    /api/v1/lessons/:id       --> backend/handler.(*LessonHandler).Update-fm (3 handlers)
[GIN-debug] DELETE /api/v1/lessons/:id       --> backend/handler.(*LessonHandler).Delete-fm (3 handlers)
[GIN-debug] GET    /api/v1/teachers/         --> backend/handler.(*TeacherHandler).List-fm (3 handlers)
[GIN-debug] GET    /api/v1/teachers/:id      --> backend/handler.(*TeacherHandler).GetByID-fm (3 handlers)
[GIN-debug] PUT    /api/v1/teachers/:id      --> backend/handler.(*TeacherHandler).Update-fm (3 handlers)
[GIN-debug] DELETE /api/v1/teachers/:id      --> backend/handler.(*TeacherHandler).Delete-fm (3 handlers)
[GIN-debug] GET    /api/v1/teachers/:id/lessonList --> backend/handler.(*TeacherHandler).GetLessonByID-fm (3 handlers)
[GIN-debug] [WARNING] You trusted all proxies, this is NOT safe. We recommend you to set a value.
Please check https://pkg.go.dev/github.com/gin-gonic/gin#readme-don-t-trust-all-proxies for details.
[GIN-debug] Listening and serving HTTP on :8080
services/lesson_service.go has changed
building...
running...
2026/08/12 14:13:54 &{localhost 8080 dev} &{user user1 3306 lesson db} &{redis 6379  0}
2026/08/12 14:13:54 init redis
2026/08/12 14:13:54 sql Open success
[GIN-debug] [WARNING] Running in "debug" mode. Switch to "release" mode in production.
 - using env:	export GIN_MODE=release
 - using code:	gin.SetMode(gin.ReleaseMode)

[GIN-debug] POST   /api/v1/teacher/login     --> backend/handler.(*AuthHandler).TeacherLogin-fm (2 handlers)
[GIN-debug] POST   /api/v1/student/login     --> backend/handler.(*AuthHandler).StudentLogin-fm (2 handlers)
[GIN-debug] POST   /api/v1/Logout            --> backend/handler.(*AuthHandler).Logout-fm (2 handlers)
[GIN-debug] POST   /api/v1/teacher/create    --> backend/handler.(*TeacherHandler).Create-fm (2 handlers)
[GIN-debug] POST   /api/v1/student/create    --> backend/handler.(*StudentHandler).Create-fm (2 handlers)
[GIN-debug] GET    /api/v1/students/         --> backend/handler.(*StudentHandler).List-fm (3 handlers)
[GIN-debug] GET    /api/v1/students/:id      --> backend/handler.(*StudentHandler).GetByID-fm (3 handlers)
[GIN-debug] PUT    /api/v1/students/:id      --> backend/handler.(*StudentHandler).Update-fm (3 handlers)
[GIN-debug] DELETE /api/v1/students/:id      --> backend/handler.(*StudentHandler).Delete-fm (3 handlers)
[GIN-debug] GET    /api/v1/students/:id/lessonList --> backend/handler.(*StudentHandler).GetLessonList-fm (3 handlers)
[GIN-debug] POST   /api/v1/students/joinLesson --> backend/handler.(*StudentHandler).JoinLesson-fm (3 handlers)
[GIN-debug] POST   /api/v1/lessons/          --> backend/handler.(*LessonHandler).Create-fm (3 handlers)
[GIN-debug] GET    /api/v1/lessons/          --> backend/handler.(*LessonHandler).List-fm (3 handlers)
[GIN-debug] GET    /api/v1/lessons/:id       --> backend/handler.(*LessonHandler).GetByID-fm (3 handlers)
[GIN-debug] PUT    /api/v1/lessons/:id       --> backend/handler.(*LessonHandler).Update-fm (3 handlers)
[GIN-debug] DELETE /api/v1/lessons/:id       --> backend/handler.(*LessonHandler).Delete-fm (3 handlers)
[GIN-debug] GET    /api/v1/teachers/         --> backend/handler.(*TeacherHandler).List-fm (3 handlers)
[GIN-debug] GET    /api/v1/teachers/:id      --> backend/handler.(*TeacherHandler).GetByID-fm (3 handlers)
[GIN-debug] PUT    /api/v1/teachers/:id      --> backend/handler.(*TeacherHandler).Update-fm (3 handlers)
[GIN-debug] DELETE /api/v1/teachers/:id      --> backend/handler.(*TeacherHandler).Delete-fm (3 handlers)
[GIN-debug] GET    /api/v1/teachers/:id/lessonList --> backend/handler.(*TeacherHandler).GetLessonByID-fm (3 handlers)
[GIN-debug] [WARNING] You trusted all proxies, this is NOT safe. We recommend you to set a value.
Please check https://pkg.go.dev/github.com/gin-gonic/gin#readme-don-t-trust-all-proxies for details.
[GIN-debug] Listening and serving HTTP on :8080
services/lesson_service.go has changed
building...
# backend/services
services/lesson_service.go:171:26: method StudentService.JoinLesson already declared at services/lesson_service.go:143:26
failed to build, error: exit status 1
services/lesson_service.go has changed
building...
running...
2026/08/12 14:19:07 &{localhost 8080 dev} &{user user1 3306 lesson db} &{redis 6379  0}
2026/08/12 14:19:07 init redis
2026/08/12 14:19:07 sql Open success
[GIN-debug] [WARNING] Running in "debug" mode. Switch to "release" mode in production.
 - using env:	export GIN_MODE=release
 - using code:	gin.SetMode(gin.ReleaseMode)

[GIN-debug] POST   /api/v1/teacher/login     --> backend/handler.(*AuthHandler).TeacherLogin-fm (2 handlers)
[GIN-debug] POST   /api/v1/student/login     --> backend/handler.(*AuthHandler).StudentLogin-fm (2 handlers)
[GIN-debug] POST   /api/v1/Logout            --> backend/handler.(*AuthHandler).Logout-fm (2 handlers)
[GIN-debug] POST   /api/v1/teacher/create    --> backend/handler.(*TeacherHandler).Create-fm (2 handlers)
[GIN-debug] POST   /api/v1/student/create    --> backend/handler.(*StudentHandler).Create-fm (2 handlers)
[GIN-debug] GET    /api/v1/students/         --> backend/handler.(*StudentHandler).List-fm (3 handlers)
[GIN-debug] GET    /api/v1/students/:id      --> backend/handler.(*StudentHandler).GetByID-fm (3 handlers)
[GIN-debug] PUT    /api/v1/students/:id      --> backend/handler.(*StudentHandler).Update-fm (3 handlers)
[GIN-debug] DELETE /api/v1/students/:id      --> backend/handler.(*StudentHandler).Delete-fm (3 handlers)
[GIN-debug] GET    /api/v1/students/:id/lessonList --> backend/handler.(*StudentHandler).GetLessonList-fm (3 handlers)
[GIN-debug] POST   /api/v1/students/joinLesson --> backend/handler.(*StudentHandler).JoinLesson-fm (3 handlers)
[GIN-debug] POST   /api/v1/lessons/          --> backend/handler.(*LessonHandler).Create-fm (3 handlers)
[GIN-debug] GET    /api/v1/lessons/          --> backend/handler.(*LessonHandler).List-fm (3 handlers)
[GIN-debug] GET    /api/v1/lessons/:id       --> backend/handler.(*LessonHandler).GetByID-fm (3 handlers)
[GIN-debug] PUT    /api/v1/lessons/:id       --> backend/handler.(*LessonHandler).Update-fm (3 handlers)
[GIN-debug] DELETE /api/v1/lessons/:id       --> backend/handler.(*LessonHandler).Delete-fm (3 handlers)
[GIN-debug] GET    /api/v1/teachers/         --> backend/handler.(*TeacherHandler).List-fm (3 handlers)
[GIN-debug] GET    /api/v1/teachers/:id      --> backend/handler.(*TeacherHandler).GetByID-fm (3 handlers)
[GIN-debug] PUT    /api/v1/teachers/:id      --> backend/handler.(*TeacherHandler).Update-fm (3 handlers)
[GIN-debug] DELETE /api/v1/teachers/:id      --> backend/handler.(*TeacherHandler).Delete-fm (3 handlers)
[GIN-debug] GET    /api/v1/teachers/:id/lessonList --> backend/handler.(*TeacherHandler).GetLessonByID-fm (3 handlers)
[GIN-debug] [WARNING] You trusted all proxies, this is NOT safe. We recommend you to set a value.
Please check https://pkg.go.dev/github.com/gin-gonic/gin#readme-don-t-trust-all-proxies for details.
[GIN-debug] Listening and serving HTTP on :8080
services/lesson_service.go has changed
building...
running...
2026/08/12 14:19:10 &{localhost 8080 dev} &{user user1 3306 lesson db} &{redis 6379  0}
2026/08/12 14:19:10 init redis
2026/08/12 14:19:10 sql Open success
[GIN-debug] [WARNING] Running in "debug" mode. Switch to "release" mode in production.
 - using env:	export GIN_MODE=release
 - using code:	gin.SetMode(gin.ReleaseMode)

[GIN-debug] POST   /api/v1/teacher/login     --> backend/handler.(*AuthHandler).TeacherLogin-fm (2 handlers)
[GIN-debug] POST   /api/v1/student/login     --> backend/handler.(*AuthHandler).StudentLogin-fm (2 handlers)
[GIN-debug] POST   /api/v1/Logout            --> backend/handler.(*AuthHandler).Logout-fm (2 handlers)
[GIN-debug] POST   /api/v1/teacher/create    --> backend/handler.(*TeacherHandler).Create-fm (2 handlers)
[GIN-debug] POST   /api/v1/student/create    --> backend/handler.(*StudentHandler).Create-fm (2 handlers)
[GIN-debug] GET    /api/v1/students/         --> backend/handler.(*StudentHandler).List-fm (3 handlers)
[GIN-debug] GET    /api/v1/students/:id      --> backend/handler.(*StudentHandler).GetByID-fm (3 handlers)
[GIN-debug] PUT    /api/v1/students/:id      --> backend/handler.(*StudentHandler).Update-fm (3 handlers)
[GIN-debug] DELETE /api/v1/students/:id      --> backend/handler.(*StudentHandler).Delete-fm (3 handlers)
[GIN-debug] GET    /api/v1/students/:id/lessonList --> backend/handler.(*StudentHandler).GetLessonList-fm (3 handlers)
[GIN-debug] POST   /api/v1/students/joinLesson --> backend/handler.(*StudentHandler).JoinLesson-fm (3 handlers)
[GIN-debug] POST   /api/v1/lessons/          --> backend/handler.(*LessonHandler).Create-fm (3 handlers)
[GIN-debug] GET    /api/v1/lessons/          --> backend/handler.(*LessonHandler).List-fm (3 handlers)
[GIN-debug] GET    /api/v1/lessons/:id       --> backend/handler.(*LessonHandler).GetByID-fm (3 handlers)
[GIN-debug] PUT    /api/v1/lessons/:id       --> backend/handler.(*LessonHandler).Update-fm (3 handlers)
[GIN-debug] DELETE /api/v1/lessons/:id       --> backend/handler.(*LessonHandler).Delete-fm (3 handlers)
[GIN-debug] GET    /api/v1/teachers/         --> backend/handler.(*TeacherHandler).List-fm (3 handlers)
[GIN-debug] GET    /api/v1/teachers/:id      --> backend/handler.(*TeacherHandler).GetByID-fm (3 handlers)
[GIN-debug] PUT    /api/v1/teachers/:id      --> backend/handler.(*TeacherHandler).Update-fm (3 handlers)
[GIN-debug] DELETE /api/v1/teachers/:id      --> backend/handler.(*TeacherHandler).Delete-fm (3 handlers)
[GIN-debug] GET    /api/v1/teachers/:id/lessonList --> backend/handler.(*TeacherHandler).GetLessonByID-fm (3 handlers)
[GIN-debug] [WARNING] You trusted all proxies, this is NOT safe. We recommend you to set a value.
Please check https://pkg.go.dev/github.com/gin-gonic/gin#readme-don-t-trust-all-proxies for details.
[GIN-debug] Listening and serving HTTP on :8080
services/lesson_service.go has changed
building...
running...
2026/08/12 14:19:15 &{localhost 8080 dev} &{user user1 3306 lesson db} &{redis 6379  0}
2026/08/12 14:19:15 init redis
2026/08/12 14:19:15 sql Open success
[GIN-debug] [WARNING] Running in "debug" mode. Switch to "release" mode in production.
 - using env:	export GIN_MODE=release
 - using code:	gin.SetMode(gin.ReleaseMode)

[GIN-debug] POST   /api/v1/teacher/login     --> backend/handler.(*AuthHandler).TeacherLogin-fm (2 handlers)
[GIN-debug] POST   /api/v1/student/login     --> backend/handler.(*AuthHandler).StudentLogin-fm (2 handlers)
[GIN-debug] POST   /api/v1/Logout            --> backend/handler.(*AuthHandler).Logout-fm (2 handlers)
[GIN-debug] POST   /api/v1/teacher/create    --> backend/handler.(*TeacherHandler).Create-fm (2 handlers)
[GIN-debug] POST   /api/v1/student/create    --> backend/handler.(*StudentHandler).Create-fm (2 handlers)
[GIN-debug] GET    /api/v1/students/         --> backend/handler.(*StudentHandler).List-fm (3 handlers)
[GIN-debug] GET    /api/v1/students/:id      --> backend/handler.(*StudentHandler).GetByID-fm (3 handlers)
[GIN-debug] PUT    /api/v1/students/:id      --> backend/handler.(*StudentHandler).Update-fm (3 handlers)
[GIN-debug] DELETE /api/v1/students/:id      --> backend/handler.(*StudentHandler).Delete-fm (3 handlers)
[GIN-debug] GET    /api/v1/students/:id/lessonList --> backend/handler.(*StudentHandler).GetLessonList-fm (3 handlers)
[GIN-debug] POST   /api/v1/students/joinLesson --> backend/handler.(*StudentHandler).JoinLesson-fm (3 handlers)
[GIN-debug] POST   /api/v1/lessons/          --> backend/handler.(*LessonHandler).Create-fm (3 handlers)
[GIN-debug] GET    /api/v1/lessons/          --> backend/handler.(*LessonHandler).List-fm (3 handlers)
[GIN-debug] GET    /api/v1/lessons/:id       --> backend/handler.(*LessonHandler).GetByID-fm (3 handlers)
[GIN-debug] PUT    /api/v1/lessons/:id       --> backend/handler.(*LessonHandler).Update-fm (3 handlers)
[GIN-debug] DELETE /api/v1/lessons/:id       --> backend/handler.(*LessonHandler).Delete-fm (3 handlers)
[GIN-debug] GET    /api/v1/teachers/         --> backend/handler.(*TeacherHandler).List-fm (3 handlers)
[GIN-debug] GET    /api/v1/teachers/:id      --> backend/handler.(*TeacherHandler).GetByID-fm (3 handlers)
[GIN-debug] PUT    /api/v1/teachers/:id      --> backend/handler.(*TeacherHandler).Update-fm (3 handlers)
[GIN-debug] DELETE /api/v1/teachers/:id      --> backend/handler.(*TeacherHandler).Delete-fm (3 handlers)
[GIN-debug] GET    /api/v1/teachers/:id/lessonList --> backend/handler.(*TeacherHandler).GetLessonByID-fm (3 handlers)
[GIN-debug] [WARNING] You trusted all proxies, this is NOT safe. We recommend you to set a value.
Please check https://pkg.go.dev/github.com/gin-gonic/gin#readme-don-t-trust-all-proxies for details.
[GIN-debug] Listening and serving HTTP on :8080
services/lesson_service.go has changed
building...
running...
2026/08/12 14:19:16 &{localhost 8080 dev} &{user user1 3306 lesson db} &{redis 6379  0}
2026/08/12 14:19:16 init redis
2026/08/12 14:19:16 sql Open success
[GIN-debug] [WARNING] Running in "debug" mode. Switch to "release" mode in production.
 - using env:	export GIN_MODE=release
 - using code:	gin.SetMode(gin.ReleaseMode)

[GIN-debug] POST   /api/v1/teacher/login     --> backend/handler.(*AuthHandler).TeacherLogin-fm (2 handlers)
[GIN-debug] POST   /api/v1/student/login     --> backend/handler.(*AuthHandler).StudentLogin-fm (2 handlers)
[GIN-debug] POST   /api/v1/Logout            --> backend/handler.(*AuthHandler).Logout-fm (2 handlers)
[GIN-debug] POST   /api/v1/teacher/create    --> backend/handler.(*TeacherHandler).Create-fm (2 handlers)
[GIN-debug] POST   /api/v1/student/create    --> backend/handler.(*StudentHandler).Create-fm (2 handlers)
[GIN-debug] GET    /api/v1/students/         --> backend/handler.(*StudentHandler).List-fm (3 handlers)
[GIN-debug] GET    /api/v1/students/:id      --> backend/handler.(*StudentHandler).GetByID-fm (3 handlers)
[GIN-debug] PUT    /api/v1/students/:id      --> backend/handler.(*StudentHandler).Update-fm (3 handlers)
[GIN-debug] DELETE /api/v1/students/:id      --> backend/handler.(*StudentHandler).Delete-fm (3 handlers)
[GIN-debug] GET    /api/v1/students/:id/lessonList --> backend/handler.(*StudentHandler).GetLessonList-fm (3 handlers)
[GIN-debug] POST   /api/v1/students/joinLesson --> backend/handler.(*StudentHandler).JoinLesson-fm (3 handlers)
[GIN-debug] POST   /api/v1/lessons/          --> backend/handler.(*LessonHandler).Create-fm (3 handlers)
[GIN-debug] GET    /api/v1/lessons/          --> backend/handler.(*LessonHandler).List-fm (3 handlers)
[GIN-debug] GET    /api/v1/lessons/:id       --> backend/handler.(*LessonHandler).GetByID-fm (3 handlers)
[GIN-debug] PUT    /api/v1/lessons/:id       --> backend/handler.(*LessonHandler).Update-fm (3 handlers)
[GIN-debug] DELETE /api/v1/lessons/:id       --> backend/handler.(*LessonHandler).Delete-fm (3 handlers)
[GIN-debug] GET    /api/v1/teachers/         --> backend/handler.(*TeacherHandler).List-fm (3 handlers)
[GIN-debug] GET    /api/v1/teachers/:id      --> backend/handler.(*TeacherHandler).GetByID-fm (3 handlers)
[GIN-debug] PUT    /api/v1/teachers/:id      --> backend/handler.(*TeacherHandler).Update-fm (3 handlers)
[GIN-debug] DELETE /api/v1/teachers/:id      --> backend/handler.(*TeacherHandler).Delete-fm (3 handlers)
[GIN-debug] GET    /api/v1/teachers/:id/lessonList --> backend/handler.(*TeacherHandler).GetLessonByID-fm (3 handlers)
[GIN-debug] [WARNING] You trusted all proxies, this is NOT safe. We recommend you to set a value.
Please check https://pkg.go.dev/github.com/gin-gonic/gin#readme-don-t-trust-all-proxies for details.
[GIN-debug] Listening and serving HTTP on :8080
services/lesson_service.go has changed
building...
running...
2026/08/12 14:20:19 &{localhost 8080 dev} &{user user1 3306 lesson db} &{redis 6379  0}
2026/08/12 14:20:19 init redis
2026/08/12 14:20:19 sql Open success
[GIN-debug] [WARNING] Running in "debug" mode. Switch to "release" mode in production.
 - using env:	export GIN_MODE=release
 - using code:	gin.SetMode(gin.ReleaseMode)

[GIN-debug] POST   /api/v1/teacher/login     --> backend/handler.(*AuthHandler).TeacherLogin-fm (2 handlers)
[GIN-debug] POST   /api/v1/student/login     --> backend/handler.(*AuthHandler).StudentLogin-fm (2 handlers)
[GIN-debug] POST   /api/v1/Logout            --> backend/handler.(*AuthHandler).Logout-fm (2 handlers)
[GIN-debug] POST   /api/v1/teacher/create    --> backend/handler.(*TeacherHandler).Create-fm (2 handlers)
[GIN-debug] POST   /api/v1/student/create    --> backend/handler.(*StudentHandler).Create-fm (2 handlers)
[GIN-debug] GET    /api/v1/students/         --> backend/handler.(*StudentHandler).List-fm (3 handlers)
[GIN-debug] GET    /api/v1/students/:id      --> backend/handler.(*StudentHandler).GetByID-fm (3 handlers)
[GIN-debug] PUT    /api/v1/students/:id      --> backend/handler.(*StudentHandler).Update-fm (3 handlers)
[GIN-debug] DELETE /api/v1/students/:id      --> backend/handler.(*StudentHandler).Delete-fm (3 handlers)
[GIN-debug] GET    /api/v1/students/:id/lessonList --> backend/handler.(*StudentHandler).GetLessonList-fm (3 handlers)
[GIN-debug] POST   /api/v1/students/joinLesson --> backend/handler.(*StudentHandler).JoinLesson-fm (3 handlers)
[GIN-debug] POST   /api/v1/lessons/          --> backend/handler.(*LessonHandler).Create-fm (3 handlers)
[GIN-debug] GET    /api/v1/lessons/          --> backend/handler.(*LessonHandler).List-fm (3 handlers)
[GIN-debug] GET    /api/v1/lessons/:id       --> backend/handler.(*LessonHandler).GetByID-fm (3 handlers)
[GIN-debug] PUT    /api/v1/lessons/:id       --> backend/handler.(*LessonHandler).Update-fm (3 handlers)
[GIN-debug] DELETE /api/v1/lessons/:id       --> backend/handler.(*LessonHandler).Delete-fm (3 handlers)
[GIN-debug] GET    /api/v1/teachers/         --> backend/handler.(*TeacherHandler).List-fm (3 handlers)
[GIN-debug] GET    /api/v1/teachers/:id      --> backend/handler.(*TeacherHandler).GetByID-fm (3 handlers)
[GIN-debug] PUT    /api/v1/teachers/:id      --> backend/handler.(*TeacherHandler).Update-fm (3 handlers)
[GIN-debug] DELETE /api/v1/teachers/:id      --> backend/handler.(*TeacherHandler).Delete-fm (3 handlers)
[GIN-debug] GET    /api/v1/teachers/:id/lessonList --> backend/handler.(*TeacherHandler).GetLessonByID-fm (3 handlers)
[GIN-debug] [WARNING] You trusted all proxies, this is NOT safe. We recommend you to set a value.
Please check https://pkg.go.dev/github.com/gin-gonic/gin#readme-don-t-trust-all-proxies for details.
[GIN-debug] Listening and serving HTTP on :8080
services/lesson_service.go has changed
building...
running...
2026/08/12 14:20:21 &{localhost 8080 dev} &{user user1 3306 lesson db} &{redis 6379  0}
2026/08/12 14:20:21 init redis
2026/08/12 14:20:21 sql Open success
[GIN-debug] POST   /api/v1/teacher/login     --> backend/handler.(*AuthHandler).TeacherLogin-fm (2 handlers)
[GIN-debug] POST   /api/v1/student/login     --> backend/handler.(*AuthHandler).StudentLogin-fm (2 handlers)
[GIN-debug] POST   /api/v1/Logout            --> backend/handler.(*AuthHandler).Logout-fm (2 handlers)
[GIN-debug] POST   /api/v1/teacher/create    --> backend/handler.(*TeacherHandler).Create-fm (2 handlers)
[GIN-debug] POST   /api/v1/student/create    --> backend/handler.(*StudentHandler).Create-fm (2 handlers)
[GIN-debug] GET    /api/v1/students/         --> backend/handler.(*StudentHandler).List-fm (3 handlers)
[GIN-debug] GET    /api/v1/students/:id      --> backend/handler.(*StudentHandler).GetByID-fm (3 handlers)
[GIN-debug] PUT    /api/v1/students/:id      --> backend/handler.(*StudentHandler).Update-fm (3 handlers)
[GIN-debug] DELETE /api/v1/students/:id      --> backend/handler.(*StudentHandler).Delete-fm (3 handlers)
[GIN-debug] GET    /api/v1/students/:id/lessonList --> backend/handler.(*StudentHandler).GetLessonList-fm (3 handlers)
[GIN-debug] POST   /api/v1/students/joinLesson --> backend/handler.(*StudentHandler).JoinLesson-fm (3 handlers)
[GIN-debug] POST   /api/v1/lessons/          --> backend/handler.(*LessonHandler).Create-fm (3 handlers)
[GIN-debug] [WARNING] Running in "debug" mode. Switch to "release" mode in production.
 - using env:	export GIN_MODE=release
 - using code:	gin.SetMode(gin.ReleaseMode)

[GIN-debug] GET    /api/v1/lessons/          --> backend/handler.(*LessonHandler).List-fm (3 handlers)
[GIN-debug] GET    /api/v1/lessons/:id       --> backend/handler.(*LessonHandler).GetByID-fm (3 handlers)
[GIN-debug] PUT    /api/v1/lessons/:id       --> backend/handler.(*LessonHandler).Update-fm (3 handlers)
[GIN-debug] DELETE /api/v1/lessons/:id       --> backend/handler.(*LessonHandler).Delete-fm (3 handlers)
[GIN-debug] GET    /api/v1/teachers/         --> backend/handler.(*TeacherHandler).List-fm (3 handlers)
[GIN-debug] GET    /api/v1/teachers/:id      --> backend/handler.(*TeacherHandler).GetByID-fm (3 handlers)
[GIN-debug] PUT    /api/v1/teachers/:id      --> backend/handler.(*TeacherHandler).Update-fm (3 handlers)
[GIN-debug] DELETE /api/v1/teachers/:id      --> backend/handler.(*TeacherHandler).Delete-fm (3 handlers)
[GIN-debug] GET    /api/v1/teachers/:id/lessonList --> backend/handler.(*TeacherHandler).GetLessonByID-fm (3 handlers)
[GIN-debug] [WARNING] You trusted all proxies, this is NOT safe. We recommend you to set a value.
Please check https://pkg.go.dev/github.com/gin-gonic/gin#readme-don-t-trust-all-proxies for details.
[GIN-debug] Listening and serving HTTP on :8080
services/lesson_service.go has changed
building...
running...
2026/08/12 14:20:39 &{localhost 8080 dev} &{user user1 3306 lesson db} &{redis 6379  0}
2026/08/12 14:20:39 init redis
2026/08/12 14:20:39 sql Open success
[GIN-debug] [WARNING] Running in "debug" mode. Switch to "release" mode in production.
 - using env:	export GIN_MODE=release
 - using code:	gin.SetMode(gin.ReleaseMode)

[GIN-debug] POST   /api/v1/teacher/login     --> backend/handler.(*AuthHandler).TeacherLogin-fm (2 handlers)
[GIN-debug] POST   /api/v1/student/login     --> backend/handler.(*AuthHandler).StudentLogin-fm (2 handlers)
[GIN-debug] POST   /api/v1/Logout            --> backend/handler.(*AuthHandler).Logout-fm (2 handlers)
[GIN-debug] POST   /api/v1/teacher/create    --> backend/handler.(*TeacherHandler).Create-fm (2 handlers)
[GIN-debug] POST   /api/v1/student/create    --> backend/handler.(*StudentHandler).Create-fm (2 handlers)
[GIN-debug] GET    /api/v1/students/         --> backend/handler.(*StudentHandler).List-fm (3 handlers)
[GIN-debug] GET    /api/v1/students/:id      --> backend/handler.(*StudentHandler).GetByID-fm (3 handlers)
[GIN-debug] PUT    /api/v1/students/:id      --> backend/handler.(*StudentHandler).Update-fm (3 handlers)
[GIN-debug] DELETE /api/v1/students/:id      --> backend/handler.(*StudentHandler).Delete-fm (3 handlers)
[GIN-debug] GET    /api/v1/students/:id/lessonList --> backend/handler.(*StudentHandler).GetLessonList-fm (3 handlers)
[GIN-debug] POST   /api/v1/students/joinLesson --> backend/handler.(*StudentHandler).JoinLesson-fm (3 handlers)
[GIN-debug] POST   /api/v1/lessons/          --> backend/handler.(*LessonHandler).Create-fm (3 handlers)
[GIN-debug] GET    /api/v1/lessons/          --> backend/handler.(*LessonHandler).List-fm (3 handlers)
[GIN-debug] GET    /api/v1/lessons/:id       --> backend/handler.(*LessonHandler).GetByID-fm (3 handlers)
[GIN-debug] PUT    /api/v1/lessons/:id       --> backend/handler.(*LessonHandler).Update-fm (3 handlers)
[GIN-debug] DELETE /api/v1/lessons/:id       --> backend/handler.(*LessonHandler).Delete-fm (3 handlers)
[GIN-debug] GET    /api/v1/teachers/         --> backend/handler.(*TeacherHandler).List-fm (3 handlers)
[GIN-debug] GET    /api/v1/teachers/:id      --> backend/handler.(*TeacherHandler).GetByID-fm (3 handlers)
[GIN-debug] PUT    /api/v1/teachers/:id      --> backend/handler.(*TeacherHandler).Update-fm (3 handlers)
[GIN-debug] DELETE /api/v1/teachers/:id      --> backend/handler.(*TeacherHandler).Delete-fm (3 handlers)
[GIN-debug] GET    /api/v1/teachers/:id/lessonList --> backend/handler.(*TeacherHandler).GetLessonByID-fm (3 handlers)
[GIN-debug] [WARNING] You trusted all proxies, this is NOT safe. We recommend you to set a value.
Please check https://pkg.go.dev/github.com/gin-gonic/gin#readme-don-t-trust-all-proxies for details.
[GIN-debug] Listening and serving HTTP on :8080
services/lesson_service.go has changed
building...
running...
2026/08/12 14:20:46 &{localhost 8080 dev} &{user user1 3306 lesson db} &{redis 6379  0}
2026/08/12 14:20:46 init redis
2026/08/12 14:20:46 sql Open success
[GIN-debug] [WARNING] Running in "debug" mode. Switch to "release" mode in production.
 - using env:	export GIN_MODE=release
 - using code:	gin.SetMode(gin.ReleaseMode)

[GIN-debug] POST   /api/v1/teacher/login     --> backend/handler.(*AuthHandler).TeacherLogin-fm (2 handlers)
[GIN-debug] POST   /api/v1/student/login     --> backend/handler.(*AuthHandler).StudentLogin-fm (2 handlers)
[GIN-debug] POST   /api/v1/Logout            --> backend/handler.(*AuthHandler).Logout-fm (2 handlers)
[GIN-debug] POST   /api/v1/teacher/create    --> backend/handler.(*TeacherHandler).Create-fm (2 handlers)
[GIN-debug] POST   /api/v1/student/create    --> backend/handler.(*StudentHandler).Create-fm (2 handlers)
[GIN-debug] GET    /api/v1/students/         --> backend/handler.(*StudentHandler).List-fm (3 handlers)
[GIN-debug] GET    /api/v1/students/:id      --> backend/handler.(*StudentHandler).GetByID-fm (3 handlers)
[GIN-debug] PUT    /api/v1/students/:id      --> backend/handler.(*StudentHandler).Update-fm (3 handlers)
[GIN-debug] DELETE /api/v1/students/:id      --> backend/handler.(*StudentHandler).Delete-fm (3 handlers)
[GIN-debug] GET    /api/v1/students/:id/lessonList --> backend/handler.(*StudentHandler).GetLessonList-fm (3 handlers)
[GIN-debug] POST   /api/v1/students/joinLesson --> backend/handler.(*StudentHandler).JoinLesson-fm (3 handlers)
[GIN-debug] POST   /api/v1/lessons/          --> backend/handler.(*LessonHandler).Create-fm (3 handlers)
[GIN-debug] GET    /api/v1/lessons/          --> backend/handler.(*LessonHandler).List-fm (3 handlers)
[GIN-debug] GET    /api/v1/lessons/:id       --> backend/handler.(*LessonHandler).GetByID-fm (3 handlers)
[GIN-debug] PUT    /api/v1/lessons/:id       --> backend/handler.(*LessonHandler).Update-fm (3 handlers)
[GIN-debug] DELETE /api/v1/lessons/:id       --> backend/handler.(*LessonHandler).Delete-fm (3 handlers)
[GIN-debug] GET    /api/v1/teachers/         --> backend/handler.(*TeacherHandler).List-fm (3 handlers)
[GIN-debug] GET    /api/v1/teachers/:id      --> backend/handler.(*TeacherHandler).GetByID-fm (3 handlers)
[GIN-debug] PUT    /api/v1/teachers/:id      --> backend/handler.(*TeacherHandler).Update-fm (3 handlers)
[GIN-debug] DELETE /api/v1/teachers/:id      --> backend/handler.(*TeacherHandler).Delete-fm (3 handlers)
[GIN-debug] GET    /api/v1/teachers/:id/lessonList --> backend/handler.(*TeacherHandler).GetLessonByID-fm (3 handlers)
[GIN-debug] [WARNING] You trusted all proxies, this is NOT safe. We recommend you to set a value.
Please check https://pkg.go.dev/github.com/gin-gonic/gin#readme-don-t-trust-all-proxies for details.
[GIN-debug] Listening and serving HTTP on :8080
services/lesson_service.go has changed
building...
running...
2026/08/12 14:20:47 &{localhost 8080 dev} &{user user1 3306 lesson db} &{redis 6379  0}
2026/08/12 14:20:47 init redis
2026/08/12 14:20:47 sql Open success
[GIN-debug] [WARNING] Running in "debug" mode. Switch to "release" mode in production.
 - using env:	export GIN_MODE=release
 - using code:	gin.SetMode(gin.ReleaseMode)

[GIN-debug] POST   /api/v1/teacher/login     --> backend/handler.(*AuthHandler).TeacherLogin-fm (2 handlers)
[GIN-debug] POST   /api/v1/student/login     --> backend/handler.(*AuthHandler).StudentLogin-fm (2 handlers)
[GIN-debug] POST   /api/v1/Logout            --> backend/handler.(*AuthHandler).Logout-fm (2 handlers)
[GIN-debug] POST   /api/v1/teacher/create    --> backend/handler.(*TeacherHandler).Create-fm (2 handlers)
[GIN-debug] POST   /api/v1/student/create    --> backend/handler.(*StudentHandler).Create-fm (2 handlers)
[GIN-debug] GET    /api/v1/students/         --> backend/handler.(*StudentHandler).List-fm (3 handlers)
[GIN-debug] GET    /api/v1/students/:id      --> backend/handler.(*StudentHandler).GetByID-fm (3 handlers)
[GIN-debug] PUT    /api/v1/students/:id      --> backend/handler.(*StudentHandler).Update-fm (3 handlers)
[GIN-debug] DELETE /api/v1/students/:id      --> backend/handler.(*StudentHandler).Delete-fm (3 handlers)
[GIN-debug] GET    /api/v1/students/:id/lessonList --> backend/handler.(*StudentHandler).GetLessonList-fm (3 handlers)
[GIN-debug] POST   /api/v1/students/joinLesson --> backend/handler.(*StudentHandler).JoinLesson-fm (3 handlers)
[GIN-debug] POST   /api/v1/lessons/          --> backend/handler.(*LessonHandler).Create-fm (3 handlers)
[GIN-debug] GET    /api/v1/lessons/          --> backend/handler.(*LessonHandler).List-fm (3 handlers)
[GIN-debug] GET    /api/v1/lessons/:id       --> backend/handler.(*LessonHandler).GetByID-fm (3 handlers)
[GIN-debug] PUT    /api/v1/lessons/:id       --> backend/handler.(*LessonHandler).Update-fm (3 handlers)
[GIN-debug] DELETE /api/v1/lessons/:id       --> backend/handler.(*LessonHandler).Delete-fm (3 handlers)
[GIN-debug] GET    /api/v1/teachers/         --> backend/handler.(*TeacherHandler).List-fm (3 handlers)
[GIN-debug] GET    /api/v1/teachers/:id      --> backend/handler.(*TeacherHandler).GetByID-fm (3 handlers)
[GIN-debug] PUT    /api/v1/teachers/:id      --> backend/handler.(*TeacherHandler).Update-fm (3 handlers)
[GIN-debug] DELETE /api/v1/teachers/:id      --> backend/handler.(*TeacherHandler).Delete-fm (3 handlers)
[GIN-debug] GET    /api/v1/teachers/:id/lessonList --> backend/handler.(*TeacherHandler).GetLessonByID-fm (3 handlers)
[GIN-debug] [WARNING] You trusted all proxies, this is NOT safe. We recommend you to set a value.
Please check https://pkg.go.dev/github.com/gin-gonic/gin#readme-don-t-trust-all-proxies for details.
[GIN-debug] Listening and serving HTTP on :8080
services/lesson_service.go has changed
building...
running...
2026/08/12 14:20:51 &{localhost 8080 dev} &{user user1 3306 lesson db} &{redis 6379  0}
2026/08/12 14:20:51 init redis
2026/08/12 14:20:51 sql Open success
[GIN-debug] [WARNING] Running in "debug" mode. Switch to "release" mode in production.
 - using env:	export GIN_MODE=release
 - using code:	gin.SetMode(gin.ReleaseMode)

[GIN-debug] POST   /api/v1/teacher/login     --> backend/handler.(*AuthHandler).TeacherLogin-fm (2 handlers)
[GIN-debug] POST   /api/v1/student/login     --> backend/handler.(*AuthHandler).StudentLogin-fm (2 handlers)
[GIN-debug] POST   /api/v1/Logout            --> backend/handler.(*AuthHandler).Logout-fm (2 handlers)
[GIN-debug] POST   /api/v1/teacher/create    --> backend/handler.(*TeacherHandler).Create-fm (2 handlers)
[GIN-debug] POST   /api/v1/student/create    --> backend/handler.(*StudentHandler).Create-fm (2 handlers)
[GIN-debug] GET    /api/v1/students/         --> backend/handler.(*StudentHandler).List-fm (3 handlers)
[GIN-debug] GET    /api/v1/students/:id      --> backend/handler.(*StudentHandler).GetByID-fm (3 handlers)
[GIN-debug] PUT    /api/v1/students/:id      --> backend/handler.(*StudentHandler).Update-fm (3 handlers)
[GIN-debug] DELETE /api/v1/students/:id      --> backend/handler.(*StudentHandler).Delete-fm (3 handlers)
[GIN-debug] GET    /api/v1/students/:id/lessonList --> backend/handler.(*StudentHandler).GetLessonList-fm (3 handlers)
[GIN-debug] POST   /api/v1/students/joinLesson --> backend/handler.(*StudentHandler).JoinLesson-fm (3 handlers)
[GIN-debug] POST   /api/v1/lessons/          --> backend/handler.(*LessonHandler).Create-fm (3 handlers)
[GIN-debug] GET    /api/v1/lessons/          --> backend/handler.(*LessonHandler).List-fm (3 handlers)
[GIN-debug] GET    /api/v1/lessons/:id       --> backend/handler.(*LessonHandler).GetByID-fm (3 handlers)
[GIN-debug] PUT    /api/v1/lessons/:id       --> backend/handler.(*LessonHandler).Update-fm (3 handlers)
[GIN-debug] DELETE /api/v1/lessons/:id       --> backend/handler.(*LessonHandler).Delete-fm (3 handlers)
[GIN-debug] GET    /api/v1/teachers/         --> backend/handler.(*TeacherHandler).List-fm (3 handlers)
[GIN-debug] GET    /api/v1/teachers/:id      --> backend/handler.(*TeacherHandler).GetByID-fm (3 handlers)
[GIN-debug] PUT    /api/v1/teachers/:id      --> backend/handler.(*TeacherHandler).Update-fm (3 handlers)
[GIN-debug] DELETE /api/v1/teachers/:id      --> backend/handler.(*TeacherHandler).Delete-fm (3 handlers)
[GIN-debug] GET    /api/v1/teachers/:id/lessonList --> backend/handler.(*TeacherHandler).GetLessonByID-fm (3 handlers)
[GIN-debug] [WARNING] You trusted all proxies, this is NOT safe. We recommend you to set a value.
Please check https://pkg.go.dev/github.com/gin-gonic/gin#readme-don-t-trust-all-proxies for details.
[GIN-debug] Listening and serving HTTP on :8080
services/lesson_service.go has changed
building...
running...
2026/08/12 14:20:53 &{localhost 8080 dev} &{user user1 3306 lesson db} &{redis 6379  0}
2026/08/12 14:20:53 init redis
2026/08/12 14:20:53 sql Open success
[GIN-debug] [WARNING] Running in "debug" mode. Switch to "release" mode in production.
 - using env:	export GIN_MODE=release
 - using code:	gin.SetMode(gin.ReleaseMode)

[GIN-debug] POST   /api/v1/teacher/login     --> backend/handler.(*AuthHandler).TeacherLogin-fm (2 handlers)
[GIN-debug] POST   /api/v1/student/login     --> backend/handler.(*AuthHandler).StudentLogin-fm (2 handlers)
[GIN-debug] POST   /api/v1/Logout            --> backend/handler.(*AuthHandler).Logout-fm (2 handlers)
[GIN-debug] POST   /api/v1/teacher/create    --> backend/handler.(*TeacherHandler).Create-fm (2 handlers)
[GIN-debug] POST   /api/v1/student/create    --> backend/handler.(*StudentHandler).Create-fm (2 handlers)
[GIN-debug] GET    /api/v1/students/         --> backend/handler.(*StudentHandler).List-fm (3 handlers)
[GIN-debug] GET    /api/v1/students/:id      --> backend/handler.(*StudentHandler).GetByID-fm (3 handlers)
[GIN-debug] PUT    /api/v1/students/:id      --> backend/handler.(*StudentHandler).Update-fm (3 handlers)
[GIN-debug] DELETE /api/v1/students/:id      --> backend/handler.(*StudentHandler).Delete-fm (3 handlers)
[GIN-debug] GET    /api/v1/students/:id/lessonList --> backend/handler.(*StudentHandler).GetLessonList-fm (3 handlers)
[GIN-debug] POST   /api/v1/students/joinLesson --> backend/handler.(*StudentHandler).JoinLesson-fm (3 handlers)
[GIN-debug] POST   /api/v1/lessons/          --> backend/handler.(*LessonHandler).Create-fm (3 handlers)
[GIN-debug] GET    /api/v1/lessons/          --> backend/handler.(*LessonHandler).List-fm (3 handlers)
[GIN-debug] GET    /api/v1/lessons/:id       --> backend/handler.(*LessonHandler).GetByID-fm (3 handlers)
[GIN-debug] PUT    /api/v1/lessons/:id       --> backend/handler.(*LessonHandler).Update-fm (3 handlers)
[GIN-debug] DELETE /api/v1/lessons/:id       --> backend/handler.(*LessonHandler).Delete-fm (3 handlers)
[GIN-debug] GET    /api/v1/teachers/         --> backend/handler.(*TeacherHandler).List-fm (3 handlers)
[GIN-debug] GET    /api/v1/teachers/:id      --> backend/handler.(*TeacherHandler).GetByID-fm (3 handlers)
[GIN-debug] PUT    /api/v1/teachers/:id      --> backend/handler.(*TeacherHandler).Update-fm (3 handlers)
[GIN-debug] DELETE /api/v1/teachers/:id      --> backend/handler.(*TeacherHandler).Delete-fm (3 handlers)
[GIN-debug] GET    /api/v1/teachers/:id/lessonList --> backend/handler.(*TeacherHandler).GetLessonByID-fm (3 handlers)
[GIN-debug] [WARNING] You trusted all proxies, this is NOT safe. We recommend you to set a value.
Please check https://pkg.go.dev/github.com/gin-gonic/gin#readme-don-t-trust-all-proxies for details.
[GIN-debug] Listening and serving HTTP on :8080
services/lesson_service.go has changed
building...
running...
2026/08/12 14:21:45 &{localhost 8080 dev} &{user user1 3306 lesson db} &{redis 6379  0}
2026/08/12 14:21:45 init redis
2026/08/12 14:21:45 sql Open success
[GIN-debug] [WARNING] Running in "debug" mode. Switch to "release" mode in production.
 - using env:	export GIN_MODE=release
 - using code:	gin.SetMode(gin.ReleaseMode)

[GIN-debug] POST   /api/v1/teacher/login     --> backend/handler.(*AuthHandler).TeacherLogin-fm (2 handlers)
[GIN-debug] POST   /api/v1/student/login     --> backend/handler.(*AuthHandler).StudentLogin-fm (2 handlers)
[GIN-debug] POST   /api/v1/Logout            --> backend/handler.(*AuthHandler).Logout-fm (2 handlers)
[GIN-debug] POST   /api/v1/teacher/create    --> backend/handler.(*TeacherHandler).Create-fm (2 handlers)
[GIN-debug] POST   /api/v1/student/create    --> backend/handler.(*StudentHandler).Create-fm (2 handlers)
[GIN-debug] GET    /api/v1/students/         --> backend/handler.(*StudentHandler).List-fm (3 handlers)
[GIN-debug] GET    /api/v1/students/:id      --> backend/handler.(*StudentHandler).GetByID-fm (3 handlers)
[GIN-debug] PUT    /api/v1/students/:id      --> backend/handler.(*StudentHandler).Update-fm (3 handlers)
[GIN-debug] DELETE /api/v1/students/:id      --> backend/handler.(*StudentHandler).Delete-fm (3 handlers)
[GIN-debug] GET    /api/v1/students/:id/lessonList --> backend/handler.(*StudentHandler).GetLessonList-fm (3 handlers)
[GIN-debug] POST   /api/v1/students/joinLesson --> backend/handler.(*StudentHandler).JoinLesson-fm (3 handlers)
[GIN-debug] POST   /api/v1/lessons/          --> backend/handler.(*LessonHandler).Create-fm (3 handlers)
[GIN-debug] GET    /api/v1/lessons/          --> backend/handler.(*LessonHandler).List-fm (3 handlers)
[GIN-debug] GET    /api/v1/lessons/:id       --> backend/handler.(*LessonHandler).GetByID-fm (3 handlers)
[GIN-debug] PUT    /api/v1/lessons/:id       --> backend/handler.(*LessonHandler).Update-fm (3 handlers)
[GIN-debug] DELETE /api/v1/lessons/:id       --> backend/handler.(*LessonHandler).Delete-fm (3 handlers)
[GIN-debug] GET    /api/v1/teachers/         --> backend/handler.(*TeacherHandler).List-fm (3 handlers)
[GIN-debug] GET    /api/v1/teachers/:id      --> backend/handler.(*TeacherHandler).GetByID-fm (3 handlers)
[GIN-debug] PUT    /api/v1/teachers/:id      --> backend/handler.(*TeacherHandler).Update-fm (3 handlers)
[GIN-debug] DELETE /api/v1/teachers/:id      --> backend/handler.(*TeacherHandler).Delete-fm (3 handlers)
[GIN-debug] GET    /api/v1/teachers/:id/lessonList --> backend/handler.(*TeacherHandler).GetLessonByID-fm (3 handlers)
[GIN-debug] [WARNING] You trusted all proxies, this is NOT safe. We recommend you to set a value.
Please check https://pkg.go.dev/github.com/gin-gonic/gin#readme-don-t-trust-all-proxies for details.
[GIN-debug] Listening and serving HTTP on :8080
handler/student_handler.go has changed
building...
running...
2026/08/12 14:21:58 &{localhost 8080 dev} &{user user1 3306 lesson db} &{redis 6379  0}
2026/08/12 14:21:58 init redis
2026/08/12 14:21:58 sql Open success
[GIN-debug] [WARNING] Running in "debug" mode. Switch to "release" mode in production.
 - using env:	export GIN_MODE=release
 - using code:	gin.SetMode(gin.ReleaseMode)

[GIN-debug] POST   /api/v1/teacher/login     --> backend/handler.(*AuthHandler).TeacherLogin-fm (2 handlers)
[GIN-debug] POST   /api/v1/student/login     --> backend/handler.(*AuthHandler).StudentLogin-fm (2 handlers)
[GIN-debug] POST   /api/v1/Logout            --> backend/handler.(*AuthHandler).Logout-fm (2 handlers)
[GIN-debug] POST   /api/v1/teacher/create    --> backend/handler.(*TeacherHandler).Create-fm (2 handlers)
[GIN-debug] POST   /api/v1/student/create    --> backend/handler.(*StudentHandler).Create-fm (2 handlers)
[GIN-debug] GET    /api/v1/students/         --> backend/handler.(*StudentHandler).List-fm (3 handlers)
[GIN-debug] GET    /api/v1/students/:id      --> backend/handler.(*StudentHandler).GetByID-fm (3 handlers)
[GIN-debug] PUT    /api/v1/students/:id      --> backend/handler.(*StudentHandler).Update-fm (3 handlers)
[GIN-debug] DELETE /api/v1/students/:id      --> backend/handler.(*StudentHandler).Delete-fm (3 handlers)
[GIN-debug] GET    /api/v1/students/:id/lessonList --> backend/handler.(*StudentHandler).GetLessonList-fm (3 handlers)
[GIN-debug] POST   /api/v1/students/joinLesson --> backend/handler.(*StudentHandler).JoinLesson-fm (3 handlers)
[GIN-debug] POST   /api/v1/lessons/          --> backend/handler.(*LessonHandler).Create-fm (3 handlers)
[GIN-debug] GET    /api/v1/lessons/          --> backend/handler.(*LessonHandler).List-fm (3 handlers)
[GIN-debug] GET    /api/v1/lessons/:id       --> backend/handler.(*LessonHandler).GetByID-fm (3 handlers)
[GIN-debug] PUT    /api/v1/lessons/:id       --> backend/handler.(*LessonHandler).Update-fm (3 handlers)
[GIN-debug] DELETE /api/v1/lessons/:id       --> backend/handler.(*LessonHandler).Delete-fm (3 handlers)
[GIN-debug] GET    /api/v1/teachers/         --> backend/handler.(*TeacherHandler).List-fm (3 handlers)
[GIN-debug] GET    /api/v1/teachers/:id      --> backend/handler.(*TeacherHandler).GetByID-fm (3 handlers)
[GIN-debug] PUT    /api/v1/teachers/:id      --> backend/handler.(*TeacherHandler).Update-fm (3 handlers)
[GIN-debug] DELETE /api/v1/teachers/:id      --> backend/handler.(*TeacherHandler).Delete-fm (3 handlers)
[GIN-debug] GET    /api/v1/teachers/:id/lessonList --> backend/handler.(*TeacherHandler).GetLessonByID-fm (3 handlers)
[GIN-debug] [WARNING] You trusted all proxies, this is NOT safe. We recommend you to set a value.
Please check https://pkg.go.dev/github.com/gin-gonic/gin#readme-don-t-trust-all-proxies for details.
[GIN-debug] Listening and serving HTTP on :8080
handler/student_handler.go has changed
building...
running...
2026/08/12 14:22:10 &{localhost 8080 dev} &{user user1 3306 lesson db} &{redis 6379  0}
2026/08/12 14:22:10 init redis
2026/08/12 14:22:10 sql Open success
[GIN-debug] [WARNING] Running in "debug" mode. Switch to "release" mode in production.
 - using env:	export GIN_MODE=release
 - using code:	gin.SetMode(gin.ReleaseMode)

[GIN-debug] POST   /api/v1/teacher/login     --> backend/handler.(*AuthHandler).TeacherLogin-fm (2 handlers)
[GIN-debug] POST   /api/v1/student/login     --> backend/handler.(*AuthHandler).StudentLogin-fm (2 handlers)
[GIN-debug] POST   /api/v1/Logout            --> backend/handler.(*AuthHandler).Logout-fm (2 handlers)
[GIN-debug] POST   /api/v1/teacher/create    --> backend/handler.(*TeacherHandler).Create-fm (2 handlers)
[GIN-debug] POST   /api/v1/student/create    --> backend/handler.(*StudentHandler).Create-fm (2 handlers)
[GIN-debug] GET    /api/v1/students/         --> backend/handler.(*StudentHandler).List-fm (3 handlers)
[GIN-debug] GET    /api/v1/students/:id      --> backend/handler.(*StudentHandler).GetByID-fm (3 handlers)
[GIN-debug] PUT    /api/v1/students/:id      --> backend/handler.(*StudentHandler).Update-fm (3 handlers)
[GIN-debug] DELETE /api/v1/students/:id      --> backend/handler.(*StudentHandler).Delete-fm (3 handlers)
[GIN-debug] GET    /api/v1/students/:id/lessonList --> backend/handler.(*StudentHandler).GetLessonList-fm (3 handlers)
[GIN-debug] POST   /api/v1/students/joinLesson --> backend/handler.(*StudentHandler).JoinLesson-fm (3 handlers)
[GIN-debug] POST   /api/v1/lessons/          --> backend/handler.(*LessonHandler).Create-fm (3 handlers)
[GIN-debug] GET    /api/v1/lessons/          --> backend/handler.(*LessonHandler).List-fm (3 handlers)
[GIN-debug] GET    /api/v1/lessons/:id       --> backend/handler.(*LessonHandler).GetByID-fm (3 handlers)
[GIN-debug] PUT    /api/v1/lessons/:id       --> backend/handler.(*LessonHandler).Update-fm (3 handlers)
[GIN-debug] DELETE /api/v1/lessons/:id       --> backend/handler.(*LessonHandler).Delete-fm (3 handlers)
[GIN-debug] GET    /api/v1/teachers/         --> backend/handler.(*TeacherHandler).List-fm (3 handlers)
[GIN-debug] GET    /api/v1/teachers/:id      --> backend/handler.(*TeacherHandler).GetByID-fm (3 handlers)
[GIN-debug] PUT    /api/v1/teachers/:id      --> backend/handler.(*TeacherHandler).Update-fm (3 handlers)
[GIN-debug] DELETE /api/v1/teachers/:id      --> backend/handler.(*TeacherHandler).Delete-fm (3 handlers)
[GIN-debug] GET    /api/v1/teachers/:id/lessonList --> backend/handler.(*TeacherHandler).GetLessonByID-fm (3 handlers)
[GIN-debug] [WARNING] You trusted all proxies, this is NOT safe. We recommend you to set a value.
Please check https://pkg.go.dev/github.com/gin-gonic/gin#readme-don-t-trust-all-proxies for details.
[GIN-debug] Listening and serving HTTP on :8080
handler/student_handler.go has changed
building...
# backend/handler
handler/student_handler.go:123:3: undefined: apply
failed to build, error: exit status 1
handler/student_handler.go has changed
building...
running...
2026/08/12 14:22:20 &{localhost 8080 dev} &{user user1 3306 lesson db} &{redis 6379  0}
2026/08/12 14:22:20 init redis
2026/08/12 14:22:20 sql Open success
[GIN-debug] [WARNING] Running in "debug" mode. Switch to "release" mode in production.
 - using env:	export GIN_MODE=release
 - using code:	gin.SetMode(gin.ReleaseMode)

[GIN-debug] POST   /api/v1/teacher/login     --> backend/handler.(*AuthHandler).TeacherLogin-fm (2 handlers)
[GIN-debug] POST   /api/v1/student/login     --> backend/handler.(*AuthHandler).StudentLogin-fm (2 handlers)
[GIN-debug] POST   /api/v1/Logout            --> backend/handler.(*AuthHandler).Logout-fm (2 handlers)
[GIN-debug] POST   /api/v1/teacher/create    --> backend/handler.(*TeacherHandler).Create-fm (2 handlers)
[GIN-debug] POST   /api/v1/student/create    --> backend/handler.(*StudentHandler).Create-fm (2 handlers)
[GIN-debug] GET    /api/v1/students/         --> backend/handler.(*StudentHandler).List-fm (3 handlers)
[GIN-debug] GET    /api/v1/students/:id      --> backend/handler.(*StudentHandler).GetByID-fm (3 handlers)
[GIN-debug] PUT    /api/v1/students/:id      --> backend/handler.(*StudentHandler).Update-fm (3 handlers)
[GIN-debug] DELETE /api/v1/students/:id      --> backend/handler.(*StudentHandler).Delete-fm (3 handlers)
[GIN-debug] GET    /api/v1/students/:id/lessonList --> backend/handler.(*StudentHandler).GetLessonList-fm (3 handlers)
[GIN-debug] POST   /api/v1/students/joinLesson --> backend/handler.(*StudentHandler).JoinLesson-fm (3 handlers)
[GIN-debug] POST   /api/v1/lessons/          --> backend/handler.(*LessonHandler).Create-fm (3 handlers)
[GIN-debug] GET    /api/v1/lessons/          --> backend/handler.(*LessonHandler).List-fm (3 handlers)
[GIN-debug] GET    /api/v1/lessons/:id       --> backend/handler.(*LessonHandler).GetByID-fm (3 handlers)
[GIN-debug] PUT    /api/v1/lessons/:id       --> backend/handler.(*LessonHandler).Update-fm (3 handlers)
[GIN-debug] DELETE /api/v1/lessons/:id       --> backend/handler.(*LessonHandler).Delete-fm (3 handlers)
[GIN-debug] GET    /api/v1/teachers/         --> backend/handler.(*TeacherHandler).List-fm (3 handlers)
[GIN-debug] GET    /api/v1/teachers/:id      --> backend/handler.(*TeacherHandler).GetByID-fm (3 handlers)
[GIN-debug] PUT    /api/v1/teachers/:id      --> backend/handler.(*TeacherHandler).Update-fm (3 handlers)
[GIN-debug] DELETE /api/v1/teachers/:id      --> backend/handler.(*TeacherHandler).Delete-fm (3 handlers)
[GIN-debug] GET    /api/v1/teachers/:id/lessonList --> backend/handler.(*TeacherHandler).GetLessonByID-fm (3 handlers)
[GIN-debug] [WARNING] You trusted all proxies, this is NOT safe. We recommend you to set a value.
Please check https://pkg.go.dev/github.com/gin-gonic/gin#readme-don-t-trust-all-proxies for details.
[GIN-debug] Listening and serving HTTP on :8080
2026/08/12 14:29:02 Checking session in Redis with key: lesson_session:ec9b3c0b28066614cddc4e6724870f91
handler/student_handler.go has changed
building...
handler/student_handler.go has changed
running...
2026/08/12 14:29:04 &{localhost 8080 dev} &{user user1 3306 lesson db} &{redis 6379  0}
2026/08/12 14:29:04 init redis
2026/08/12 14:29:04 sql Open success
[GIN-debug] [WARNING] Running in "debug" mode. Switch to "release" mode in production.
 - using env:	export GIN_MODE=release
 - using code:	gin.SetMode(gin.ReleaseMode)

[GIN-debug] POST   /api/v1/teacher/login     --> backend/handler.(*AuthHandler).TeacherLogin-fm (2 handlers)
[GIN-debug] POST   /api/v1/student/login     --> backend/handler.(*AuthHandler).StudentLogin-fm (2 handlers)
[GIN-debug] POST   /api/v1/Logout            --> backend/handler.(*AuthHandler).Logout-fm (2 handlers)
[GIN-debug] POST   /api/v1/teacher/create    --> backend/handler.(*TeacherHandler).Create-fm (2 handlers)
[GIN-debug] POST   /api/v1/student/create    --> backend/handler.(*StudentHandler).Create-fm (2 handlers)
[GIN-debug] GET    /api/v1/students/         --> backend/handler.(*StudentHandler).List-fm (3 handlers)
[GIN-debug] GET    /api/v1/students/:id      --> backend/handler.(*StudentHandler).GetByID-fm (3 handlers)
[GIN-debug] PUT    /api/v1/students/:id      --> backend/handler.(*StudentHandler).Update-fm (3 handlers)
[GIN-debug] DELETE /api/v1/students/:id      --> backend/handler.(*StudentHandler).Delete-fm (3 handlers)
[GIN-debug] GET    /api/v1/students/:id/lessonList --> backend/handler.(*StudentHandler).GetLessonList-fm (3 handlers)
[GIN-debug] POST   /api/v1/lessons/          --> backend/handler.(*LessonHandler).Create-fm (3 handlers)
[GIN-debug] GET    /api/v1/lessons/          --> backend/handler.(*LessonHandler).List-fm (3 handlers)
[GIN-debug] GET    /api/v1/lessons/:id       --> backend/handler.(*LessonHandler).GetByID-fm (3 handlers)
[GIN-debug] PUT    /api/v1/lessons/:id       --> backend/handler.(*LessonHandler).Update-fm (3 handlers)
[GIN-debug] DELETE /api/v1/lessons/:id       --> backend/handler.(*LessonHandler).Delete-fm (3 handlers)
[GIN-debug] POST   /api/v1/lessons/joinLesson --> backend/handler.(*LessonHandler).JoinLesson-fm (3 handlers)
[GIN-debug] POST   /api/v1/lessons/cancelLesson --> backend/handler.(*LessonHandler).CancelLesson-fm (3 handlers)
[GIN-debug] GET    /api/v1/teachers/         --> backend/handler.(*TeacherHandler).List-fm (3 handlers)
[GIN-debug] GET    /api/v1/teachers/:id      --> backend/handler.(*TeacherHandler).GetByID-fm (3 handlers)
[GIN-debug] PUT    /api/v1/teachers/:id      --> backend/handler.(*TeacherHandler).Update-fm (3 handlers)
[GIN-debug] DELETE /api/v1/teachers/:id      --> backend/handler.(*TeacherHandler).Delete-fm (3 handlers)
[GIN-debug] GET    /api/v1/teachers/:id/lessonList --> backend/handler.(*TeacherHandler).GetLessonByID-fm (3 handlers)
[GIN-debug] [WARNING] You trusted all proxies, this is NOT safe. We recommend you to set a value.
Please check https://pkg.go.dev/github.com/gin-gonic/gin#readme-don-t-trust-all-proxies for details.
[GIN-debug] Listening and serving HTTP on :8080
2026/08/12 14:29:42 Checking session in Redis with key: lesson_session:ec9b3c0b28066614cddc4e6724870f91
2026/08/12 14:29:53 Checking session in Redis with key: lesson_session:ec9b3c0b28066614cddc4e6724870f91
2026/08/12 14:29:54 Checking session in Redis with key: lesson_session:ec9b3c0b28066614cddc4e6724870f91
2026/08/12 14:29:56 Checking session in Redis with key: lesson_session:ec9b3c0b28066614cddc4e6724870f91
2026/08/12 14:30:02 Checking session in Redis with key: lesson_session:ec9b3c0b28066614cddc4e6724870f91
2026/08/12 14:30:06 Checking session in Redis with key: lesson_session:ec9b3c0b28066614cddc4e6724870f91
2026/08/12 14:33:49 Checking session in Redis with key: lesson_session:ec9b3c0b28066614cddc4e6724870f91
2026/08/12 14:33:54 Checking session in Redis with key: lesson_session:ec9b3c0b28066614cddc4e6724870f91
2026/08/12 14:33:55 Checking session in Redis with key: lesson_session:ec9b3c0b28066614cddc4e6724870f91
2026/08/12 14:34:53 Checking session in Redis with key: lesson_session:ec9b3c0b28066614cddc4e6724870f91
2026/08/12 14:35:20 Checking session in Redis with key: lesson_session:ec9b3c0b28066614cddc4e6724870f91
2026/08/12 14:36:31 Checking session in Redis with key: lesson_session:ec9b3c0b28066614cddc4e6724870f91
2026/08/12 14:36:35 Checking session in Redis with key: lesson_session:ec9b3c0b28066614cddc4e6724870f91
2026/08/12 14:36:42 Checking session in Redis with key: lesson_session:ec9b3c0b28066614cddc4e6724870f91
2026/08/12 14:36:43 Checking session in Redis with key: lesson_session:ec9b3c0b28066614cddc4e6724870f91
2026/08/12 14:36:50 Checking session in Redis with key: lesson_session:ec9b3c0b28066614cddc4e6724870f91
2026/08/12 14:36:56 Checking session in Redis with key: lesson_session:ec9b3c0b28066614cddc4e6724870f91
2026/08/12 14:37:04 Checking session in Redis with key: lesson_session:ec9b3c0b28066614cddc4e6724870f91
2026/08/12 14:37:04 Checking session in Redis with key: lesson_session:ec9b3c0b28066614cddc4e6724870f91
2026/08/12 14:37:30 Checking session in Redis with key: lesson_session:6239597f8415e907be94c9ba38af0deb
2026/08/12 14:37:30 Checking session in Redis with key: lesson_session:6239597f8415e907be94c9ba38af0deb
2026/08/12 14:37:33 Checking session in Redis with key: lesson_session:6239597f8415e907be94c9ba38af0deb
2026/08/12 14:37:33 Checking session in Redis with key: lesson_session:6239597f8415e907be94c9ba38af0deb
2026/08/12 14:37:35 Checking session in Redis with key: lesson_session:6239597f8415e907be94c9ba38af0deb
2026/08/12 14:37:35 Checking session in Redis with key: lesson_session:6239597f8415e907be94c9ba38af0deb
2026/08/12 14:37:37 Checking session in Redis with key: lesson_session:6239597f8415e907be94c9ba38af0deb
2026/08/12 14:37:37 Checking session in Redis with key: lesson_session:6239597f8415e907be94c9ba38af0deb
2026/08/12 14:37:39 Checking session in Redis with key: lesson_session:6239597f8415e907be94c9ba38af0deb
2026/08/12 14:37:39 Checking session in Redis with key: lesson_session:6239597f8415e907be94c9ba38af0deb
2026/08/12 14:37:43 Checking session in Redis with key: lesson_session:6239597f8415e907be94c9ba38af0deb
2026/08/12 14:37:43 Checking session in Redis with key: lesson_session:6239597f8415e907be94c9ba38af0deb
2026/08/12 14:38:26 Checking session in Redis with key: lesson_session:6239597f8415e907be94c9ba38af0deb
2026/08/12 14:38:26 Checking session in Redis with key: lesson_session:6239597f8415e907be94c9ba38af0deb
router/router.go has changed
building...
running...
2026/08/12 14:38:54 &{localhost 8080 dev} &{user user1 3306 lesson db} &{redis 6379  0}
2026/08/12 14:38:54 init redis
2026/08/12 14:38:54 sql Open success
[GIN-debug] POST   /api/v1/teacher/login     --> backend/handler.(*AuthHandler).TeacherLogin-fm (2 handlers)
[GIN-debug] POST   /api/v1/student/login     --> backend/handler.(*AuthHandler).StudentLogin-fm (2 handlers)
[GIN-debug] POST   /api/v1/Logout            --> backend/handler.(*AuthHandler).Logout-fm (2 handlers)
[GIN-debug] [WARNING] Running in "debug" mode. Switch to "release" mode in production.
 - using env:	export GIN_MODE=release
 - using code:	gin.SetMode(gin.ReleaseMode)

[GIN-debug] POST   /api/v1/teacher/create    --> backend/handler.(*TeacherHandler).Create-fm (2 handlers)
[GIN-debug] POST   /api/v1/student/create    --> backend/handler.(*StudentHandler).Create-fm (2 handlers)
[GIN-debug] GET    /api/v1/students/         --> backend/handler.(*StudentHandler).List-fm (3 handlers)
[GIN-debug] GET    /api/v1/students/:id      --> backend/handler.(*StudentHandler).GetByID-fm (3 handlers)
[GIN-debug] PUT    /api/v1/students/:id      --> backend/handler.(*StudentHandler).Update-fm (3 handlers)
[GIN-debug] DELETE /api/v1/students/:id      --> backend/handler.(*StudentHandler).Delete-fm (3 handlers)
[GIN-debug] GET    /api/v1/students/:id/lessonList --> backend/handler.(*StudentHandler).GetLessonList-fm (3 handlers)
[GIN-debug] POST   /api/v1/lessons/          --> backend/handler.(*LessonHandler).Create-fm (3 handlers)
[GIN-debug] GET    /api/v1/lessons/          --> backend/handler.(*LessonHandler).List-fm (3 handlers)
[GIN-debug] GET    /api/v1/lessons/:id       --> backend/handler.(*LessonHandler).GetByID-fm (3 handlers)
[GIN-debug] PUT    /api/v1/lessons/:id       --> backend/handler.(*LessonHandler).Update-fm (3 handlers)
[GIN-debug] DELETE /api/v1/lessons/:id       --> backend/handler.(*LessonHandler).Delete-fm (3 handlers)
[GIN-debug] POST   /api/v1/lessons/joinLesson --> backend/handler.(*LessonHandler).JoinLesson-fm (3 handlers)
[GIN-debug] POST   /api/v1/lessons/cancelLesson --> backend/handler.(*LessonHandler).CancelLesson-fm (3 handlers)
[GIN-debug] GET    /api/v1/teachers/         --> backend/handler.(*TeacherHandler).List-fm (3 handlers)
[GIN-debug] GET    /api/v1/teachers/:id      --> backend/handler.(*TeacherHandler).GetByID-fm (3 handlers)
[GIN-debug] PUT    /api/v1/teachers/:id      --> backend/handler.(*TeacherHandler).Update-fm (3 handlers)
[GIN-debug] DELETE /api/v1/teachers/:id      --> backend/handler.(*TeacherHandler).Delete-fm (3 handlers)
[GIN-debug] GET    /api/v1/teachers/:id/lessonList --> backend/handler.(*TeacherHandler).GetLessonByID-fm (3 handlers)
[GIN-debug] [WARNING] You trusted all proxies, this is NOT safe. We recommend you to set a value.
Please check https://pkg.go.dev/github.com/gin-gonic/gin#readme-don-t-trust-all-proxies for details.
[GIN-debug] Listening and serving HTTP on :8080
router/router.go has changed
building...
running...
2026/08/12 14:38:56 &{localhost 8080 dev} &{user user1 3306 lesson db} &{redis 6379  0}
2026/08/12 14:38:56 init redis
2026/08/12 14:38:56 sql Open success
[GIN-debug] [WARNING] Running in "debug" mode. Switch to "release" mode in production.
 - using env:	export GIN_MODE=release
 - using code:	gin.SetMode(gin.ReleaseMode)

[GIN-debug] POST   /api/v1/teacher/login     --> backend/handler.(*AuthHandler).TeacherLogin-fm (2 handlers)
[GIN-debug] POST   /api/v1/student/login     --> backend/handler.(*AuthHandler).StudentLogin-fm (2 handlers)
[GIN-debug] POST   /api/v1/Logout            --> backend/handler.(*AuthHandler).Logout-fm (2 handlers)
[GIN-debug] POST   /api/v1/teacher/create    --> backend/handler.(*TeacherHandler).Create-fm (2 handlers)
[GIN-debug] POST   /api/v1/student/create    --> backend/handler.(*StudentHandler).Create-fm (2 handlers)
[GIN-debug] GET    /api/v1/students/         --> backend/handler.(*StudentHandler).List-fm (3 handlers)
[GIN-debug] GET    /api/v1/students/:id      --> backend/handler.(*StudentHandler).GetByID-fm (3 handlers)
[GIN-debug] PUT    /api/v1/students/:id      --> backend/handler.(*StudentHandler).Update-fm (3 handlers)
[GIN-debug] DELETE /api/v1/students/:id      --> backend/handler.(*StudentHandler).Delete-fm (3 handlers)
[GIN-debug] GET    /api/v1/students/:id/lessonList --> backend/handler.(*StudentHandler).GetLessonList-fm (3 handlers)
[GIN-debug] POST   /api/v1/lessons/          --> backend/handler.(*LessonHandler).Create-fm (3 handlers)
[GIN-debug] GET    /api/v1/lessons/          --> backend/handler.(*LessonHandler).List-fm (3 handlers)
[GIN-debug] GET    /api/v1/lessons/:id       --> backend/handler.(*LessonHandler).GetByID-fm (3 handlers)
[GIN-debug] PUT    /api/v1/lessons/:id       --> backend/handler.(*LessonHandler).Update-fm (3 handlers)
[GIN-debug] DELETE /api/v1/lessons/:id       --> backend/handler.(*LessonHandler).Delete-fm (3 handlers)
[GIN-debug] POST   /api/v1/lessons/joinLesson --> backend/handler.(*LessonHandler).JoinLesson-fm (3 handlers)
[GIN-debug] POST   /api/v1/lessons/cancelLesson --> backend/handler.(*LessonHandler).CancelLesson-fm (3 handlers)
[GIN-debug] GET    /api/v1/teachers/         --> backend/handler.(*TeacherHandler).List-fm (3 handlers)
[GIN-debug] GET    /api/v1/teachers/:id      --> backend/handler.(*TeacherHandler).GetByID-fm (3 handlers)
[GIN-debug] PUT    /api/v1/teachers/:id      --> backend/handler.(*TeacherHandler).Update-fm (3 handlers)
[GIN-debug] DELETE /api/v1/teachers/:id      --> backend/handler.(*TeacherHandler).Delete-fm (3 handlers)
[GIN-debug] GET    /api/v1/teachers/:id/lessonList --> backend/handler.(*TeacherHandler).GetLessonByID-fm (3 handlers)
[GIN-debug] [WARNING] You trusted all proxies, this is NOT safe. We recommend you to set a value.
Please check https://pkg.go.dev/github.com/gin-gonic/gin#readme-don-t-trust-all-proxies for details.
[GIN-debug] Listening and serving HTTP on :8080
2026/08/12 14:39:50 Checking session in Redis with key: lesson_session:6239597f8415e907be94c9ba38af0deb
2026/08/12 14:39:50 Checking session in Redis with key: lesson_session:6239597f8415e907be94c9ba38af0deb
router/router.go has changed
building...
router/router.go has changed
building...
running...
2026/08/12 14:39:51 &{localhost 8080 dev} &{user user1 3306 lesson db} &{redis 6379  0}
2026/08/12 14:39:51 init redis
2026/08/12 14:39:51 sql Open success
[GIN-debug] [WARNING] Running in "debug" mode. Switch to "release" mode in production.
 - using env:	export GIN_MODE=release
 - using code:	gin.SetMode(gin.ReleaseMode)

[GIN-debug] POST   /api/v1/teacher/login     --> backend/handler.(*AuthHandler).TeacherLogin-fm (2 handlers)
[GIN-debug] POST   /api/v1/student/login     --> backend/handler.(*AuthHandler).StudentLogin-fm (2 handlers)
[GIN-debug] POST   /api/v1/Logout            --> backend/handler.(*AuthHandler).Logout-fm (2 handlers)
[GIN-debug] POST   /api/v1/teacher/create    --> backend/handler.(*TeacherHandler).Create-fm (2 handlers)
[GIN-debug] POST   /api/v1/student/create    --> backend/handler.(*StudentHandler).Create-fm (2 handlers)
[GIN-debug] GET    /api/v1/students/         --> backend/handler.(*StudentHandler).List-fm (3 handlers)
[GIN-debug] GET    /api/v1/students/:id      --> backend/handler.(*StudentHandler).GetByID-fm (3 handlers)
[GIN-debug] PUT    /api/v1/students/:id      --> backend/handler.(*StudentHandler).Update-fm (3 handlers)
[GIN-debug] DELETE /api/v1/students/:id      --> backend/handler.(*StudentHandler).Delete-fm (3 handlers)
[GIN-debug] GET    /api/v1/students/:id/lessonList --> backend/handler.(*StudentHandler).GetLessonList-fm (3 handlers)
[GIN-debug] POST   /api/v1/lessons/          --> backend/handler.(*LessonHandler).Create-fm (3 handlers)
[GIN-debug] GET    /api/v1/lessons/          --> backend/handler.(*LessonHandler).List-fm (3 handlers)
[GIN-debug] GET    /api/v1/lessons/:id       --> backend/handler.(*LessonHandler).GetByID-fm (3 handlers)
[GIN-debug] PUT    /api/v1/lessons/:id       --> backend/handler.(*LessonHandler).Update-fm (3 handlers)
[GIN-debug] DELETE /api/v1/lessons/:id       --> backend/handler.(*LessonHandler).Delete-fm (3 handlers)
[GIN-debug] POST   /api/v1/lessons/joinLesson --> backend/handler.(*LessonHandler).JoinLesson-fm (3 handlers)
[GIN-debug] POST   /api/v1/lessons/cancelLesson --> backend/handler.(*LessonHandler).CancelLesson-fm (3 handlers)
[GIN-debug] GET    /api/v1/teachers/         --> backend/handler.(*TeacherHandler).List-fm (3 handlers)
[GIN-debug] GET    /api/v1/teachers/:id      --> backend/handler.(*TeacherHandler).GetByID-fm (3 handlers)
[GIN-debug] PUT    /api/v1/teachers/:id      --> backend/handler.(*TeacherHandler).Update-fm (3 handlers)
[GIN-debug] DELETE /api/v1/teachers/:id      --> backend/handler.(*TeacherHandler).Delete-fm (3 handlers)
[GIN-debug] GET    /api/v1/teachers/:id/lessonList --> backend/handler.(*TeacherHandler).SearchLessonByTeacherID-fm (3 handlers)
[GIN-debug] [WARNING] You trusted all proxies, this is NOT safe. We recommend you to set a value.
Please check https://pkg.go.dev/github.com/gin-gonic/gin#readme-don-t-trust-all-proxies for details.
[GIN-debug] Listening and serving HTTP on :8080
running...
2026/08/12 14:39:52 &{localhost 8080 dev} &{user user1 3306 lesson db} &{redis 6379  0}
2026/08/12 14:39:52 init redis
2026/08/12 14:39:52 sql Open success
[GIN-debug] [WARNING] Running in "debug" mode. Switch to "release" mode in production.
 - using env:	export GIN_MODE=release
 - using code:	gin.SetMode(gin.ReleaseMode)

[GIN-debug] POST   /api/v1/teacher/login     --> backend/handler.(*AuthHandler).TeacherLogin-fm (2 handlers)
[GIN-debug] POST   /api/v1/student/login     --> backend/handler.(*AuthHandler).StudentLogin-fm (2 handlers)
[GIN-debug] POST   /api/v1/Logout            --> backend/handler.(*AuthHandler).Logout-fm (2 handlers)
[GIN-debug] POST   /api/v1/teacher/create    --> backend/handler.(*TeacherHandler).Create-fm (2 handlers)
[GIN-debug] POST   /api/v1/student/create    --> backend/handler.(*StudentHandler).Create-fm (2 handlers)
[GIN-debug] GET    /api/v1/students/         --> backend/handler.(*StudentHandler).List-fm (3 handlers)
[GIN-debug] GET    /api/v1/students/:id      --> backend/handler.(*StudentHandler).GetByID-fm (3 handlers)
[GIN-debug] PUT    /api/v1/students/:id      --> backend/handler.(*StudentHandler).Update-fm (3 handlers)
[GIN-debug] DELETE /api/v1/students/:id      --> backend/handler.(*StudentHandler).Delete-fm (3 handlers)
[GIN-debug] GET    /api/v1/students/:id/lessonList --> backend/handler.(*StudentHandler).GetLessonList-fm (3 handlers)
[GIN-debug] POST   /api/v1/lessons/          --> backend/handler.(*LessonHandler).Create-fm (3 handlers)
[GIN-debug] GET    /api/v1/lessons/          --> backend/handler.(*LessonHandler).List-fm (3 handlers)
[GIN-debug] GET    /api/v1/lessons/:id       --> backend/handler.(*LessonHandler).GetByID-fm (3 handlers)
[GIN-debug] PUT    /api/v1/lessons/:id       --> backend/handler.(*LessonHandler).Update-fm (3 handlers)
[GIN-debug] DELETE /api/v1/lessons/:id       --> backend/handler.(*LessonHandler).Delete-fm (3 handlers)
[GIN-debug] POST   /api/v1/lessons/joinLesson --> backend/handler.(*LessonHandler).JoinLesson-fm (3 handlers)
[GIN-debug] POST   /api/v1/lessons/cancelLesson --> backend/handler.(*LessonHandler).CancelLesson-fm (3 handlers)
[GIN-debug] GET    /api/v1/teachers/         --> backend/handler.(*TeacherHandler).List-fm (3 handlers)
[GIN-debug] GET    /api/v1/teachers/:id      --> backend/handler.(*TeacherHandler).GetByID-fm (3 handlers)
[GIN-debug] PUT    /api/v1/teachers/:id      --> backend/handler.(*TeacherHandler).Update-fm (3 handlers)
[GIN-debug] DELETE /api/v1/teachers/:id      --> backend/handler.(*TeacherHandler).Delete-fm (3 handlers)
[GIN-debug] GET    /api/v1/teachers/:id/lessonList --> backend/handler.(*TeacherHandler).SearchLessonByTeacherID-fm (3 handlers)
[GIN-debug] [WARNING] You trusted all proxies, this is NOT safe. We recommend you to set a value.
Please check https://pkg.go.dev/github.com/gin-gonic/gin#readme-don-t-trust-all-proxies for details.
[GIN-debug] Listening and serving HTTP on :8080
services/teacher_service.go has changed
building...
running...
2026/08/12 14:40:35 &{localhost 8080 dev} &{user user1 3306 lesson db} &{redis 6379  0}
2026/08/12 14:40:35 init redis
2026/08/12 14:40:35 sql Open success
[GIN-debug] [WARNING] Running in "debug" mode. Switch to "release" mode in production.
 - using env:	export GIN_MODE=release
 - using code:	gin.SetMode(gin.ReleaseMode)

[GIN-debug] POST   /api/v1/teacher/login     --> backend/handler.(*AuthHandler).TeacherLogin-fm (2 handlers)
[GIN-debug] POST   /api/v1/student/login     --> backend/handler.(*AuthHandler).StudentLogin-fm (2 handlers)
[GIN-debug] POST   /api/v1/Logout            --> backend/handler.(*AuthHandler).Logout-fm (2 handlers)
[GIN-debug] POST   /api/v1/teacher/create    --> backend/handler.(*TeacherHandler).Create-fm (2 handlers)
[GIN-debug] POST   /api/v1/student/create    --> backend/handler.(*StudentHandler).Create-fm (2 handlers)
[GIN-debug] GET    /api/v1/students/         --> backend/handler.(*StudentHandler).List-fm (3 handlers)
[GIN-debug] GET    /api/v1/students/:id      --> backend/handler.(*StudentHandler).GetByID-fm (3 handlers)
[GIN-debug] PUT    /api/v1/students/:id      --> backend/handler.(*StudentHandler).Update-fm (3 handlers)
[GIN-debug] DELETE /api/v1/students/:id      --> backend/handler.(*StudentHandler).Delete-fm (3 handlers)
[GIN-debug] GET    /api/v1/students/:id/lessonList --> backend/handler.(*StudentHandler).GetLessonList-fm (3 handlers)
[GIN-debug] POST   /api/v1/lessons/          --> backend/handler.(*LessonHandler).Create-fm (3 handlers)
[GIN-debug] GET    /api/v1/lessons/          --> backend/handler.(*LessonHandler).List-fm (3 handlers)
[GIN-debug] GET    /api/v1/lessons/:id       --> backend/handler.(*LessonHandler).GetByID-fm (3 handlers)
[GIN-debug] PUT    /api/v1/lessons/:id       --> backend/handler.(*LessonHandler).Update-fm (3 handlers)
[GIN-debug] DELETE /api/v1/lessons/:id       --> backend/handler.(*LessonHandler).Delete-fm (3 handlers)
[GIN-debug] POST   /api/v1/lessons/joinLesson --> backend/handler.(*LessonHandler).JoinLesson-fm (3 handlers)
[GIN-debug] POST   /api/v1/lessons/cancelLesson --> backend/handler.(*LessonHandler).CancelLesson-fm (3 handlers)
[GIN-debug] GET    /api/v1/teachers/         --> backend/handler.(*TeacherHandler).List-fm (3 handlers)
[GIN-debug] GET    /api/v1/teachers/:id      --> backend/handler.(*TeacherHandler).GetByID-fm (3 handlers)
[GIN-debug] PUT    /api/v1/teachers/:id      --> backend/handler.(*TeacherHandler).Update-fm (3 handlers)
[GIN-debug] DELETE /api/v1/teachers/:id      --> backend/handler.(*TeacherHandler).Delete-fm (3 handlers)
[GIN-debug] GET    /api/v1/teachers/:id/lessonList --> backend/handler.(*TeacherHandler).SearchLessonByTeacherID-fm (3 handlers)
[GIN-debug] [WARNING] You trusted all proxies, this is NOT safe. We recommend you to set a value.
Please check https://pkg.go.dev/github.com/gin-gonic/gin#readme-don-t-trust-all-proxies for details.
[GIN-debug] Listening and serving HTTP on :8080
services/lesson_service.go has changed
building...
running...
2026/08/12 14:41:52 &{localhost 8080 dev} &{user user1 3306 lesson db} &{redis 6379  0}
2026/08/12 14:41:52 init redis
2026/08/12 14:41:52 sql Open success
[GIN-debug] GET    /api/v1/lessons/          --> backend/handler.(*LessonHandler).List-fm (3 handlers)
[GIN-debug] GET    /api/v1/lessons/:id       --> backend/handler.(*LessonHandler).GetByID-fm (3 handlers)
[GIN-debug] PUT    /api/v1/lessons/:id       --> backend/handler.(*LessonHandler).Update-fm (3 handlers)
[GIN-debug] DELETE /api/v1/lessons/:id       --> backend/handler.(*LessonHandler).Delete-fm (3 handlers)
[GIN-debug] POST   /api/v1/lessons/joinLesson --> backend/handler.(*LessonHandler).JoinLesson-fm (3 handlers)
[GIN-debug] POST   /api/v1/lessons/cancelLesson --> backend/handler.(*LessonHandler).CancelLesson-fm (3 handlers)
[GIN-debug] GET    /api/v1/teachers/         --> backend/handler.(*TeacherHandler).List-fm (3 handlers)
[GIN-debug] GET    /api/v1/teachers/:id      --> backend/handler.(*TeacherHandler).GetByID-fm (3 handlers)
[GIN-debug] PUT    /api/v1/teachers/:id      --> backend/handler.(*TeacherHandler).Update-fm (3 handlers)
[GIN-debug] DELETE /api/v1/teachers/:id      --> backend/handler.(*TeacherHandler).Delete-fm (3 handlers)
[GIN-debug] [WARNING] Running in "debug" mode. Switch to "release" mode in production.
 - using env:	export GIN_MODE=release
 - using code:	gin.SetMode(gin.ReleaseMode)

[GIN-debug] POST   /api/v1/teacher/login     --> backend/handler.(*AuthHandler).TeacherLogin-fm (2 handlers)
[GIN-debug] POST   /api/v1/student/login     --> backend/handler.(*AuthHandler).StudentLogin-fm (2 handlers)
[GIN-debug] POST   /api/v1/Logout            --> backend/handler.(*AuthHandler).Logout-fm (2 handlers)
[GIN-debug] POST   /api/v1/teacher/create    --> backend/handler.(*TeacherHandler).Create-fm (2 handlers)
[GIN-debug] POST   /api/v1/student/create    --> backend/handler.(*StudentHandler).Create-fm (2 handlers)
[GIN-debug] GET    /api/v1/students/         --> backend/handler.(*StudentHandler).List-fm (3 handlers)
[GIN-debug] GET    /api/v1/students/:id      --> backend/handler.(*StudentHandler).GetByID-fm (3 handlers)
[GIN-debug] PUT    /api/v1/students/:id      --> backend/handler.(*StudentHandler).Update-fm (3 handlers)
[GIN-debug] DELETE /api/v1/students/:id      --> backend/handler.(*StudentHandler).Delete-fm (3 handlers)
[GIN-debug] GET    /api/v1/students/:id/lessonList --> backend/handler.(*StudentHandler).GetLessonList-fm (3 handlers)
[GIN-debug] POST   /api/v1/lessons/          --> backend/handler.(*LessonHandler).Create-fm (3 handlers)
[GIN-debug] GET    /api/v1/teachers/:id/lessonList --> backend/handler.(*TeacherHandler).SearchLessonByTeacherID-fm (3 handlers)
[GIN-debug] [WARNING] You trusted all proxies, this is NOT safe. We recommend you to set a value.
Please check https://pkg.go.dev/github.com/gin-gonic/gin#readme-don-t-trust-all-proxies for details.
[GIN-debug] Listening and serving HTTP on :8080
2026/08/12 14:41:55 Checking session in Redis with key: lesson_session:6239597f8415e907be94c9ba38af0deb
2026/08/12 14:41:55 Checking session in Redis with key: lesson_session:6239597f8415e907be94c9ba38af0deb
services/lesson_service.go has changed
building...
running...
2026/08/12 14:42:29 &{localhost 8080 dev} &{user user1 3306 lesson db} &{redis 6379  0}
2026/08/12 14:42:29 init redis
2026/08/12 14:42:29 sql Open success
[GIN-debug] [WARNING] Running in "debug" mode. Switch to "release" mode in production.
 - using env:	export GIN_MODE=release
 - using code:	gin.SetMode(gin.ReleaseMode)

[GIN-debug] POST   /api/v1/teacher/login     --> backend/handler.(*AuthHandler).TeacherLogin-fm (2 handlers)
[GIN-debug] POST   /api/v1/student/login     --> backend/handler.(*AuthHandler).StudentLogin-fm (2 handlers)
[GIN-debug] POST   /api/v1/Logout            --> backend/handler.(*AuthHandler).Logout-fm (2 handlers)
[GIN-debug] POST   /api/v1/teacher/create    --> backend/handler.(*TeacherHandler).Create-fm (2 handlers)
[GIN-debug] POST   /api/v1/student/create    --> backend/handler.(*StudentHandler).Create-fm (2 handlers)
[GIN-debug] GET    /api/v1/students/         --> backend/handler.(*StudentHandler).List-fm (3 handlers)
[GIN-debug] GET    /api/v1/students/:id      --> backend/handler.(*StudentHandler).GetByID-fm (3 handlers)
[GIN-debug] PUT    /api/v1/students/:id      --> backend/handler.(*StudentHandler).Update-fm (3 handlers)
[GIN-debug] DELETE /api/v1/students/:id      --> backend/handler.(*StudentHandler).Delete-fm (3 handlers)
[GIN-debug] GET    /api/v1/students/:id/lessonList --> backend/handler.(*StudentHandler).GetLessonList-fm (3 handlers)
[GIN-debug] POST   /api/v1/lessons/          --> backend/handler.(*LessonHandler).Create-fm (3 handlers)
[GIN-debug] GET    /api/v1/lessons/          --> backend/handler.(*LessonHandler).List-fm (3 handlers)
[GIN-debug] GET    /api/v1/lessons/:id       --> backend/handler.(*LessonHandler).GetByID-fm (3 handlers)
[GIN-debug] PUT    /api/v1/lessons/:id       --> backend/handler.(*LessonHandler).Update-fm (3 handlers)
[GIN-debug] DELETE /api/v1/lessons/:id       --> backend/handler.(*LessonHandler).Delete-fm (3 handlers)
[GIN-debug] POST   /api/v1/lessons/joinLesson --> backend/handler.(*LessonHandler).JoinLesson-fm (3 handlers)
[GIN-debug] POST   /api/v1/lessons/cancelLesson --> backend/handler.(*LessonHandler).CancelLesson-fm (3 handlers)
[GIN-debug] GET    /api/v1/teachers/         --> backend/handler.(*TeacherHandler).List-fm (3 handlers)
[GIN-debug] GET    /api/v1/teachers/:id      --> backend/handler.(*TeacherHandler).GetByID-fm (3 handlers)
[GIN-debug] PUT    /api/v1/teachers/:id      --> backend/handler.(*TeacherHandler).Update-fm (3 handlers)
[GIN-debug] DELETE /api/v1/teachers/:id      --> backend/handler.(*TeacherHandler).Delete-fm (3 handlers)
[GIN-debug] GET    /api/v1/teachers/:id/lessonList --> backend/handler.(*TeacherHandler).SearchLessonByTeacherID-fm (3 handlers)
[GIN-debug] [WARNING] You trusted all proxies, this is NOT safe. We recommend you to set a value.
Please check https://pkg.go.dev/github.com/gin-gonic/gin#readme-don-t-trust-all-proxies for details.
[GIN-debug] Listening and serving HTTP on :8080
services/lesson_service.go has changed
building...
running...
2026/08/12 14:42:31 &{localhost 8080 dev} &{user user1 3306 lesson db} &{redis 6379  0}
2026/08/12 14:42:31 init redis
2026/08/12 14:42:31 sql Open success
[GIN-debug] [WARNING] Running in "debug" mode. Switch to "release" mode in production.
 - using env:	export GIN_MODE=release
 - using code:	gin.SetMode(gin.ReleaseMode)

[GIN-debug] POST   /api/v1/teacher/login     --> backend/handler.(*AuthHandler).TeacherLogin-fm (2 handlers)
[GIN-debug] POST   /api/v1/student/login     --> backend/handler.(*AuthHandler).StudentLogin-fm (2 handlers)
[GIN-debug] POST   /api/v1/Logout            --> backend/handler.(*AuthHandler).Logout-fm (2 handlers)
[GIN-debug] POST   /api/v1/teacher/create    --> backend/handler.(*TeacherHandler).Create-fm (2 handlers)
[GIN-debug] POST   /api/v1/student/create    --> backend/handler.(*StudentHandler).Create-fm (2 handlers)
[GIN-debug] GET    /api/v1/students/         --> backend/handler.(*StudentHandler).List-fm (3 handlers)
[GIN-debug] GET    /api/v1/students/:id      --> backend/handler.(*StudentHandler).GetByID-fm (3 handlers)
[GIN-debug] PUT    /api/v1/students/:id      --> backend/handler.(*StudentHandler).Update-fm (3 handlers)
[GIN-debug] DELETE /api/v1/students/:id      --> backend/handler.(*StudentHandler).Delete-fm (3 handlers)
[GIN-debug] GET    /api/v1/students/:id/lessonList --> backend/handler.(*StudentHandler).GetLessonList-fm (3 handlers)
[GIN-debug] POST   /api/v1/lessons/          --> backend/handler.(*LessonHandler).Create-fm (3 handlers)
[GIN-debug] GET    /api/v1/lessons/          --> backend/handler.(*LessonHandler).List-fm (3 handlers)
[GIN-debug] GET    /api/v1/lessons/:id       --> backend/handler.(*LessonHandler).GetByID-fm (3 handlers)
[GIN-debug] PUT    /api/v1/lessons/:id       --> backend/handler.(*LessonHandler).Update-fm (3 handlers)
[GIN-debug] DELETE /api/v1/lessons/:id       --> backend/handler.(*LessonHandler).Delete-fm (3 handlers)
[GIN-debug] POST   /api/v1/lessons/joinLesson --> backend/handler.(*LessonHandler).JoinLesson-fm (3 handlers)
[GIN-debug] POST   /api/v1/lessons/cancelLesson --> backend/handler.(*LessonHandler).CancelLesson-fm (3 handlers)
[GIN-debug] GET    /api/v1/teachers/         --> backend/handler.(*TeacherHandler).List-fm (3 handlers)
[GIN-debug] GET    /api/v1/teachers/:id      --> backend/handler.(*TeacherHandler).GetByID-fm (3 handlers)
[GIN-debug] PUT    /api/v1/teachers/:id      --> backend/handler.(*TeacherHandler).Update-fm (3 handlers)
[GIN-debug] DELETE /api/v1/teachers/:id      --> backend/handler.(*TeacherHandler).Delete-fm (3 handlers)
[GIN-debug] GET    /api/v1/teachers/:id/lessonList --> backend/handler.(*TeacherHandler).SearchLessonByTeacherID-fm (3 handlers)
[GIN-debug] [WARNING] You trusted all proxies, this is NOT safe. We recommend you to set a value.
Please check https://pkg.go.dev/github.com/gin-gonic/gin#readme-don-t-trust-all-proxies for details.
[GIN-debug] Listening and serving HTTP on :8080
2026/08/12 14:42:31 Checking session in Redis with key: lesson_session:6239597f8415e907be94c9ba38af0deb
2026/08/12 14:42:31 Checking session in Redis with key: lesson_session:6239597f8415e907be94c9ba38af0deb
services/lesson_service.go has changed
building...
running...
2026/08/12 14:42:42 &{localhost 8080 dev} &{user user1 3306 lesson db} &{redis 6379  0}
2026/08/12 14:42:42 init redis
2026/08/12 14:42:42 sql Open success
[GIN-debug] GET    /api/v1/students/:id      --> backend/handler.(*StudentHandler).GetByID-fm (3 handlers)
[GIN-debug] PUT    /api/v1/students/:id      --> backend/handler.(*StudentHandler).Update-fm (3 handlers)
[GIN-debug] DELETE /api/v1/students/:id      --> backend/handler.(*StudentHandler).Delete-fm (3 handlers)
[GIN-debug] GET    /api/v1/students/:id/lessonList --> backend/handler.(*StudentHandler).GetLessonList-fm (3 handlers)
[GIN-debug] POST   /api/v1/lessons/          --> backend/handler.(*LessonHandler).Create-fm (3 handlers)
[GIN-debug] GET    /api/v1/lessons/          --> backend/handler.(*LessonHandler).List-fm (3 handlers)
[GIN-debug] GET    /api/v1/lessons/:id       --> backend/handler.(*LessonHandler).GetByID-fm (3 handlers)
[GIN-debug] PUT    /api/v1/lessons/:id       --> backend/handler.(*LessonHandler).Update-fm (3 handlers)
[GIN-debug] DELETE /api/v1/lessons/:id       --> backend/handler.(*LessonHandler).Delete-fm (3 handlers)
[GIN-debug] POST   /api/v1/lessons/joinLesson --> backend/handler.(*LessonHandler).JoinLesson-fm (3 handlers)
[GIN-debug] POST   /api/v1/lessons/cancelLesson --> backend/handler.(*LessonHandler).CancelLesson-fm (3 handlers)
[GIN-debug] GET    /api/v1/teachers/         --> backend/handler.(*TeacherHandler).List-fm (3 handlers)
[GIN-debug] GET    /api/v1/teachers/:id      --> backend/handler.(*TeacherHandler).GetByID-fm (3 handlers)
[GIN-debug] PUT    /api/v1/teachers/:id      --> backend/handler.(*TeacherHandler).Update-fm (3 handlers)
[GIN-debug] DELETE /api/v1/teachers/:id      --> backend/handler.(*TeacherHandler).Delete-fm (3 handlers)
[GIN-debug] GET    /api/v1/teachers/:id/lessonList --> backend/handler.(*TeacherHandler).SearchLessonByTeacherID-fm (3 handlers)
[GIN-debug] [WARNING] You trusted all proxies, this is NOT safe. We recommend you to set a value.
Please check https://pkg.go.dev/github.com/gin-gonic/gin#readme-don-t-trust-all-proxies for details.
[GIN-debug] Listening and serving HTTP on :8080
[GIN-debug] [WARNING] Running in "debug" mode. Switch to "release" mode in production.
 - using env:	export GIN_MODE=release
 - using code:	gin.SetMode(gin.ReleaseMode)

[GIN-debug] POST   /api/v1/teacher/login     --> backend/handler.(*AuthHandler).TeacherLogin-fm (2 handlers)
[GIN-debug] POST   /api/v1/student/login     --> backend/handler.(*AuthHandler).StudentLogin-fm (2 handlers)
[GIN-debug] POST   /api/v1/Logout            --> backend/handler.(*AuthHandler).Logout-fm (2 handlers)
[GIN-debug] POST   /api/v1/teacher/create    --> backend/handler.(*TeacherHandler).Create-fm (2 handlers)
[GIN-debug] POST   /api/v1/student/create    --> backend/handler.(*StudentHandler).Create-fm (2 handlers)
[GIN-debug] GET    /api/v1/students/         --> backend/handler.(*StudentHandler).List-fm (3 handlers)
2026/08/12 14:42:52 Checking session in Redis with key: lesson_session:6239597f8415e907be94c9ba38af0deb
2026/08/12 14:42:52 Checking session in Redis with key: lesson_session:6239597f8415e907be94c9ba38af0deb
2026/08/12 14:45:29 Checking session in Redis with key: lesson_session:ec9b3c0b28066614cddc4e6724870f91
2026/08/12 14:45:29 Checking session in Redis with key: lesson_session:ec9b3c0b28066614cddc4e6724870f91
2026/08/12 14:45:33 Checking session in Redis with key: lesson_session:6239597f8415e907be94c9ba38af0deb
2026/08/12 14:45:33 Checking session in Redis with key: lesson_session:6239597f8415e907be94c9ba38af0deb
2026/08/12 14:45:36 Checking session in Redis with key: lesson_session:ec9b3c0b28066614cddc4e6724870f91
2026/08/12 14:45:36 Checking session in Redis with key: lesson_session:ec9b3c0b28066614cddc4e6724870f91
2026/08/12 14:48:07 Checking session in Redis with key: lesson_session:6239597f8415e907be94c9ba38af0deb

2026/08/12 14:48:08 [31;1m/app/services/teacher_service.go:73 [35;1mLessons: unsupported relations for schema Teacher
[0m[33m[0.420ms] [34;1m[rows:1][0m SELECT * FROM `teachers` WHERE `teachers`.`id` = 1 ORDER BY `teachers`.`id` LIMIT 1
2026/08/12 14:48:08 Checking session in Redis with key: lesson_session:6239597f8415e907be94c9ba38af0deb

2026/08/12 14:48:08 [31;1m/app/services/teacher_service.go:73 [35;1mLessons: unsupported relations for schema Teacher
[0m[33m[0.458ms] [34;1m[rows:1][0m SELECT * FROM `teachers` WHERE `teachers`.`id` = 1 ORDER BY `teachers`.`id` LIMIT 1
2026/08/12 14:48:11 Checking session in Redis with key: lesson_session:6239597f8415e907be94c9ba38af0deb

2026/08/12 14:48:11 [31;1m/app/services/teacher_service.go:73 [35;1mLessons: unsupported relations for schema Teacher
[0m[33m[0.445ms] [34;1m[rows:1][0m SELECT * FROM `teachers` WHERE `teachers`.`id` = 1 ORDER BY `teachers`.`id` LIMIT 1
2026/08/12 14:48:11 Checking session in Redis with key: lesson_session:6239597f8415e907be94c9ba38af0deb

2026/08/12 14:48:11 [31;1m/app/services/teacher_service.go:73 [35;1mLessons: unsupported relations for schema Teacher
[0m[33m[0.449ms] [34;1m[rows:1][0m SELECT * FROM `teachers` WHERE `teachers`.`id` = 1 ORDER BY `teachers`.`id` LIMIT 1
2026/08/12 14:48:18 Checking session in Redis with key: lesson_session:6239597f8415e907be94c9ba38af0deb
2026/08/12 14:48:18 Checking session in Redis with key: lesson_session:6239597f8415e907be94c9ba38af0deb
2026/08/12 14:48:20 Checking session in Redis with key: lesson_session:6239597f8415e907be94c9ba38af0deb

2026/08/12 14:48:20 [31;1m/app/services/teacher_service.go:73 [35;1mLessons: unsupported relations for schema Teacher
[0m[33m[0.413ms] [34;1m[rows:1][0m SELECT * FROM `teachers` WHERE `teachers`.`id` = 1 ORDER BY `teachers`.`id` LIMIT 1
2026/08/12 14:48:20 Checking session in Redis with key: lesson_session:6239597f8415e907be94c9ba38af0deb

2026/08/12 14:48:20 [31;1m/app/services/teacher_service.go:73 [35;1mLessons: unsupported relations for schema Teacher
[0m[33m[0.425ms] [34;1m[rows:1][0m SELECT * FROM `teachers` WHERE `teachers`.`id` = 1 ORDER BY `teachers`.`id` LIMIT 1
2026/08/12 14:51:59 Checking session in Redis with key: lesson_session:6239597f8415e907be94c9ba38af0deb

2026/08/12 14:51:59 [31;1m/app/services/teacher_service.go:73 [35;1mLessons: unsupported relations for schema Teacher
[0m[33m[0.406ms] [34;1m[rows:1][0m SELECT * FROM `teachers` WHERE `teachers`.`id` = 1 ORDER BY `teachers`.`id` LIMIT 1
2026/08/12 14:51:59 Checking session in Redis with key: lesson_session:6239597f8415e907be94c9ba38af0deb

2026/08/12 14:51:59 [31;1m/app/services/teacher_service.go:73 [35;1mLessons: unsupported relations for schema Teacher
[0m[33m[0.449ms] [34;1m[rows:1][0m SELECT * FROM `teachers` WHERE `teachers`.`id` = 1 ORDER BY `teachers`.`id` LIMIT 1
services/teacher_service.go has changed
building...
running...
2026/08/12 14:52:45 &{localhost 8080 dev} &{user user1 3306 lesson db} &{redis 6379  0}
2026/08/12 14:52:45 init redis
2026/08/12 14:52:45 sql Open success
[GIN-debug] [WARNING] Running in "debug" mode. Switch to "release" mode in production.
 - using env:	export GIN_MODE=release
 - using code:	gin.SetMode(gin.ReleaseMode)

[GIN-debug] POST   /api/v1/teacher/login     --> backend/handler.(*AuthHandler).TeacherLogin-fm (2 handlers)
[GIN-debug] POST   /api/v1/student/login     --> backend/handler.(*AuthHandler).StudentLogin-fm (2 handlers)
[GIN-debug] POST   /api/v1/Logout            --> backend/handler.(*AuthHandler).Logout-fm (2 handlers)
[GIN-debug] POST   /api/v1/teacher/create    --> backend/handler.(*TeacherHandler).Create-fm (2 handlers)
[GIN-debug] POST   /api/v1/student/create    --> backend/handler.(*StudentHandler).Create-fm (2 handlers)
[GIN-debug] GET    /api/v1/students/         --> backend/handler.(*StudentHandler).List-fm (3 handlers)
[GIN-debug] GET    /api/v1/students/:id      --> backend/handler.(*StudentHandler).GetByID-fm (3 handlers)
[GIN-debug] PUT    /api/v1/students/:id      --> backend/handler.(*StudentHandler).Update-fm (3 handlers)
[GIN-debug] DELETE /api/v1/students/:id      --> backend/handler.(*StudentHandler).Delete-fm (3 handlers)
[GIN-debug] GET    /api/v1/students/:id/lessonList --> backend/handler.(*StudentHandler).GetLessonList-fm (3 handlers)
[GIN-debug] POST   /api/v1/lessons/          --> backend/handler.(*LessonHandler).Create-fm (3 handlers)
[GIN-debug] GET    /api/v1/lessons/          --> backend/handler.(*LessonHandler).List-fm (3 handlers)
[GIN-debug] GET    /api/v1/lessons/:id       --> backend/handler.(*LessonHandler).GetByID-fm (3 handlers)
[GIN-debug] PUT    /api/v1/lessons/:id       --> backend/handler.(*LessonHandler).Update-fm (3 handlers)
[GIN-debug] DELETE /api/v1/lessons/:id       --> backend/handler.(*LessonHandler).Delete-fm (3 handlers)
[GIN-debug] POST   /api/v1/lessons/joinLesson --> backend/handler.(*LessonHandler).JoinLesson-fm (3 handlers)
[GIN-debug] POST   /api/v1/lessons/cancelLesson --> backend/handler.(*LessonHandler).CancelLesson-fm (3 handlers)
[GIN-debug] GET    /api/v1/teachers/         --> backend/handler.(*TeacherHandler).List-fm (3 handlers)
[GIN-debug] GET    /api/v1/teachers/:id      --> backend/handler.(*TeacherHandler).GetByID-fm (3 handlers)
[GIN-debug] PUT    /api/v1/teachers/:id      --> backend/handler.(*TeacherHandler).Update-fm (3 handlers)
[GIN-debug] DELETE /api/v1/teachers/:id      --> backend/handler.(*TeacherHandler).Delete-fm (3 handlers)
[GIN-debug] GET    /api/v1/teachers/:id/lessonList --> backend/handler.(*TeacherHandler).SearchLessonByTeacherID-fm (3 handlers)
[GIN-debug] [WARNING] You trusted all proxies, this is NOT safe. We recommend you to set a value.
Please check https://pkg.go.dev/github.com/gin-gonic/gin#readme-don-t-trust-all-proxies for details.
[GIN-debug] Listening and serving HTTP on :8080
2026/08/12 14:52:45 Checking session in Redis with key: lesson_session:6239597f8415e907be94c9ba38af0deb
2026/08/12 14:52:45 Checking session in Redis with key: lesson_session:6239597f8415e907be94c9ba38af0deb
2026/08/12 14:52:49 Checking session in Redis with key: lesson_session:6239597f8415e907be94c9ba38af0deb
2026/08/12 14:52:49 Checking session in Redis with key: lesson_session:6239597f8415e907be94c9ba38af0deb
2026/08/12 14:54:47 Checking session in Redis with key: lesson_session:6239597f8415e907be94c9ba38af0deb
2026/08/12 14:54:47 Checking session in Redis with key: lesson_session:6239597f8415e907be94c9ba38af0deb
2026/08/12 15:02:53 Checking session in Redis with key: lesson_session:6239597f8415e907be94c9ba38af0deb
2026/08/12 15:02:53 Checking session in Redis with key: lesson_session:6239597f8415e907be94c9ba38af0deb
2026/08/12 15:03:30 Checking session in Redis with key: lesson_session:6239597f8415e907be94c9ba38af0deb
2026/08/12 15:03:35 Checking session in Redis with key: lesson_session:6239597f8415e907be94c9ba38af0deb
2026/08/12 15:03:35 Checking session in Redis with key: lesson_session:6239597f8415e907be94c9ba38af0deb
2026/08/12 15:03:38 Checking session in Redis with key: lesson_session:6239597f8415e907be94c9ba38af0deb
2026/08/12 15:03:38 Checking session in Redis with key: lesson_session:6239597f8415e907be94c9ba38af0deb
Retrieved and deleted value: teacher:1
Retrieved and deleted value: student:2
models/teacher.go has changed
building...
running...
2026/08/12 15:07:26 &{localhost 8080 dev} &{user user1 3306 lesson db} &{redis 6379  0}
2026/08/12 15:07:26 init redis
2026/08/12 15:07:26 sql Open success
[GIN-debug] [WARNING] Running in "debug" mode. Switch to "release" mode in production.
 - using env:	export GIN_MODE=release
 - using code:	gin.SetMode(gin.ReleaseMode)

[GIN-debug] POST   /api/v1/teacher/login     --> backend/handler.(*AuthHandler).TeacherLogin-fm (2 handlers)
[GIN-debug] POST   /api/v1/student/login     --> backend/handler.(*AuthHandler).StudentLogin-fm (2 handlers)
[GIN-debug] POST   /api/v1/Logout            --> backend/handler.(*AuthHandler).Logout-fm (2 handlers)
[GIN-debug] POST   /api/v1/teacher/create    --> backend/handler.(*TeacherHandler).Create-fm (2 handlers)
[GIN-debug] POST   /api/v1/student/create    --> backend/handler.(*StudentHandler).Create-fm (2 handlers)
[GIN-debug] GET    /api/v1/students/         --> backend/handler.(*StudentHandler).List-fm (3 handlers)
[GIN-debug] GET    /api/v1/students/:id      --> backend/handler.(*StudentHandler).GetByID-fm (3 handlers)
[GIN-debug] PUT    /api/v1/students/:id      --> backend/handler.(*StudentHandler).Update-fm (3 handlers)
[GIN-debug] DELETE /api/v1/students/:id      --> backend/handler.(*StudentHandler).Delete-fm (3 handlers)
[GIN-debug] GET    /api/v1/students/:id/lessonList --> backend/handler.(*StudentHandler).GetLessonList-fm (3 handlers)
[GIN-debug] POST   /api/v1/lessons/          --> backend/handler.(*LessonHandler).Create-fm (3 handlers)
[GIN-debug] GET    /api/v1/lessons/          --> backend/handler.(*LessonHandler).List-fm (3 handlers)
[GIN-debug] GET    /api/v1/lessons/:id       --> backend/handler.(*LessonHandler).GetByID-fm (3 handlers)
[GIN-debug] PUT    /api/v1/lessons/:id       --> backend/handler.(*LessonHandler).Update-fm (3 handlers)
[GIN-debug] DELETE /api/v1/lessons/:id       --> backend/handler.(*LessonHandler).Delete-fm (3 handlers)
[GIN-debug] POST   /api/v1/lessons/joinLesson --> backend/handler.(*LessonHandler).JoinLesson-fm (3 handlers)
[GIN-debug] POST   /api/v1/lessons/cancelLesson --> backend/handler.(*LessonHandler).CancelLesson-fm (3 handlers)
[GIN-debug] GET    /api/v1/teachers/         --> backend/handler.(*TeacherHandler).List-fm (3 handlers)
[GIN-debug] GET    /api/v1/teachers/:id      --> backend/handler.(*TeacherHandler).GetByID-fm (3 handlers)
[GIN-debug] PUT    /api/v1/teachers/:id      --> backend/handler.(*TeacherHandler).Update-fm (3 handlers)
[GIN-debug] DELETE /api/v1/teachers/:id      --> backend/handler.(*TeacherHandler).Delete-fm (3 handlers)
[GIN-debug] GET    /api/v1/teachers/:id/lessonList --> backend/handler.(*TeacherHandler).SearchLessonByTeacherID-fm (3 handlers)
[GIN-debug] [WARNING] You trusted all proxies, this is NOT safe. We recommend you to set a value.
Please check https://pkg.go.dev/github.com/gin-gonic/gin#readme-don-t-trust-all-proxies for details.
[GIN-debug] Listening and serving HTTP on :8080
models/teacher.go has changed
building...
running...
2026/08/12 15:07:27 &{localhost 8080 dev} &{user user1 3306 lesson db} &{redis 6379  0}
2026/08/12 15:07:27 init redis
2026/08/12 15:07:27 sql Open success
[GIN-debug] [WARNING] Running in "debug" mode. Switch to "release" mode in production.
 - using env:	export GIN_MODE=release
 - using code:	gin.SetMode(gin.ReleaseMode)

[GIN-debug] POST   /api/v1/teacher/login     --> backend/handler.(*AuthHandler).TeacherLogin-fm (2 handlers)
[GIN-debug] POST   /api/v1/student/login     --> backend/handler.(*AuthHandler).StudentLogin-fm (2 handlers)
[GIN-debug] POST   /api/v1/Logout            --> backend/handler.(*AuthHandler).Logout-fm (2 handlers)
[GIN-debug] POST   /api/v1/teacher/create    --> backend/handler.(*TeacherHandler).Create-fm (2 handlers)
[GIN-debug] POST   /api/v1/student/create    --> backend/handler.(*StudentHandler).Create-fm (2 handlers)
[GIN-debug] GET    /api/v1/students/         --> backend/handler.(*StudentHandler).List-fm (3 handlers)
[GIN-debug] GET    /api/v1/students/:id      --> backend/handler.(*StudentHandler).GetByID-fm (3 handlers)
[GIN-debug] PUT    /api/v1/students/:id      --> backend/handler.(*StudentHandler).Update-fm (3 handlers)
[GIN-debug] DELETE /api/v1/students/:id      --> backend/handler.(*StudentHandler).Delete-fm (3 handlers)
[GIN-debug] GET    /api/v1/students/:id/lessonList --> backend/handler.(*StudentHandler).GetLessonList-fm (3 handlers)
[GIN-debug] POST   /api/v1/lessons/          --> backend/handler.(*LessonHandler).Create-fm (3 handlers)
[GIN-debug] GET    /api/v1/lessons/          --> backend/handler.(*LessonHandler).List-fm (3 handlers)
[GIN-debug] GET    /api/v1/lessons/:id       --> backend/handler.(*LessonHandler).GetByID-fm (3 handlers)
[GIN-debug] PUT    /api/v1/lessons/:id       --> backend/handler.(*LessonHandler).Update-fm (3 handlers)
[GIN-debug] DELETE /api/v1/lessons/:id       --> backend/handler.(*LessonHandler).Delete-fm (3 handlers)
[GIN-debug] POST   /api/v1/lessons/joinLesson --> backend/handler.(*LessonHandler).JoinLesson-fm (3 handlers)
[GIN-debug] POST   /api/v1/lessons/cancelLesson --> backend/handler.(*LessonHandler).CancelLesson-fm (3 handlers)
[GIN-debug] GET    /api/v1/teachers/         --> backend/handler.(*TeacherHandler).List-fm (3 handlers)
[GIN-debug] GET    /api/v1/teachers/:id      --> backend/handler.(*TeacherHandler).GetByID-fm (3 handlers)
[GIN-debug] PUT    /api/v1/teachers/:id      --> backend/handler.(*TeacherHandler).Update-fm (3 handlers)
[GIN-debug] DELETE /api/v1/teachers/:id      --> backend/handler.(*TeacherHandler).Delete-fm (3 handlers)
[GIN-debug] GET    /api/v1/teachers/:id/lessonList --> backend/handler.(*TeacherHandler).SearchLessonByTeacherID-fm (3 handlers)
[GIN-debug] [WARNING] You trusted all proxies, this is NOT safe. We recommend you to set a value.
Please check https://pkg.go.dev/github.com/gin-gonic/gin#readme-don-t-trust-all-proxies for details.
[GIN-debug] Listening and serving HTTP on :8080
models/student.go has changed
building...
running...
2026/08/12 15:07:35 &{localhost 8080 dev} &{user user1 3306 lesson db} &{redis 6379  0}
2026/08/12 15:07:35 init redis
2026/08/12 15:07:35 sql Open success
[GIN-debug] [WARNING] Running in "debug" mode. Switch to "release" mode in production.
 - using env:	export GIN_MODE=release
 - using code:	gin.SetMode(gin.ReleaseMode)

[GIN-debug] POST   /api/v1/teacher/login     --> backend/handler.(*AuthHandler).TeacherLogin-fm (2 handlers)
[GIN-debug] POST   /api/v1/student/login     --> backend/handler.(*AuthHandler).StudentLogin-fm (2 handlers)
[GIN-debug] POST   /api/v1/Logout            --> backend/handler.(*AuthHandler).Logout-fm (2 handlers)
[GIN-debug] POST   /api/v1/teacher/create    --> backend/handler.(*TeacherHandler).Create-fm (2 handlers)
[GIN-debug] POST   /api/v1/student/create    --> backend/handler.(*StudentHandler).Create-fm (2 handlers)
[GIN-debug] GET    /api/v1/students/         --> backend/handler.(*StudentHandler).List-fm (3 handlers)
[GIN-debug] GET    /api/v1/students/:id      --> backend/handler.(*StudentHandler).GetByID-fm (3 handlers)
[GIN-debug] PUT    /api/v1/students/:id      --> backend/handler.(*StudentHandler).Update-fm (3 handlers)
[GIN-debug] DELETE /api/v1/students/:id      --> backend/handler.(*StudentHandler).Delete-fm (3 handlers)
[GIN-debug] GET    /api/v1/students/:id/lessonList --> backend/handler.(*StudentHandler).GetLessonList-fm (3 handlers)
[GIN-debug] POST   /api/v1/lessons/          --> backend/handler.(*LessonHandler).Create-fm (3 handlers)
[GIN-debug] GET    /api/v1/lessons/          --> backend/handler.(*LessonHandler).List-fm (3 handlers)
[GIN-debug] GET    /api/v1/lessons/:id       --> backend/handler.(*LessonHandler).GetByID-fm (3 handlers)
[GIN-debug] PUT    /api/v1/lessons/:id       --> backend/handler.(*LessonHandler).Update-fm (3 handlers)
[GIN-debug] DELETE /api/v1/lessons/:id       --> backend/handler.(*LessonHandler).Delete-fm (3 handlers)
[GIN-debug] POST   /api/v1/lessons/joinLesson --> backend/handler.(*LessonHandler).JoinLesson-fm (3 handlers)
[GIN-debug] POST   /api/v1/lessons/cancelLesson --> backend/handler.(*LessonHandler).CancelLesson-fm (3 handlers)
[GIN-debug] GET    /api/v1/teachers/         --> backend/handler.(*TeacherHandler).List-fm (3 handlers)
[GIN-debug] GET    /api/v1/teachers/:id      --> backend/handler.(*TeacherHandler).GetByID-fm (3 handlers)
[GIN-debug] PUT    /api/v1/teachers/:id      --> backend/handler.(*TeacherHandler).Update-fm (3 handlers)
[GIN-debug] DELETE /api/v1/teachers/:id      --> backend/handler.(*TeacherHandler).Delete-fm (3 handlers)
[GIN-debug] GET    /api/v1/teachers/:id/lessonList --> backend/handler.(*TeacherHandler).SearchLessonByTeacherID-fm (3 handlers)
[GIN-debug] [WARNING] You trusted all proxies, this is NOT safe. We recommend you to set a value.
Please check https://pkg.go.dev/github.com/gin-gonic/gin#readme-don-t-trust-all-proxies for details.
[GIN-debug] Listening and serving HTTP on :8080
